Username,Video URL,Views,Likes,Comments,Favorites,Shares,Hook,Music,Caption,Face/Faceless,Video Language,Format Type,Hashtags,,hook                       nutella stuffed pancakes basic recipe'                  ,Frequency,,Frequency,,Frequency,,Frequency,,Frequency,,Frequency
Giorgiafitfood,https://www.tiktok.com/@giorgiafitfood/video/7202215743339973893,169200000,11000000,37700,2900000,953400,nutella Stuffed Pancakes Basic Recipe',Just The Two of Us,I’m obsessed! Recipe on IG giorgiapaino 🍫🥞💌   ,faceless,english,video,#nutella #nutellalover #pancake #nutellapancake,,chicken,34,faceless,386,#fyp,82,english,438,video,453,the,923
Brooke Schrempf-Dixon,https://www.tiktok.com/@aussiemumcooks/video/7234362898707975426,125800000,2700000,4616,197000,27300,1 staple ingredient 3 budget meals #3- Keens Curried Sausages',original sound,"Meal #3 of 3 from our 1 staple ingredient, 3 different budget meals that are all freezer & family friendly to help spread the cost of your groceries. Tonight is the well loved classic curried sausages.  @KEEN’S Australia ",faceless,english,video,#keenscurry #keenasmustard #keensbudgetdinner #ad,,my,30,face,98,#easyrecipe,62,russian,15,slideshow,32,and,776
Brooke Schrempf-Dixon,https://www.tiktok.com/@aussiemumcooks/video/7233252457072037122,108400000,1700000,2301,99100,12300,1 staple ingredient 3 budget meals #2- curry cottage pie',original sound,Episode 2 | Meal #2 of 3 Using 1 staple ingredient to make 3 different budget meals that are all freezer & family friendly to help spread the cost of your groceries. Our second dinner is: curry cottage pie.  @KEEN’S Australia ,faceless,english,video,#keenscurry #keenasmustard #keensbudgetdinner #ad,,to,29,#VALUE!,14,#recipe,57,#VALUE!,14,#VALUE!,14,to,522
Brooke Schrempf-Dixon,https://www.tiktok.com/@aussiemumcooks/video/7236175298067287297,105200000,3000000,5234,371100,55400,Under $10 dessert!! Aeroplane Jelly Flummery',original sound,Tonight’s $10 meal challenge is a dessert!  This old school flummery is a cheap and easy dessert that takes me back to my childhood. What’s even better is if you don’t want to garnish with cream and strawberries it’s only a $3.10 recipe for 8 servings.  @i_like_aeroplane_jelly ,faceless,english,video,#aeroplanejelly #jellygoodtimes #ad,,make,26,arabic,1,#food,47,spanish,7,format,1,a,469
Here’s Your Bite,https://www.tiktok.com/@heresyourbite/video/7468760085834075435,97500000,313900,1025,104500,39000,CHICKEN BROCCOLI RICE CASSEROLE,Intergalactic Janet,"Cheesy Chicken Broccoli Rice Casserole ❤️‍🔥 Made with @knorr Cheddar Broccoli Rice #KnorrPartner Here’s how to make it: 2 packages Knorr ® Rice Sides™ - Cheddar Broccoli 1 lb chicken breasts  Olive oil Salt and pepper, to taste 1 tsp onion powder 1 tsp garlic powder 1 tsp smoked paprika 3-4 cups broccoli florets, steamed or roasted (see note) 4 oz pancetta (optional) 2 tbsp butter ½ onion, finely diced  4 cloves garlic, minced 2 tbsp flour ½ cup dry white wine (optional) 1 cup chicken broth made with Knorr chicken bouillon 1 cup milk (or half-and-half), room temp 1 tsp Maille Dijon mustard 1 tsp Worcestershire sauce 1/4 tsp cayenne pepper 8 oz freshly shredded cheddar cheese 1/2 cup sour cream, room temp 1/2 cup panko breadcrumbs (optional) 2 tbsp butter, melted (for panko topping) Fresh chives, finely chopped (for garnish) 1. Add the pancetta to a cold pan. Turn the heat to medium and cook until crispy. Drain on a paper towel and set aside, leaving the leftover grease in the pan. 2. Season the chicken breasts with salt, pepper, garlic powder, onion powder, and smoked paprika. Add a touch of olive oil to the pan, if needed. Cook the chicken for 5-6 minutes per side, or until fully cooked. Let rest, then shred and set aside. 3. Steam the broccoli until tender. Set aside. *Note: Roasting the broccoli: Toss broccoli florets with olive oil, salt, and pepper. Roast at 425°F for 15-20 minutes, until slightly charred.  4. Cook both packages of Knorr ® Rice Sides™ - Cheddar Broccoli according to the package instructions and set aside. 5. Preheat the oven to 350F 6. In the same pan, melt 2 tbsp butter and add the diced onion. Sauté for 2-3 minutes, until softened. Add the minced garlic and cook for 30 seconds, until fragrant.  7. Whisk in the flour and cook for 1-2 minutes. 8. Deglaze the pan with white wine, scraping up and brown bits on the bottom of the pan. Let that cook for another 1-2 minutes.  9. Slowly add the Knorr chicken broth, whisking constantly to avoid lumps, then stir in the room temp milk. Add Dijon mustard, Worcestershire sauce, cayenne pepper, and salt and pepper to taste. Cook for 3-5 minutes, until thickened. Remove from heat. 10. In a large mixing bowl, combine the cooked rice, shredded chicken, broccoli, pancetta, creamy base, sour cream, and half the shredded cheddar cheese. Mix until evenly combined. 11. Pour the mixture into a greased 9x13-inch baking dish and smooth the top. Sprinkle over the remaining cheddar cheese. 12. Combine panko breadcrumbs with melted butter. Sprinkle over the casserole (optional).  13. Bake uncovered for 25-30 minutes, or until bubbly and golden on top. 14. Garnish with freshly chopped chives and enjoy! ",faceless,english,video,#casserole #dinner #dinnerideas #easydinner #easydinnerideas #easyrecipes #weeknightdinner #weeknightmeals #broccolicheddar ,,the,25,face/faceless,1,#baking,40,arabic,6,type,1,1,381
Chelsea Lyn Home,https://www.tiktok.com/@chelsealynhome/video/7418878996252806446,79600000,3700000,10800,636100,672700,pov: you have an air fryer 🍁🍫🍂✨❤️',original sound,i’m obessed with the viral Air Fryer S’mores Dip! 🤎 add marshmallows to your air fryer  for about 4 minutes at 350F! then add chocolate for about 1 minute! It’s super easy to make and tastes so good! The perfect quick and easy dessert idea! ✨🤩 ,faceless,english,video,#airfryersmores #dessert #fall #falltreats #smores #smoresdip #dessertideas #airfryerrecipes #airfryerdesserts #airfryer #fallseason #autumn #easyrecipes #autumnvibes #cozy #cookies #baking #amazonfinds #amazon #amazonmusthaves #homemade #homefinds #asmr #asmrsounds #amazonfavorites #asmr #restock #restocking #asmrsounds #satisfyingsounds #satisfyingvideo ,,chocolate,23,,,#foodtok,39,french,5,,,in,380
Patricja | recipes & fitness,https://www.tiktok.com/@patiispage/video/7305797297982524705,71100000,2200000,4793,900100,205400,viral 5 minute BREAKFAST SANDWICH',original sound,"Redo of my viral 5 minute breakfast sandwich - this time with other ingredients 🥑✨ Ingredients: - 2 brioche toasts - 2 eggs - 1 slice of Gouda cheese - Handful of cherry tomatoes, sliced - 1/2 avocado, sliced - Handful of iceberg lettuce - Salt and pepper to taste - Butter or oil for cooking Macros: 610kcal / 25g proteins / 40g carbs / 30g fats ",faceless,english,video,#breakfastsandwich #5minutesandwich #quickrecipe #simplebreskfast #healthy #foodtok,,you,23,,,#easyrecipes,35,german,3,,,-,362
Gordon Ramsay,https://www.tiktok.com/@gordonramsayofficial/video/7380749671632882977,70100000,6700000,98300,466100,991200,AN IMPORTANT MESSAGE,original sound,"Sound ON for this one…with #FathersDay tomorrow I have very important message for all the dads out there…WEAR A HELMET ! This week I had a really bad accident while riding my bike in Connecticut. I'm doing ok and did not break any bones or suffer any major injuries but I am a bit bruised up looking like a purple potato. I’m thankful for all the doctors, nurses and staff at Lawerence + Memorial Hospital in New London who looked after me and checked me out, but most thankful for my helmet that saved my life. Have a great Father’s Day and be safe Gx",face,english,video,#FathersDay,,and,22,,,n/a,34,indonesian,2,,,of,362
fitwaffle,https://www.tiktok.com/@fitwaffle/video/6952895507979095302,64200000,7100000,114000,1100000,489000,3-Ingredient Oreo Cake',Starstruck,3-Ingredient Oreo Cake with no oven ,faceless,english,video,#oreo #cake #chocolate #tiktokfood #foodtok,,for,20,,,#cooking,33,turkish,2,,,for,344
Nico,https://www.tiktok.com/@succulentbite/video/7210104326658788650,61000000,310000,4567,3607,30200,NERDS ICE CREAM,original sound,COLORFUL GUMMY ICE CREAM 😍 With @nerdscandy  gummy clusters for a unique and bold ice cream 🤤 ,faceless,english,video,#food #GummyClusters #dessert,,i,18,,,#foodie,31,undefined,2,,,with,266
Patrick Zeinali,https://www.tiktok.com/@patrickzeinali/video/7467628698179472670,61000000,426300,2449,59100,16700,Blondie Chocolate Cups',original sound,#ad @Chips Ahoy! Did it again with these baked bites ,faceless,english,video,#chocolate #cake #easyrecipe,,a,17,,,#foryou,30,filipino,1,,,2,225
Gordon Ramsay,https://www.tiktok.com/@gordonramsayofficial/video/7437189407301586208,53700000,9600000,34500,457700,555300,OOPS,Dramatic Sad Violin,Oops.,face,english,video,N/A,,with,17,,,#foryoupage,30,finnish,1,,,add,206
My Nguyen,https://www.tiktok.com/@myhealthydish/video/7039907428531440902,53300000,6100000,21600,192700,61800,Which TikTok video took you the longest to make in 2021?',original sound,Answer @TikTok it took my 3 weeks ro make chocolate from the Cacao #chocolate,face,english,video,#chocolate,,#VALUE!,14,,,#asmr,25,language,1,,,cup,189
Andy Cooks,https://www.tiktok.com/@andy_cooks/video/7200326304896503041,49200000,4500000,7579,320100,38300,CHILLI OIL NOODLES,Boy's a liar Pt. 2,"Chilli oil noodles 🍜  Ingredients - 280g flour - 160g warm water - A pinch salt - 3 tbsp veg oil - 2 cloves garlic, minced - 2 spring onions finely sliced - 1 tsp chilli flakes - 0.5 tsp cumin seeds - 0.5 tsp Szechuan peppercorns Method 1. Start by making the dough. In a mixing bowl place the flour and salt. Make a well in the centre and pour in the water. 2. Mix until it comes together and you have a shaggy dough. Then turn it out and knead for 6-7 minutes or until you have a smooth dough. 3. Cut into 4 pieces and roll into rounds. 4. Pour 0.5 tsp of oil into a bowl and place the dough ball into it, cover and let rest for 1 hour. 5. When ready, place a large pot of salted water on to boil, and the remainder of the oil in a small pot to heat. 6. Working with one dough ball at a time, flatten it out then make a divot in the centre with a chopstick. Then grab each end and pull to stretch it. Once you have pulled it to around 1 metre, tear the strip in half. 7. Place the pulled noodles into the boiling water and cook for 3-4 minutes. 8. Place the garlic, spring onions, chilli, cumin and Szechuan peppercorns into your bowl. 9. Carefully pour the hot oil over the spices and veg in the bowl before adding in the cooked and drained noodles. Give them a mix and you are good to eat. ",faceless,english,video,#cooking #food #noodles #food #asmr #asmrfood #viraltiktok #fyp ,,cake,14,,,#foodtiktok,22,malay,1,,,until,179
Bernard,https://www.tiktok.com/@bernardh14/video/7388535921794108715,48600000,4200000,52100,294100,559400,Best Fried Chicken In The World,original sound,Best fried chicken in the world ‼️‼️🤠🤠,face,english,video,#foryou #fypシ゚viral #explorepage #viral #foryoupage #foodchallenge #explorepage✨ #foodphotography #foodie #chef #asmr #foodcritic #outdoorcooking #foodtiktok #cheflife #tiktok #explore #foodnetwork ,,how,14,,,#recipes,22,portuguese,1,,,on,172
RecipesByAnne,https://www.tiktok.com/@recipesbyanne/video/7231198834771168538,47500000,3700000,4557,1100000,181600,30 DAYS OF ONE PAN RECIPES Day 12/30',Best Time,Another gnocchi recipe 🤤 ,faceless,english,video,#onepandinner #onepanmeal #recipesoftiktok #easyrecipe #gnocchi ,,in,14,,,#dinnerideas,21,swedish,1,,,tsp,169
yujung | @_yu.jung,https://www.tiktok.com/@_yu.jung/video/7341232917756038443,44800000,5400000,16500,767300,105300,toast cookies 🍞',What You Won't Do for Love,butter toast cookies 2.0 🍞🧈 recreated my butter toast cookies from 2022 but made them even better with a brown butter toast crust !  details: mini toast shaped butter cookies with a brown butter toast crust & mini butter on top ,faceless,english,slideshow,#toast #butter #bread #cookies #buttercookies #brownbutter #baking #homebaking #dessert #aesthetic #cute #baketok #homecafe #베이킹 #홈베이킹 #버터 #토스트 #빵 #쿠키 #버터쿠키 ,,pasta,14,,,#fypシ,21,video,1,,,you,164
Juliette,https://www.tiktok.com/@itsmeju1iette/video/7463149109839416622,43200000,6800000,20400,304400,887000,teddy bear cookie 🐻🎀😊',STRIPPING IN THE CLUB HNM MEGAMIX,teddy bear vs oven 👀😳  ,faceless,english,video,#trending #viral ,,this,13,,,#mealprep,21,,,,,chicken,163
Chef Genevieve LaMonaca,https://www.tiktok.com/@chefgenevieve/video/7087301145177230634,41800000,3400000,18200,315300,67500,Potato Sticks,My Name Is,What should I call this? ,face,english,video,#asmr #food #cooking,,your,13,,,#pasta,21,,,,,or,156
miralux07,https://www.tiktok.com/@miralux7/video/7190769208685235461,41600000,1700000,2456,237800,80800,Cannelloni Part 1,Baby Calm Down,Cannelloni ,faceless,english,video,#cannelloni #canneloni #pasta #lasagna #lasagne #viral #explore #rezept #recipe #rezepte #recipes #schnellerezepte #essen #kochen #abendessen #mittagessen #fyp #fürdich #kitchen #miralux07 #hackfleisch #mozzarella #cheese #mincedmeat #meat #bolognese ,,is,12,,,#chocolate,20,,,,,tbsp,150
Baked by Melissa,https://www.tiktok.com/@bakedbymelissa/video/6978614527701044485,41300000,3400000,13800,423700,212500,SALAD,original sound,my kids are acting completely nuts 😂 ,faceless,english,video,#foodtiktok #recipe #fypシ,,cheese,11,,,#dessert,20,,,,,my,141
Ilona Niina,https://www.tiktok.com/@veganiina/video/7286141290356493600,39700000,3900000,11100,1100000,270900,mini banana pancakes',Le Monde - From Talk to Me,Best snack😮‍💨🍌🍫 Batter ingredients: - 75ml oat milk (1/3 cup) - 1/2 tbsp apple cider vinegar - 50g flour (0.4 cup) - 1/2 tsp vanilla extract - 1/2 tsp baking powder - pinch of salt - 1/2 tbsp vegetable oil Method: 1. Pour the vinegar into the milk and let it sit for 5 mins. This creates the buttermilk.  2. In a bowl combine all the dry ingredients then mix in all the wet ingredients + buttermilk. Mix until well combined.  3. Coat all the banana pieces with the batter and fry on a pan in a little oil on both sides. ,faceless,english,video,#foodtok #easyfood #easyrecipe #vegantiktok #veganrecipes #breakfastideas #veganbreakfast #cutefood #bananapancakes #minifood  ,,garlic,11,,,#dinner,20,,,,,1/2,138
Poppy O’Toole,https://www.tiktok.com/@poppycooks/video/7428228055258254624,39100000,62800,465,10500,5582,"This is my Doritos Loaded Steak, Egg & Chips'",original sound,"AD Here’s my delicious Doritos Loaded Steak, Eggs and Chips. Show me your Doritos Loaded dish by joining the trend #DoritosLoaded 👩‍🍳🍳 @Doritos UK Full recipe 180g bag Doritos Cool Original 200g (roughly) Bavette steak 1 green pepper, cored and sliced 2 cloves garlic, peeled and finely sliced 10g parsley, stalks and all 1 green chilli, halved and deseeded ½ lemon, juiced 1 ripe avocado 2 tbsp sour cream 70g grated mozzarella and cheddar mix 2 eggs 2 spring onions, finely sliced Salt, pepper and olive oil 1. Preheat the oven to 200ºc fan/220ºc. 2. Preheat a large oven-safe frying pan over a high heat. Season your bavette steak well with salt and pepper, then drizzle with olive oil. 3. Fry off the steak on one side for 2-3 minutes for a nice medium rare, then flip it over and add in the sliced garlic and peppers. Cook for another 2 minutes, and add in a drizzle of olive oil to help the vegetables colour. 4. When your steak is cooked, remove from the pan and leave to rest on a plate. Using a small blender or stick blender, blitz together the avocado, sour cream, parsley, lemon juice and chilli with a good pinch of salt and pepper. Season to taste and set aside for later. 5. Slice the steak into thin slices and set aside. 6. Remove the garlic and peppers from the pan and tip in your Doritos Cool Original. Pop the garlic and peppers back on top, and then sprinkle over the grated cheeses and pop into the oven for 5 minutes to melt the cheese. 7. While the pan is in the oven, preheat a frying pan over a medium heat with a glug of oil. 8. Crack the eggs into the oil and fry until the white is completely set but the yolks are still bright and golden. 9. Top your hot cheesy Doritos with the sliced steak, fried eggs and lashings of your delicious green sauce. Sprinkle over the finely sliced spring onions and get stuck in!",faceless,english,video, #DoritosRecipes #LoadedNachos #DoritosLoaded,,lunch,11,,,#viral,19,,,,,your,137
Secrets of Liya,https://www.tiktok.com/@simplecooq/video/7239978159918255406,38900000,2500000,4293,771200,248100,Grilled Chicken Alfredo Pasta',Vintage,"Grilled chicken Alfredo pasta is a delicious and popular dish that combines tender grilled chicken with creamy Alfredo sauce and pasta.  Ingredients: . 3 boneless, skinless chicken breasts marinated with 👇🏻 . 1 tbsp smoked paprika  . 1/2 tbsp black pepper  . 1/2 tbsp salt  . 1/2 garlic powder  . 1/2 tbsp dried parsley  . A pinch of rosemary  Penne pasta (boiled)  Alfredo sauce : . 4 tbsp butter  . 1/4 cup all purpose flour  . 8 oz milk  . 1/2 cup heavy cream  . 3 tbsp cream cheese  . 1/3 cup mozzarella cheese  . 1/3 parmesan cheese . 1 tbsp red chili flakes  . Salt and pepper to taste  . 1 tbsp dried parsley  . 1 tbsp oregano  .Grill the chicken for about 6-8 minutes per side or until cooked through.  Remove from the grill and let it rest for a few minutes. Then, slice the chicken into thin strips. . In a large skillet, heat the butter over medium heat.  . Add all purpose flour, make it smooth make sure the heat is low. Add milk keep stirring add cream cheese. Add heavy cream. Stir continuously until the sauce is smooth and creamy. . Add all the seasonings. . Add the cooked pasta to the skillet and toss it in the Alfredo sauce until well coated. .Add mozzarella cheese and grated Parmesan  . Place the sliced grilled chicken on top of the pasta. . Garnish with  parsley. Serve the grilled chicken Alfredo pasta and enjoy! ",faceless,english,video,#alfredo #alfresco #pasta #pastalover #creamy #creamypasta #italian #whitesaucepasta #explorepage #italianfood #italianpasta #réel #reelsvideo #exploremore #comfortfood #pastarecipe #foodinstagram #foodie #cheesypasta #creamysauce #foodies #reelsexplore #grilledchicken #chicken #recipes #pastafresca #fypシ #fyp ,,n/a,11,,,#cake,18,,,,,recipe,134
Butter Dawg,https://www.tiktok.com/@_butter_dawg_/video/7467704308759399710,38400000,1200000,23200,71900,233400,How to make horchata!',TEXAS HOLD 'EM,How to make horchata!,face,english,video,#foodtok #recipe #howto ,,of,11,,,#ad,17,,,,,is,133
Jasmine León,https://www.tiktok.com/@jazzy.leon/video/7326937481494957343,38000000,2300000,4044,871700,169000,Chicken Alfredo Pasta',Flores Amarillas,Grilled Chicken Alfredo Pasta ✨😋 — One pot recipe that is so simple & so tasty!  ~ Ingredients:  -2 boneless chicken breast (I sliced mine in half) -2 tbsp oil -salt & pepper to taste -paprika (optional) -2 garlic cloves (chopped)  -2 cup whole milk -2 cup chicken broth  -1/2 cup heavy cream (forgot to get in video but add after pasta is cooked)  -8 oz fettuccine  -1 cup grated Parmesan cheese  ,faceless,english,video,#fyp #parati #simplerecipe #quickrecipes #onepotmeals #dinnerideas #quickmeals #30minutemeals #recetasfaciles #chickenalfredo #grilledchicken #fettuccinealfredo #mealsonabudget #pasta #howto #cookwithme #noodles #foodie #foodtiktok #mexicantiktok #recipesoftiktok #onepotpasta #cocinaconmigo ,,pov:,11,,,#healthyrecipes,17,,,,,it,129
Mariella Mahal,https://www.tiktok.com/@mariellamahal/video/7207254677019249962,37400000,4600000,14300,566200,103200,When I ate this on my way to class',original sound,Would you eat this? ,face,english,video,#collegestudent #collegemeals #onigiri #sushibake #storytime ,,&,10,,,#chicken,16,,,,,this,117
"Kylie Sakaida MS, RD",https://www.tiktok.com/@nutritionbykylie/video/7177544400757689643,37000000,48500,185,1949,668,Realistic morning routine',original sound,#NatureMadePartner Morning routine… but make it realistic ft. one of my fave easy breakfasts and @Nature Made  #NatureMadeVitamins ,face,english,video,#NatureMadePartner #NatureMadeVitamins,,5,10,,,#VALUE!,14,,,,,salt,112
HerryJohnson,https://www.tiktok.com/@herryjohns50/video/7204756782370147585,36800000,1600000,4076,544100,192100,Very delicious,original sound - HerryJohnson,It's still delicious without meat in cooking,faceless,english,video,#delicious #diy #homecooking #tasty #fyp #food #foryou #cooking #fypage ,,chip,10,,,#quickrecipes,14,,,,,garlic,103
Dunya ❤️,https://www.tiktok.com/@dunyabakes/video/7332942226361765153,36700000,3900000,10900,653100,53900,girl therapy 🌸🍪❤️',original sound,Pretty girls bake when they’re stressed 💕 Biscoff & white chocolate cookies recipe by @moribyan: 1/2 cup unsalted butter melted 1/2 cup Biscoff spread melted 2/3 cup brown sugar 1/4 cup granulated sugar 1 large egg + 1 yolk 2 teaspoons vanilla extract 1 2/3 cup all purpose flour 1 teaspoon baking soda 3/4 teaspoon salt 3/4 cup white chocolate chips . . . ,faceless,english,video,#baketok #cookies #biscoff #biscoffcookies #whitechocolate #baking #cookierecipe #asmr #fyppppppppppppppppppppppp ,,creamy,10,,,#baketok,13,,,,,butter,102
Josh Elkin,https://www.tiktok.com/@thejoshelkin/video/7285015729278045445,36400000,1700000,9250,436500,558300,nachos.',original sound,21 Layer Air Fryer Nachos Layers below (makes a lot of nachos) 2 bags of Doritos (you chose the flavor) 2 cups salsa verde 1 pound tacos seasoned ground beef 1 cup black beans  4 cups grated Mexican blended cheese 1 cup pickled jalapeños 1/2 cup fresh jalapeños 1 cup diced onions 1/2 cup sour cream 1 cup pico de gallo 1 cup guacamole,faceless,english,video,N/A,,crispy,10,,,#cookies,12,,,,,into,99
Chahrazad’s Cuisine,https://www.tiktok.com/@chahrazadscuisine/video/7029611301106126082,35500000,1400000,5446,25600,11000,Colored Sand Cake',original sound,Colored Sand Cake! Yes or No 🥰 ,face,english,video,#cakes #fyp #foryoupage #satisfyingvideos  #yummy,,me,10,,,#highprotein,12,,,,,i,98
Kaoutar,https://www.tiktok.com/@kooki_lovescooking/video/7249044005781081345,35500000,2900000,7208,853200,222000,Mini chocolate chip Pancakes,Chill Vibes,Ingredients :  300g of flour + a pinch of salt 50g of sugar 14g of baking powder 35cl of warm milk 25ml of oil 2 eggs Vanilla extract 70g of chocolate chips  (Let it rest 30 minutes)  ,faceless,english,video, #pancakes #food #recipes #easyrecipes #dessert #recipe #baking #nutella #chocolate #tiktokrecipe #foryou ,,one,10,,,#breakfast,11,,,,,oil,98
Ermalinda | Home Cooked,https://www.tiktok.com/@perfectpalate/video/7257844649052736769,35000000,2800000,8112,722900,163600,Strawberry Mochi',I Can Feel It (Christmas Instrumental),"💗 Strawberry Mochi 🍓💗 Ingredients: - 100g Glutinous rice flour - 30g Corn starch - 35g sugar  - 180ml milk 🥛  - 2-3 drops strawberry food colour - 15g butter 🧈   Filling: - 150ml Non-daury whipping cream - 50ml dairy whipping cream - 1-2tbsp condensed milk - 3 tbsp strawberry puree  Steps: 1- In a microwave-safe bowl, mix together glutinous rice flour, sugar, milk, and strawberry food colour. Mix until everything is dissolved completely. 2- Cover the bowl with plastic wrap. Steam for 20 minutes or until dough becomes translucent. 3- Then add the butter and mix until dough is well combined. Knead until well combine and dough becomes soft and stretchy. Let the dough cool for 45 minutes.  4- In a mixing bowl, add all the ingredients for filling above using hand mixer until stiff peak. 5-Dust the working area and the dough with more cooked(sangai) glutinous rice flour, so it won’t be too sticky. Flatten the dough into a circular shape . Pipe the filling in the center of the mochi wrapper. Pinch the four corners of the mochi wrapper, and then pinch the remaining corners together. 6- Tap the bottom of mochi with cooked glutinous rice flour or cornstarch. Brush the assembled mochi with a brush gently to remove excess flour.  ",faceless,english,video,#fyp #fypシ #foryoupage #foodie #foodporn #recipe #dessert #mochi #strawberry ,,when,10,,,#healthyfood,11,,,,,chocolate,93
✨Chef texy✨,https://www.tiktok.com/@texykitchen1/video/7193111129013554478,34700000,2900000,10000,193500,24000,Hambungen Helper',Flowers,Hamburger helper on a tight budget🍔💰,face,english,video,#hamburgerhelper #easyrecipe #cheapdinnerideas #cheapmealsonabudget #cookinghack ,,alfredo,9,,,#tiktok,11,,,,,3,92
Kaoutar,https://www.tiktok.com/@kooki_lovescooking/video/7238640959251172610,34300000,1700000,3154,310600,81000,Chocolate chip Nutella bombs,original sound,Ingredients : 350g of flour 45g  of sugar 5g of dry yeast  Salt 1 egg Vanilla sugar 240ml of lukewarm milk 80g of chocolate chips  Kneed the dough for 5 minutes then add 40g of softened butter and kneed again for 5 minutes.  Let it rise for 2 hours. Refrigerate Nutella for 1 hour.  Brush the buns with egg yolk mixed with 2 tbsp of milk.  Bake in preheated oven for 12 minutes at 180C,faceless,english,video, #chocolate #dough #food #nutella #recipes #easyrecipe #foodie #baking #cooking  #recipe  #dessert,,best,9,,,#trending,11,,,,,cheese,87
U-Taste Kitchen,https://www.tiktok.com/@utastekitchenuk/video/7338716852857720096,34200000,2700000,10600,636700,149600,Strawberry Mochi',Sh-Boom,Strawberry Mochi Recipe linked in my bio. ,faceless,english,video,#mochi #strawberrymochi #softmochi #recipe #baking #cooking #fyp #viraltiktok #viralvideo #dessert #desserts ,,breakfast,9,,,#airfryerrecipes,10,,,,,then,86
Mia,https://www.tiktok.com/@miahomecatfe/video/7353221855622335750,33900000,2000000,5588,720100,121900,Fudgy Brownies By Miahomecatfe',Magnetic,Full Recipe ⬇️ Fudgy Brownie🤎 Recipe @dapurumi_channel  Bahan - bahan / Ingredients: 225 gr Dark Cooking Chocolate 75 gr butter 60 ml minyak goreng / cooking oil 3 telur / eggs 210 gr gula / sugar 1/2 tsp garam / salt Vanilla extract  150 gr tepung protein sedang / all purpose flour 53 gr cocoa powder Notes: 1. Panggang selama 10-15 menit (api atas bawah) pada suhu 180°C. 2. Kemudian panggang kembali selama 20 - 30 menit (api bawah) pada suhu 160° C. ,faceless,english,video,#recipe #easyrecipe #brownie #homecafe #fyp ,,cake',9,,,#breakfastideas,10,,,,,4,85
Ilona Niina,https://www.tiktok.com/@veganiina/video/7269826508665982241,33300000,2800000,11800,832800,197200,10-min snack idea✨✨',PAINT THE TOWN RED,It doesn’t get any better than this😮‍💨,faceless,english,video, #foodtok #vegantiktok #veganrecipes #easyrecipe #chocolatelover #snackideas ,,cookie,9,,,#cakedecorating,10,,,,,cook,82
Tasty Meals & Treats,https://www.tiktok.com/@tasty_meal/video/7261134082422082821,32500000,1100000,3569,564000,187500,Chicken & Mushroom Alfredo Pasta,original sound,Creamy Chicken & Mushroom Alfredo Pasta Without Cheese! Click the link in my Bio to my channel! #fypシ #SAMA28 #pasta #alfredopasta #chickenmushroom,faceless,english,video, #viralvideo #viraltiktok #youtuber #tiktok ,,3,8,,,#creamypasta,10,,,,,cream,81
Sonja Melina,https://www.tiktok.com/@sonjamelina/video/7466783263659445526,32300000,2800000,5459,291000,259200,Minikeksit,Roman Holiday Sped Up,Niin paljon keksejä 🍪  Here’s the ingredients for this Cookie Dough: 1 dl sugar 1 dl brown sugar 100 g soft butter 1 dl large egg 3 dl all-purpose flour 1 tsp baking soda 1 tsp baking powder 1 tsp vanilla sugar 150 g small chocolate chips Bake these in 180C for 6 mins depending on your oven 🧑🏼‍🍳 ,faceless,finnish,video,#minicookies #minikeksit #suklaahippukeksit #bitesize #cookiebites #suklaakeksit #cookie #keksitaikina #leivontavinkki #leivontavinkit ,,dinner,8,,,#pastarecipe,10,,,,,pasta,77
Petre-Andrei,https://www.tiktok.com/@petre.andrei.catana/video/7331437477737090337,31800000,2100000,7218,148000,51400,nobody deserve to be single on 14 February',Ghibli-style nostalgic waltz,results should be ready in 48 h ,faceless,english,video,#single #valentinesdaygift #bf #grow ,,fryer,8,,,#viralvideo,10,,,,,sugar,77
Jacky,https://www.tiktok.com/@kwokspots/video/7448678170468912389,31700000,1900000,8226,892400,386800,Cheese Stuffed Garlic Naan,original sound,Cheese stuffed garlic naan is a gamechanger. Full recipe on kwokspots.com link in bio  ,face,english,video,#garlicnaan #naan #christmasrecipes #foodie ,,honey,8,,,#airfryer,9,,,,,mix,75
Feel Good Foodie,https://www.tiktok.com/@feelgoodfoodie/video/7430913418804088106,31600000,81700,545,17200,7002,Crinkle Cake,original sound,#ad Try this crinkle cake recipe with @KerrygoldUSA salted butter! Using higher quality ingredients makes all the difference when the recipe has minimal ingredients. Kerrygold has a richer taste because it’s made with milk from Irish grass-fed cows that really elevates any dish!   *Recipe linked in bio!,faceless,english,video,#viralcrinklecake #phyllocrinklecake #ad,,like,8,,,#healthy,9,,,,,make,74
monica,https://www.tiktok.com/@monicas.macs/video/7208369840007007531,31600000,2000000,9428,1000000,151800,BEST BROWNIE RECIPE',Twin Me,fudgy browniess🤤 recipe by Handle the Heat: 5 tbsp butter 1 1/4 cups sugar 2 eggs plus 1 egg yolk 1 tsp vanilla 1/3 cup vegetable oil 3/4 cup cocoa powder 1/2 cup flour 1/8 tsp baking soda 1 tbsp cornstarch 1/4 tsp salt 3/4 cup chocolate chips ,faceless,english,video,#brownies #fudgybrownies #chewybrownies #brownierecipe #boxmixbrownies #bakingtiktok #baketok #desserts #foodie #baking #bakingaesthetic #bakingvideos ,,mini,8,,,#homemade,9,,,,,minutes,73
Taylor Chace,https://www.tiktok.com/@chacekitchen/video/7437257942027668782,31300000,75500,357,20500,5238,SAUSAGE TORTELLINI SOUP',Bossa Nova Easy Listening(1302379),"Soup Series Part 7: Stress-free sausage tortellini soup featuring @knorr granulated chicken bouillon for a rich, homemade flavor  Ingredients: 1 tbsp avocado oil ½ lb spicy italian sausage, removed from casing  ½ lb mild italian sausage, removed from casing  1 yellow onion, diced 10 garlic cloves, minced 6 tbsp tomato paste 1 28 oz can crushed tomatoes  3 tsp Knorr chicken bouillon 4 ½ cups water 1 tsp salt 1 tsp italian seasoning ½ tsp pepper ½ tsp red pepper flakes  Parmesan rind 12 oz tortellini, prepared per package 1.5 cup heavy cream  2 cups spinach, chopped  ½ cup basil, chopped ¼ cup parmesan cheese, shredded  Method: Cook tortellini according to the package (al dente). Strain and set aside.  Remove sausage from casing. In a large pot, heat up 1 tbsp avocado oil over medium high heat. Once your pan is hot, add sausage. Cook and crumble for about 6-8 minutes, until browned and cooked through. Remove from the pot and set aside.  Reduce heat to medium. Add onions and sauté for a few minutes before adding in the garlic. Cook for another few minutes, stirring so it does not burn. Add in tomato paste, salt, pepper, italian seasoning, and red pepper flakes. Stir in and let cook for 6-8 minutes or until the tomato paste starts to turn a slightly darker color. Make sure to stir frequently so it does not burn.  Add a can of crushed tomatoes and scrape up any brown bits stuck to the bottom of the pot. Add water, Knorr chicken bouillon, and parmesan rind. Bring to a boil, reduce to a simmer, cover, and let cook for about 15 minutes.  Remove parmesan rind. Make sure the temperature remains on low before adding heavy cream, cooked sausage, cooked tortellini, fresh spinach, fresh basil, and parmesan cheese. Stir well to ensure ingredients are incorporated. Enjoy!",face,english,video,#KnorrPartner #EffortIsEverything,,recipe,8,,,#lunchideas,9,,,,,baking,72
lissbakes,https://www.tiktok.com/@lissbakes/video/7217078745843207451,31300000,4100000,12600,998200,202000,oreo cheesecake ❤️',Cupid by Fifty fifty,"No bake Oreo Cheesecake 🖤🧀 RECIPE: 2 packs of Oreo, finely crushed  65g melted butter 🧈 ( refrigerate the crust for 10-15 minutes )  500g cream cheese (room temp)  1/2 cup icing sugar  Refrigerate the cheesecake for 5 hours ⏳ & now you’re good to go! ✨  ",faceless,english,video,#nobakeoreocheesecake #nobakecheesecake #oreocheesecake #oreo #cheesecake #easyrecipe #baking #ramadanrecipes #bukapuasa #fyp #foryoupage ,,salad,8,,,#mukbang,9,,,,,sauce,72
Vera's Home 🌸,https://www.tiktok.com/@veras.home/video/7324734967299280161,31000000,1000000,4827,331300,61100,Snackplatte',Somewhere Only We Know,#snackplate #snackplatte #snacks #food #foodtiktok #snack #CapCut ,faceless,german,video,#snackplate #snackplatte #snacks #food #foodtiktok #snack #CapCut ,,air,7,,,#yummy,9,,,,,so,72
thehouseofcakes_mzra,https://www.tiktok.com/@thehouseofcakes_mzra/video/7204560878816005419,30800000,2100000,5748,465400,50800,You can also add salt if you like salted caramel',Flowers,"I use this as cake fillings. Make sure youre using real butter and not marg or youll get too much liquid. I did:1 cup sugar, 85 grams butter, and just under 1/2 a cup of cream/milk (and a pinch of salt). i put it in a different pan later because i needed it to cool faster ",faceless,english,video,#lifehack #diy #easy #simple #homemade #homebaker #smallbusiness #baker #bakerylife #caramel #bubbles ,,be,7,,,#aesthetic,8,,,,,all,71
Ninja Kitchen,https://www.tiktok.com/@ninjakitchen/video/7470621012065815851,30200000,562600,8949,126800,233900,New Ninja Alert',original sound,🚨 New Ninja Alert 🚨  Unboxing the Ninja Swirl™ by CREAMi®. 📦 🍦    Bring the ice cream shop to your countertop. Link in bio to purchase.   ,faceless,english,video,#NinjaSwirl #NinjaCREAMi,,food,7,,,#brownies,8,,,,,pepper,68
The Golden Balance,https://www.tiktok.com/@thegoldenbalance/video/7476224138147892522,30100000,2600000,12100,906900,398700,Honey BBQ Tenders,original sound,Honey BBQ Chicken Tenders 😮‍💨 (Ramadan Chronicles Pt. 1),face,english,video,N/A,,ingredients,7,,,#easydinner,8,,,,,&,67
Suzy,https://www.tiktok.com/@happytummy_702/video/7376665360986066219,30000000,2800000,10900,497300,207500,I hope it came close',original sound,"Drooling over the VIRAL Dubai  knafeh CHOCOLATE BAR I’ve been seeing on my fyp, how about you? Let’s try make it - recipe below ❤️ RECIPE👇🏼 You’ll need: Any silicone molds that have at least ½ inch (1½cm) depth. Mold I used was 6½x2¾x½ inch (16½x7x1½cm) Ingredients: - 3 tbsp (42g) butter - 8oz (227g) kataifi (shredded phyllo dough) - 4 (3-4oz) chocolate bars (340-454g), melted  - 1 jar (200g) pistachio cream  - 1/4 cup (56g) tahini Optional : white chocolate/colored candy melts to drizzle for decoration  Instructions: 1. Remove kataifi from freezer and allow to defrost for 1 hour, this will make for easier chopping. Melt butter on medium heat and add chopped kataifi, toasting it for 8-10 mins until golden brown. Transfer to large mixing bowl and allow to cool.  2. Reserve a small handful of chocolate and melt the rest, using a microwave (30-sec increments) or over a double boiler. Once it’s melted and smooth, add the remaining handful and stir. Melt any decorating chocolate in small bowls.  3. Combine pistachio cream and tahini to cooled kataifi, and mix until well combined.  4. Drizzle any decorative chocolate into molds and chill in fridge for 10 mins. Pour in main chocolate. Tilt mold sideways or upside-down to allow excess chocolate to drip off. Chill in fridge for another 10 mins until set.  5. Spoon in filling and level. Pour more chocolate and spread evenly using an offset spatula. Chill in fridge for 30mins-1 hour, carefully detach from mold, and ENJOY. Store in fridge if you actually have any leftover 🍫 ",faceless,english,video,#whatsyourfix #knafeh#whatsyourfix#fixdessertchocolatierlate #chocolaterecipe  #cantgetknafehofit #viraldubaichocolate #chocolatebar ,,potato,7,,,#pastalover,8,,,,,at,64
Tasty,https://www.tiktok.com/@tasty/video/7234581366963277102,29900000,3700000,6257,1500000,208200,We Tested 50 Chocolate Chip Cookie Recipes And Here's The Best One',original sound,@Mimo shares Tasty’s 5 tips to making the perfect chocolate chip cookie. Full recipe in our bio!! 🍪  ,faceless,english,video,#chocolatechiprecipe #cookies #bestchocolatechipcookies,,strawberry,7,,,#tiktokfood,8,,,,,over,64
Coco’s Recipes,https://www.tiktok.com/@halfacoco/video/7229247505731423514,29400000,887000,2460,131600,85700,Upside down Hot Dog Puffs 🌭',Rapp Snitch Knishes (Live Instrumental),Upside down Hot Dog puffs  I made this due to high demand 😋  Ingredients: Ready rolled puff pastry Hot dog sausages  Egg yolk Mustard Ketchup Oil 1. Preheat the oven to 180c/350f. Drizzle a little oil on a lined baking sheet. Slice the sausages lengthways and place flat side onto the baking sheet. 2. Cut the puff pastry to length and place on top of the sausage. Brush with egg yolk and bake for 20 minutes until puffed up and golden. 3. Turn the hotdogs over and spread mustard and ketchup. Bring the two halves together and enjoy! ,faceless,english,video,#hotdog #upsidedownpastry #puffpastryrecipe #recipes #hotdogpuff ,,stuffed,7,,,#cakes,7,,,,,from,63
Food by Laila🍜,https://www.tiktok.com/@foodbylaila/video/7445735143077186848,29200000,4800000,7801,422900,385800,i love',chest pain by malcolm todd,pasta <3 #CapCut #foodbylaila #pasta #fyp ,faceless,english,video,#hotdog #upsidedownpastry #puffpastryrecipe #recipes #hotdogpuff ,,bake,6,,,#cheesecake,7,,,,,flour,60
Chahrazad’s Cuisine,https://www.tiktok.com/@chahrazadscuisine/video/7104680535443688706,28600000,1100000,2893,38500,4137,The Geode Cake,original sound,The Geode Cake! What do you think? ,faceless,english,video,#cakes #yummy #satisfyingvideos #fyp #foryoupage,,beef,6,,,#cookwithme,7,,,,,are,59
iramsfoodstory,https://www.tiktok.com/@iramsfoodstory/video/7467302942593338667,28500000,2100000,4947,872200,282700,LEVAIN BAKERY TWO CHIP CHOCOLATE CHIP COOKIES',original sound,N/A,faceless,english,video,N/A, ,ideas,6,,,#delicious,7,,,,,large,58
Kookmutsjes,https://www.tiktok.com/@kookmutsjes/video/7196648091854900486,28200000,2400000,6576,857900,226500,Chicken honey,Sunshine,"Today’s kitchen: Honey chicken - make this your dinner and it will be a succes! | 😍 CHICKEN MARINADE ▫️500 gr chicken fillet ▫️6 gr salt (1 tsp) ▫️3 gr garlic powder (1 tsp) ▫️2 gr black pepper (⅔ tsp) FLOUR MIXTURE ▫️1 egg (m) ▫️150 ml water ▫️1.5 gr salt (¼ tsp) ▫️2 gr black pepper (⅔ tsp) ▫️3 gr garlic powder (1 tsp) ▫️120 gr flour ▫️3 gr baking powder (1 tsp) ▫️sunflower oil SAUCE ▫️15 ml sunflower oil ▫️1 garlic clove ▫️85 gr honey ▫️100 gr ketchup ▫️20 gr soy sauce Cut the chicken fillet into small pieces. Add the salt, garlic powder, and black pepper. Mix well. Put the egg in a deep bowl. Add the water, salt, garlic powder, flour, and baking powder. Mix until a uniform mixture. Add the chicken pieces and let stand for 10 minutes. Heat a layer of sunflower oil in a frying pan over medium-high heat (170 ℃). Fry the chicken until golden brown on both sides. Put the sunflower oil in a pan and add the grated garlic. Fry for 2 minutes. Add the honey, ketchup, and soy sauce. Cook for 2 minutes over low heat. Add the chicken and let it cook until the sauce is well absorbed. ",faceless,english,video,#kookmutsjes #chicken #honey #honeychicken #dinner #yummy #food #rice #alhamdulillah #delicious #foryou #foryoupage #foodtiktok #fyp,,making,6,,,#desserts,7,,,,,if,56
DiSA👩🏻,https://www.tiktok.com/@foodfromheaven2/video/7345605037353192736,28000000,325100,952,177400,88600,What's something you're holding onto that's still hurting you?,Originalton,#banananutella #bananapastry #bananacroissant #quickdessert #dessertideas #ramadanrecipes #easyrecipe ,faceless,english,video,#banananutella #bananapastry #bananacroissant #quickdessert #dessertideas #ramadanrecipes #easyrecipe,,nutella,6,,,#fypage,7,,,,,5,54
Maja✨,https://www.tiktok.com/@majasrecipes/video/7451706223927348486,27900000,2200000,10500,880800,253600,posting',original sound,"day 99/100: CREAMY CHICKEN GARLIC PARMESAN PASTA🔥✨  FULL RECIPE LINKED IN BIO or go comment on my ig post to have the full recipe sent to ur DMs🥰 If you’re looking for a delicious & quick pasta meal, look no further! The chicken is perfectly seasoned & the pasta sauce is unreal!! A must try. Or Google “majas recipes garlic parm pasta” Welcome to my 100 day recipe series! Cannot believe we only have 1 day left… 😭♥️♥️  Thank you to everyone who’s followed along it’s been quite the journey ily guys so much!  Stay Hungry, Maja♥️ See you tomorrow for DAY 100! ",faceless,english,video,#easyrecipe #easyrecipes #christmasdinner #christmastiktok #pastatok #pastalover #foodtok #quickrecipes #christmasfood #mealprep #gainz #chicken #chickenrecipes #creamypasta #pastarecipe ,,only,6,,,#fypシ゚viral,7,,,,,cups,54
bienbento,https://www.tiktok.com/@bienbento/video/7201031760291925250,27600000,2500000,9094,224000,96700,Pack lunch for my husband 🐻',Spirited Away - The Name of Life - Main Theme,Pack my husband’s bento🐻  Today is a simple bento with ,faceless,english,video,#卵焼き #肉団子 #セロリの酢の物 #carrotsalad . . #packinglunchformyhusband #husbandslunch #packlunchformyhusband #bento #japanesefood #bentobox #lunchbox #lunchideas #mealprep #homemade #foodie #cookingtiktok #foodtiktok #healthyeating #tamagoyaki #celery #carrot #お弁当 #弁当 #도시락 #도시락싸기 #도시락반찬 #fy #fyp,,pasta',6,,,#lunch,7,,,,,.,53
Cherie,https://www.tiktok.com/@thrivingonplants/video/7344866207977295111,27200000,291800,517,23900,6335,vegetable tempura',original sound,"Vegetable Tempura 🍠✨ This recipe will give you the most light, airy and crispy batter for your veggies! #ad It’s also egg-free, uses simple ingredients and makes the perfect appetiser 👉 I love that this ASMR video has been brought to life through @Photoshop thanks to @Diego PH!  FULL RECIPE:   Veggies  1 bunch asparagus, halved Handful of green beans, trimmed 1 sweet potato, thinly sliced 1 small wedge pumpkin, thinly sliced 1 oyster mushroom, thinly sliced  1 carrot, thinly sliced  Batter 1/2 cup plain flour 1/3 cup cornstarch 1/4 tsp baking powder 1/2 tsp salt 1/4 tsp white pepper 1/4 tsp ground chilli 3/4 cup cold sparkling/soda water Oil, for frying Method:  1. Prepare all your vegetables and set aside. 2. Heat up the oil over medium high heat in a pot or deep pan. In the meantime, add your flour, cornstarch, baking powder, salt, pepper and chilli into a bowl. Whisk to combine. Gradually pour in your sparkling water and whisk until smooth. It should be the consistency of a runny pancake batter, if it needs to be thicker simply add in an extra few tbsp of cornstarch and flour.  3. Once your oil is hot, fry each ingredient in batches. Place on a tray lined with paper towels or a cooling rack to let the excess oil drain out.  4. Enjoy while hot! You can also add on your choice of seasoning to coat the outside and make your own dipping sauce to go with it.  ",faceless,english,video,N/A,,4,5,,,#nutella,7,,,,,can,52
Jalalsamfit,https://www.tiktok.com/@jalalsamfit/video/7399756083234917664,27000000,1500000,3214,917100,211600,8 Easy Delicious High Protein Meal Prep Ideas for the week Part 2',Autumn Leaves,Find all recipes on my page! ,faceless,english,slideshow,#mealprep #Recipe #healthyrecipes #highprotein #EasyRecipes #Foodie #weightloss #chicken #lowcalorie #mealideas ,,brownies,5,,,#pastatiktok,7,,,,,chopped,52
Alessandra,https://www.tiktok.com/@alessandrabrontsema/video/7488846288893529390,27000000,60100,229,10900,2988,Mini lemon meringue tarts 🍋',Nice and Easy,"#ad Making the most delicious mini lemon meringue tarts with @KerrygoldUSA Find the full recipe below and be sure to get Kerrygold butter for your next dish 🍋  Graham Cracker Crust - 1 and 1/2 cups graham cracker crumbs (about 12 full sheet graham crackers) - 1/4 cup granulated sugar - 6 Tablespoons Kerrygold unsalted butter, melted Lemon Curd - 5 large egg yolks - 1 and 1/3 cups water - 1 cup granulated sugar - 1/3 cup cornstarch - 1/4 teaspoon salt - 1/2 cup fresh lemon juice - 1 Tablespoon lemon zest - 2 Tablespoons Kerrygold unsalted butter Meringue - 5 large egg whites, at room temperature - 1/2 teaspoon cream of tartar - 1/2 cup granulated sugar - 1/8 teaspoon salt -mix graham cracker crumbs with sugar and melted Kerrygold butter  -press graham cracker mixture into ramekins or tart pans. Bake at 350 for about 10 minutes until golden brown  -combine water, sugar, cornstarch, salt, lemon juice and lemon zest in a sauce pan and whisk on medium heat until mixture begins to thicken, about 5-7 minutes. While that is thickening separate your egg yolks from your egg whites. Set egg whites aside for the meringue.  -whisk the egg yolks and then slowly add in a spoonful of the warm stovetop mixture into the egg yolks, mixing quickly to not cook the eggs. Repeat this a few times and then reduce the stovetop heat and whisk in the egg yolk mixture.  -continue to mix the curd on the stovetop until the mixture is thick and bubbles at the surface.  -add lemon curd to pre baked crusts and let cool in the fridge for at least 1 hour.  -make the meringue by mixing egg whites, cream of tartar and salt with a handheld mixer. Whisk until soft peaks form and then add in sugar and continue to mix until stiff peaks form.  -add meringue to cooled lemon tarts and use a spoon to create peaks. Toast with a torch or enjoy as is! Best enjoyed within one day! Store in the fridge until you are ready to enjoy! ",face,english,video,#ad #lemon #lemonmeringue  #lemondessert,,butter,5,,,#vegan,7,,,,,about,51
Tasty,https://www.tiktok.com/@tasty/video/7353367356527234346,26800000,3300000,4320,815000,203700,26/100 Crispy Pub Potatoes',original sound,26/100 Crispy Pub Potatoes have the best crunch texture @Whisper of Yum 😍,faceless,english,video,N/A,,cheesecake,5,,,#yummyfood,7,,,,,full,51
Юлия ✨ готовим вместе!,https://www.tiktok.com/@yulianna_food/video/7030064373808811265,26800000,614600,1160,272600,43500,Быстрый ужин',オドループ_A,Ужин для всей семьи в одной сковороде,faceless,russian,video,#вкусноибыстро #вкусноября #рецептосени #горячееблюдо #полезныйобед #готовимвкусно #вкуснокакумамы,,chicken',5,,,#готовимдома,7,,,,,pan,51
Carleigh Bodrug - plantyou,https://www.tiktok.com/@plantyou/video/7375684396864589062,26000000,1600000,4236,879100,218100,and their oil',TOO SWEET X RIVERS BY ALTÉGO,one try onion pasta 🧅,faceless,english,video,#recipe #plantbased #vegan #healthy #healthyrecipe #pasta ,,cookies',5,,,#asmrsounds,6,,,,,ingredients,50
Pepper Belly Pete,https://www.tiktok.com/@pepperbellypete/video/7054633848193436974,26000000,2300000,25800,148200,438200,Have you had Fried Pasta Tacos?',original sound,Fried Pasta Tacos. ,face,english,video,#foodie #learnontiktok #foodhacks #texmex #receta #gameday  #recipe #foodtiktok #foryou #foryoupage #fyp #fypシ,,day,5,,,#comfortfood,6,,,,,powder,50
Ben Cullen,https://www.tiktok.com/@thebakeking/video/7204921805214076166,25900000,3100000,10800,113400,188400,IT'S HAPPENED AGAIN! 😭🍰😂',Little Bitty Pretty One,Cake every time 😎🍰 . . ,faceless,english,video,N/A,,do,5,,,#explore,6,,,,,brown,48
Robert Lucas,https://www.tiktok.com/@thesweetimpact/video/7302529794107837739,25900000,62100,459,641,453,And a strong network is definitely something',original sound,I can always count on the fast and strong @T-Mobile network when I'm baking and uploading content.  ,face,english,video,#TMobilePaidMeForThis #Baking,,easy,5,,,#fatloss,6,,,,,have,48
APOUTCHOU comedy,https://www.tiktok.com/@marthial10/video/7419312526057327904,25500000,646300,7286,35100,15500,Best Street food 😊',original sound,Best food and best Street food 😂,faceless,english,video,#food #reaction #beef #abcxyz #snacks #wanderlust #diddyparty,,have,5,,,#foodies,6,,,,,let,48
fitwaffle,https://www.tiktok.com/@fitwaffle/video/7061632497322380550,25200000,1700000,14700,171600,38400,Ultimate cookie pie',scorpion,Triple layer cookie pie ,face,english,video,N/A,,home,5,,,#gainz,6,,,,,water,48
shezcooks,https://www.tiktok.com/@shezcooks/video/7423299255860808992,25100000,3000000,4807,775300,390600,creamy garlic pasta',Best Friend,pasta night 🍝 ,faceless,english,video,#pasta #pastanight #creamypasta #pastarecipe #cooking #food #dinnerideas #lunchideas #easyrecipe ,,hot,5,,,#macandcheese,6,,,,,*,47
Sam Jose,https://www.tiktok.com/@_samjose_/video/7488371816239516970,25100000,2000000,3462,65200,28900,fresh parmesan',original sound,Cheese wheel fettuccine alfredo 🤤 was this purchase worth it? ,faceless,english,video,#cooking #recipe #food #cheesewheel #cheesewheelpasta #fyp #foryoupage ,,meal,5,,,#macrofriendly,6,,,,,as,47
Petre-Andrei,https://www.tiktok.com/@petre.andrei.catana/video/7322730395521355040,24600000,803500,8496,39900,8439,blubbery cake',Hahahaha again,few reasons why in getting so much hate ,face,english,video,#cake #hate #fails ,,minute,5,,,#mealideas,6,,,,,milk,47
Pepper PH,https://www.tiktok.com/@pepper.ph/video/7427424112575810823,24400000,67300,507,11800,5824,Lumpiang Pinakbet',original sound - Pepper PH,A pinakbet that's ready for take-out? 🏃‍♀️💨 This lumpia recipe is one out of many that stood out to us in this year's Unilever Food Solutions' Future Menus report. Its handy shape makes it perfect to serve as an appetizer or as a lighter ulam option. 😋 @Knorr Pro Chefs ,faceless,undefined,video, #FutureMenus #FutureMenus2024 #PreppedForTomorrow,,no,5,,,#recipesoftiktok,6,,,,,olive,47
Kirbyyy,https://www.tiktok.com/@kirbyquimado/video/7468693561286937864,24300000,1800000,7649,300100,379700,Kirbyyy,original sound - Kirbyyy,Homemade Dubai Chocolate Strawberry Cups  1 1/2 cups kataifi 2 tbsp butter 200g milk chocolate 200g strawberry,faceless,english,video,#kirbyyy,,packing,5,,,#viraltiktok,6,,,,,egg,46
Jalalsamfit,https://www.tiktok.com/@jalalsamfit/video/7351855815520816417,24200000,1200000,2978,398000,94300,There is absolutely No Reason 🤷‍♂️,original sound,"Eating Healthy Does Not Have to be Boring! NEW Meal Prep Cookbook is FINALLY HERE!📖👨‍🍳❤️ There’s no reason for you to be eating plain boring foods for Meal Prep when you can eat delicious macro friendly meals like these by making simple and easy adjustments! My ultimate goal is to help as many of you, wether your goal is to lose fat, build muscle or eat healthier these recipes are suitable for EVERYONE! Eating meals like this will make your fitness journeys more enjoyable, fun and more importantly sustainable!  You can find all of these recipes in My Meal Prep Cookbook packed with Over 50+ Unique Meal Prep Recipes designed to make eating healthy a joy!👨‍🍳📖❤️ . . . . ",faceless,english,video,#healthyrecipes #mealprep #highprotein #healthymeals #fitness #foodie #easyrecipes #quickrecipes #lowcalorie #lowcaloriemeals #weightloss #fatloss #eathealthy #macrofriendly,,pancakes,5,,,#завтрак,6,,,,,taste,46
nutribullet,https://www.tiktok.com/@nutribullet/video/7180067923892145454,24200000,54400,307,2278,4331,Protein green smoothie with the NutriBullet Pro 900,original sound,3 reasons why the nutribullet Pro is the best blender for your morning smoothie! ,faceless,english,video,N/A,,prep,5,,,#beef,5,,,,,heat,45
Sam Jose,https://www.tiktok.com/@_samjose_/video/7475011800564682030,24100000,1500000,21400,46000,11700,this is,original sound,Would you eat this for breakfast? (With the vegemite 🤢) ,faceless,english,video,#cooking #recipe #food #australia #vegemite #foryoupage #fyp ,,protein,5,,,#cookie,5,,,,,easy,44
Patrick Zeinali,https://www.tiktok.com/@patrickzeinali/video/7351458862324518174,24100000,442600,1281,95200,31200,Cheesecake Cups,original sound,#Ad The cookies we love just got MMMproved  @Chips Ahoy! ,face,english,video,#Ad #cheesecake #easyrecipe,,recipes,5,,,#dessertideas,5,,,,,rice,44
Gordon Ramsay,https://www.tiktok.com/@gordonramsayofficial/video/7341108653442829601,24000000,1800000,14400,431700,88200,CURRY IN A HURRY',original sound,Its curry in a hurry from #NextLevelKitchen ! Enjoy the full recipe on my YouTube Channel now !,face,english,video,#NextLevelKitchen,,school,5,,,#eggs,5,,,,,that,44
Sam Jose,https://www.tiktok.com/@_samjose_/video/7453878848023694634,24000000,1600000,14500,129200,30700,Shakshuka,original sound,Would you eat this for breakfast? ,faceless,english,video,#shakshuka #cooking #food #recipe #fyp #foryoupage ,,soup,5,,,#explorepage,5,,,,,1/4,43
Food Dolls,https://www.tiktok.com/@fooddolls/video/7396806956427627818,23900000,642600,1665,277200,96800,Air Fryer Baked Oatmeal',Vibing,Air Fryer Banana Bread Baked Oatmeal ,faceless,english,video,#oats #oatmeal #airfryerrecipes #fooddolls ,,10,4,,,#homecooking,5,,,,,6,42
PlanetFood,https://www.tiktok.com/@thisisplanetfood/video/7285739768082746657,23800000,521600,2176,218400,111000,AIR-FRYER LASAGNE,WHAT IT IS X NO SCRUBS BY ALTEGO,"Airfryer Lasagne! 😍🔥 Serves 4 🇮🇹 Start by making a simple bolognese mix in a large saucepan (we used 750g pork and beef mince) 🍝 Add two serving spoons of the mix to your airfryer 🇮🇹 Cover with fresh lasagne sheets (fresh cook so much quicker than dried) 🍝 Now add a serving spoon of bechamel sauce 🇮🇹 Repeat x4 (or more, depending on how many layers you’d like) 🍝 Build your top layer with lasagne sheets, bechamel and a good handful of cheese (we used mozzarella) 🇮🇹 Sprinkle over 2 tsp each of basil and oregano and cook @ 150C for 20 - 25 mins 🍝 Serve with fresh salad and garlic bread, bellissimo!  ",faceless,english,video,#PlanetFood #FoodTok #AirfryerLasagne #Lasagne #AirfryerRecipe #AirfryerHack #EasyDinner #EasyRecipe ,,at,4,,,#honey,5,,,,,black,42
Maja✨,https://www.tiktok.com/@majasrecipes/video/7448085792871812358,23700000,1400000,15200,469900,114200,send',"Hold On, I'm Comin'","day 89/100: HOMEMADE MINI CHURROS🔥✨ FULL RECIPE LINKED IN BIO orr go comment on my ig post to have the full recipe sent to your dms! If you’ve been looking for an easy christmas dessert, look no further! This recipe is quick, easy & so fun to make, enjoy & happy holidays! 🎄🫶🏻",faceless,english,slideshow,#easyrecipe #easyrecipes #christmastiktok #christmasdinner #christmasfood #quickrecipes #churros #sweettreats #desserttiktok #dessertideas #chocolatelover ,,baking,4,,,#learnontiktok,5,,,,,medium,42
Baking Thursdays,https://www.tiktok.com/@bakingthursdays/video/7472950342049893678,23700000,2500000,10100,181300,377300,Wi Wi Wi,оригинальный звук,wi wi wi 🗣️🗣️🗣️  ,faceless,english,video,#wiwiwi #cat #catmeme #meme #cake #bakingthursdays,,but,4,,,#lunchboxideas,5,,,,,top,42
Crazy FOoD🌭,https://www.tiktok.com/@crazyfood03/video/7476773131269491990,23500000,491800,2781,246100,292700,180°C -5 min',Mona Lisa,Air Fryer Hotdogs 🌭                     ,faceless,english,video, #airfryer #airfryerrecipes #hotdog #schnellerezepte #easyrecipe #airfryermaster ,,can,4,,,#pancakes,5,,,,,meal,40
brooki,https://www.tiktok.com/@brookibakehouse/video/7277867959693970695,23400000,2800000,2572,86500,11300,DIML',original sound,Day in my life as a bakery owner 👩‍🍳 ,face,english,video,#bakery #bakeryowner #bakerylife #baking ,,cinnamon,4,,,#plantbased,5,,,,,parmesan,40
Sheri Wilson,https://www.tiktok.com/@sheri_wilson_/video/7436144181006863658,23200000,76600,1256,13800,24200,ginger ale floats 🍪🥤',original sound,"#ad Gingersnap Floats 🎅🎄with @canadadry ! The most delicious combo and the perfect way to get in the holiday spirit!  You’ll need- -Canada Dry Ginger Ale -vanilla icecream -caramel sauce  -gingerbread cookie Remove the lid from each of the cans, then add a scoop of vanilla icecream. Top with caramel sayce and add a gingerbread cookie on top!",faceless,english,video,#ad,,fried,4,,,#ramadanrecipes,5,,,,,place,40
Sara,https://www.tiktok.com/@nutrientmatters/video/7007516824120118534,23100000,2900000,7159,449500,201600,Potato Wedges',Pieces (Solo Piano Version),That dipping sauce + these potato’s 🤤,faceless,english,video,N/A,,grilled,4,,,#salad,5,,,,,+,39
Buddy Valastro,https://www.tiktok.com/@buddyvalastro/video/7151862220194975022,23100000,3400000,11800,84100,24300,when my kids ask me to make something for their school bake sale,original sound,no boxed brownies here ,face,english,video,#cakeboss #carlosbakery #buddyvalastro #blackpink #shutdown #blink #kpop ,,high,4,,,#strawberry,5,,,,,bake,39
Rosscotron,https://www.tiktok.com/@rosscotron1/video/7221587145947892998,22800000,714600,5395,82600,54400,"Started eating 3 boiled eggs salt pepper every morning, the crazy thing it did to my body......",Go Your Own Way (2004 Remaster),Eggs are too good for you ,faceless,english,slideshow,#eggs #diet #keto #gym #fitness #weightloss #weightlosstransformation #carnivore #lowcalorie ,,idea,4,,,#weightloss,5,,,,,eggs,39
Katina Eats Kilos,https://www.tiktok.com/@katinaeatskilosofficial/video/7301365966162709802,22700000,1400000,8522,64900,31300,20x20 Randy Santel Burger Stack Challenge',original sound,"I'm taking on the ""Randy Santel"" 20x20 Burger Stack Challenge! 2.4kg of burger patties, 1kg of hot chicken wings, large fries and a milkshake! I've got 1 hour, can I beat this? ",face,english,video,#foodchallenge #katinaeatskilos #fypシ #randysantel #foodie #girlvsfood #fyp ,,ingredient,4,,,"cookie,",5,,,,,set,39
Birchberry,https://www.tiktok.com/@birchberryco/video/7382650959429651754,22700000,3000000,7534,489800,69700,Baking Therapy 🍪❤️🌸,original sound,"The sounds of baking 🍪🤍🌸🍫 Baking Therapy | Part 2 The recipe's on our site birchberryco.com (link in bio)! Head to Recipes then ""Browned Butter Chocolate Chip Cookies"" 💖 Let us know how it goes!  ",faceless,english,video,#chocolatechipcookies #baking #cookies #bakingrecipe #bakingtherapy #baketok #aesthetic #asmr #cottagecore,,it,4,,,eggless,5,,,,,stir,39
Ereka Vetrini,https://www.tiktok.com/@erekasfood/video/7398578294247017759,22600000,35300,502,5418,2619,ONE PAN STUFFED SAUSAGE DINNER,original sound,"#SARGENTOpartner This MEXICAN-INSPIRED CHEESY STUFFED SAUSAGE DINNER (recipe below) is a quick, easy and absolutely delicious weeknight option. I taste tested @Sargento Cheese NEW String Smokehouse String Cheese™ and Fiesta™ Pepper String Cheese snacks and loved them. With 6 grams of protein per stick (see nutrition information for saturated fat content) them make for a wonderful grab and go snack and immediately inspired me to make this dish. #ad    Mexican Cheesy Stuffed Sausage  Serves 4-6    Ingredients;  8 chicken sausage links  8 Sargento® Fiesta™ Pepper String Cheese 1 can black beans drained and rinsed  1½ cup frozen corn thawed   ¼ red onion finely chopped  2 tbsp olive oil  ½ tsp salt  ¼ cup cilantro chopped  16 ounces salsa verde  16 ounces salsa    -Preheat oven to 400F  -Use a knife to slice open, but not through, each sausage link lengthwise.   -Insert one Sargento® Fiesta™ String Cheese into each sausage link.  -To a medium-sized bowl add the black beans, corn, red onion, olive oil, salt and cilantro. Mix well.  -Pour all the salsa into a x by x baking dish. Add the black bean mixture to the same baking dish. Place the stuffed sausage links on top of the veggies. Cover with aluminum foil and bake for 30 or until the sausage is cooked through. ",face,english,video,#SARGENTOpartner,,it's,4,,,#bakingrecipe,4,,,,,•,39
Panacea Palm,https://www.tiktok.com/@panaceapalm/video/7353678718159686945,22400000,1400000,3441,670900,199100,HIGH PROTEIN KOREAN POPCORN CHICKEN',original sound,"High Protein Crispy Korean Popcorn Chicken! 🔥🍗🇰🇷  ONLY 483 calories! Easy High Protein Meal Prep😋 Check out my high protein cookbooks for over 100+ recipes just like this one! 📕👨🏽‍🍳 (link in bio) Serves 4: 🍽️🍽️🍽️🍽️ Calories & Macros 📊 Per Meal: 495 calories  50g P | 68g C | 3g F Popcorn Chicken - 800g chicken breast (I get mine from @musclefooduk use code PANACEA!) - tbsp black pepper - 20ml soy sauce - 1 egg Korean Glaze  - 60ml soy sauce - ﻿﻿80ml water - ﻿﻿2 tbsp low cal ketchup (brand: Heinz 50% less) - ﻿﻿3 tbsp gochujang paste (found is most supermarkets) - ﻿﻿2 tbsp rice vinegar - ﻿﻿2 tbsp honey - ﻿﻿30g brown stevia (brand: pure via) Sweet Sticky Rice - 200g uncooked sticky rice (brand: Tesco) - 3 tbsp rice vinegar - tbsp sweetener - Salt to taste Cook to instructions then allow to cool for 10 minutes before adding 3 tbsp of rice vinegar, a tbsp of sweetener and salt to taste, mix again Garnishes - Chopped green onions (green parts) - Sesame seeds Storage & Heating ♨️ - Store for up to 5 days in the fridge  - To reheat, add a tsp of water and microwave for 3 minutes partially covered, once heated through mix well and enjoy! Check Out My High Protein Cookbooks for 100+ Recipes just like this one! (link in bio)👨🏽‍🍳📕",faceless,english,video,#mealprep #highprotein #koreanpopcornchicken #koreanfriedchicken #tastymealprep #easymealprep #lowcalorierecipes #gymfood #musclegain #fatloss #highproteinrecipes #panaceapalm #easyrecipes,,mango,4,,,#cheese,4,,,,,de,38
Patrick Zeinali,https://www.tiktok.com/@patrickzeinali/video/7365931426035846443,22400000,1500000,8794,220100,93200,Dubai Chocolate Bar',original sound,The best chocolate bar ive ever had!  ,face,english,video,#chocolate #dubai #easyrecipe #crunchy,,mushroom,4,,,#chef,4,,,,,each,38
Sara,https://www.tiktok.com/@nutrientmatters/video/6972222814074014982,22300000,2300000,8039,309300,192200,Stuffed Chicken breast',Dreamy,lactose sensitive may proceed with caution ⚠️,faceless,english,video, #stuffedchickenbreast,,not,4,,,#chickenrecipes,4,,,,,more,38
cristicarrillo,https://www.tiktok.com/@cristiiicarrillo/video/7449467336689601822,22200000,1500000,6033,341800,107100,husband: 'I'll be home in 5 minutes' me:,original sound,Mac and cheese for dinner ✨👩🏽‍🍳 . . . . ,faceless,english,video,#cookingathome #cookingforlove #pastarecipe #easyrecipes #fallrecipes #wifey #sahw #wifeskills #chefmode #wifematerial #cookingformyhusband #tiktokrecipe #fypシ #foodblogger #macandcheese ,,oreo,4,,,#creatorinsights,4,,,,,oven,38
jello,https://www.tiktok.com/@jello/video/7032309462442560815,22200000,115200,998,6182,9562,Stitch this video and show us your JelloUglyGood creation,original sound,Stitch this with your #JelloUglyGood creations!,faceless,english,video,#JelloUglyGood,,pan,4,,,#cuisine,4,,,,,sliced,37
Giorgiafitfood,https://www.tiktok.com/@giorgiafitfood/video/7236328270701006107,22100000,1900000,5226,382100,117200,3 Ingredients Viral Snack Chocolate Strawberries Bites 🍓🍫',,Recipe on IG link in bio 🍫🍓 ,faceless,english,video,#viralsnack #snack #3ingredientsrecipes #easyrecipe #chocolatestrawberries #yummyfood #deliciousdesserts ,,parmesan,4,,,#dinnerinspo,4,,,,,but,36
Giorgiafitfood,https://www.tiktok.com/@giorgiafitfood/video/7200356463020117253,22100000,1200000,2473,484200,100300,4 INGREDIENTS ❤️ Japanese Soufflé Pancakes 🍽️',Cute,"Risposta a @Y T  IG giorgiapaino for more recipes 💌🥞  INGREDIENTS 30g flour  20ml vegetable milk  2 eggs  25gr erythritol or sugar  1/2 teaspoon baking powder  Vanilla drops  Separate the egg whites from the yolks, whip the egg whites until stiff, adding the erythritol slowly.  Whip the yolk with the vanilla drops, the milk and then the flour, making sure you get rid of all the lumps.  Incorporate the egg whites carefully with a spatula from top to bottom. ",faceless,english,video, #pancake #japanesepancake #soufflepancake,,part,4,,,#easy,4,,,,,high,36
shezcooks,https://www.tiktok.com/@shezcooks/video/7424055700164316449,22100000,1800000,4086,771200,186400,CREAMY GARLIC PASTA recipe,Nice and Easy,"Creamy Garlic Pasta Recipe 😋 INGREDIENTS: 1tbsp oil / butter 🧈 1 onion 🧅  6-7 cloves garlic 🧄  2tbsp tomato paste 🍅  Small tub double cream ( 450ml ) 🥛 salt to taste 🧂 1tsp black pepper 🫙 1tsp Italian seasoning 🌿 1tsp basil 🌱 1tsp chilli flakes 🌶️ 6-8 tagliatelle balls ( pasta ) 🍝  1 babybel & cheese 🧀  METHOD:  1. Cook your chopped onion in some oil /butter on a medium heat until they’re translucent. (8-10mins)  2. Add your garlic and cook for 8-10 minutes or until garlic is soft. ( add salt here )  3. Add 2 tablespoons of tomato paste with a bit of water so it’s like a thick paste.  4. Add double cream to the pan and turn the heat to medium low.   5. Add your herbs & spices and let the sauce simmer.  6. Boil your pasta, 2 mins over the recommended time on the packet. On the highest heat.  7. Half way through the pasta boiling process, add some of that water into the sauce to loosen it up.  8. Add some cheese to the sauce.  9. When the pasta is done, add it into the sauce and mix.  10. Taste and season to your liking if you need to add or takeaway.  11. Add some grated cheese, let it melt and it’s done 😋",faceless,english,video, #creamygarlicpasta #pasta #creamypasta #pastarecipe #pastatiktok #easyrecipe #cooking #food #dinnerideas ,,rolls,4,,,#explorepage✨,4,,,,,"pepper,",36
Emily,https://www.tiktok.com/@emilyyons7/video/7448498641876176174,22100000,1500000,2725,60500,16700,Packing my kid's lunch who don't like school lunch 🍎🍱✨,original sound,Curry udon for my kid’s school lunch ,faceless,english,video,#lunchideas #lunchboxideasforkids  #lunchboxideas #fypシ #viralvideo #tiktokmoms #easylunch ,,sausage,4,,,#foodblogger,4,,,,,pour,36
Callmeaycha,https://www.tiktok.com/@call_me_aycha/video/7388247976939982085,22100000,132700,2033,13700,15300,TEMU organisation find',son original,🔎dpy7472  Download TEMU APP and Search Code*dpy7472* to find the suitcase and get EXTRA 70%OFF! (new app users only) Shipping takes less than 2 weeks! **** Téléchargez l’application TEMU et recherchez le code*dpy7472* pour trouver le rangement de chaussures et obtenez 70 % de réduction SUPPLÉMENTAIRE ! (nouveaux utilisateurs de l’application uniquement) L’expédition prend moins de 2 semaines !  ,faceless,english,video,#temu #temumusthave #temufinds,,today,4,,,#foodchallenge,4,,,,,be,35
Emily,https://www.tiktok.com/@emilyyons7/video/7438871803805601054,22000000,1500000,2705,76700,19200,Packing lunch for my kid who do not like school lunch',original sound,"My kids didnt break the TV while I was packing lunch for them, but they almost got into a fight 😂 asmr when you have 2 youngs kids This is how I cook beef udon in MY rice cooker:  thinly sliced beef (ribeye, sirloin, or your choice of beef) 1 tablespoon soy sauce 1 tablespoon mirin 1 teaspoon sugar 1 teaspoon sesame oil frozen udon noodles 1/4 cup water  Cooking 17 mins",faceless,english,video,#asmr #fypシ゚viral #tiktokmom #easyrecipe #lunchboxidea #easylunchbox ,,viral,4,,,#foodlover,4,,,,,dried,35
Stealth Health Life,https://www.tiktok.com/@stealth_health_life/video/7371226412683922730,21900000,1500000,6028,392100,181900,pov: you learned how to meal prep high protein frozen burritos and have easy meals for the next 3 months,original sound,"High Protein Frozen Burritos are the Ultimate Meal Prep Meal prepping and freezing high protein burritos changed the game for me - and was actually the first “meal prep” content I ever made I had honestly never meal prepped until I realized just how convenient having easy, high protein meals stocked in my freezer was. It made my life SO MUCH easier on days I didn’t feel like cooking Since I started posting frozen burrito recipes, I’ve received thousands of DMs showing your freezers stocked with 10, 20, 30 and even 100+ of my high protein burritos at a time If you’re looking to enter the burrito meal prep game, here are my top tips👇 Freeze Your Burritos - Storing frozen keeps burritos tasting their best, and allows them to last for months. It allows you to prep in huge bulk (think 20-30 burritos/meals at at time) without worrying about them going bad/going uneaten - Wrap individually and freeze, or place burritos on a sheet pan and toss in the freezer uncovered (“flash freeze”) and then add to a gallon sized bag. Flash freezing first keeps them from sticking together while freezing Reheat Method  - Remove your burrito straight from the freezer, wrap in a paper towel, microwave for 1.5-2 minutes to thaw (flip halfway) - the goal is to get the interior softened but not hot. Next, air fry (I usually do 375 degrees for 6-7 minutes), or pan fry until crispy. Your burritos will come out perfectly crisp (not soggy) and taste as good, if not better, than fresh Slowly Stockpile - You don’t need to spend hours and hours prepping - start by making 1-2 of my recipes a week (which will usually yield 20-30 burritos/meals). Repeat weekly, rotating recipes based on preference, and you’ll slowly build a huge stockpile of frozen meals. The concept is to be in a “meal prep surplus” - cooking more than you eat each week, until you eventually have enough meals to last for months Make a Low Calorie Side Sauce - I like to make simple, high protein yogurt sauces as a pairing. Low fat greek yogurt (and Skyr) taste nearly identical to sour cream - and can also add an additional 10+ grams of protein to your meal for minimal calories. Try mixing plain yogurt or Skyr with your favorite hot sauce for a delicious dipping sauce. If you’re hesitant, start with full-fat greek yogurt (5%) which still has a great protein-to-calorie ratio and tastes incredible Cool the Filling Before Rolling - When I prep burritos in bulk, I tend to just mix everything together to create a “filling” instead of adding each ingredient separately. After creating the filling, I like to place it in the fridge/freezer for 15-20 minutes so it can thicken - and it makes rolling burritos perfectly completely effortless If you’re looking for recipe ideas - I have an entire chapter in my meal prep cookbook dedicated to high protein frozen burrito preps, and tons of recipes on my feed ",face,english,video, #stealthhealth #highprotein #macrofriendly #mealprep #burritomealprep #frozenburrito #proteinburrito #macrofriendlyrecipe ,,who,4,,,#health,4,,,,,how,35
𐙚 Lil,https://www.tiktok.com/@lilluxlil/video/7382622093399166250,21900000,1200000,1732,288000,81700,Let’s make dinner for my boyfriend 🌶💕👨‍🍳',7969 Santa,"perks of having a Sicilian girlfriend 👩🏻‍❤️‍💋‍👨🏽🍝 Spicy vodka pasta, chicken & caesar salad for my pookis dinner tonight🍝 Here’s the measurements to make it:  1/2 a box of rigatoni pasta  1 tbsp olive oil & 2 tbsp butter  1 large shallot 2 cloves garlic 4-5 tbsp tomato paste  1/2 - 1 tsp red pepper flakes (depends on how spicy you want it 🌶️) 1 shot (about 1 - 1 1/2 tbsp) vodka ~ 1 cup heavy cream 🧂: salt, pepper, Italian seasoning Shredded Parmesan to taste (I used maybe about 1/3 of a cup) Reserved pasta water 🎀 Shop my kitchen, storefront linked!!!",faceless,english,video, #foryoupage #foryou #recipe #cookwithme #cooking #for #my #boyfriend #gigihadid #spicy #vodka #pasta #chicken #caesarsalad #italian #recipes #pink #kitchen ,,1,3,,,#healthybreakfast,4,,,,,one,35
EpicSweetCakes,https://www.tiktok.com/@epicsweetcakes/video/7440117900553293089,21900000,39200,237,3052,737,Black friday week Chez Amazon',son original,#publicité ✨Profitez d'économies allant jusqu’à -35% sur un large choix de produits pendant la Semaine Black Friday du 21 novembre au 2 décembre sur Amazon.fr ! Alors quel est le produit que tu ne veux pas manquer ?,face,french,video,#AmazonFR #AmazonBlackFridayWeek #publicité,,2,3,,,#healthyrecipe,4,,,,,link,34
Denisiya - EatMee Recipes,https://www.tiktok.com/@eatmeerecipes/video/7338076135907003654,21800000,1200000,4676,383800,113700,pov: you're craving the buldak soup noodles,original sound,"This way is so much better than the dried up version 🔥 Buldak Soup Noodles: * Make 200ml of chicken stock. * Boil 1 pack of Samyang Buldak Carbonara noodles in some boiling water, once soft & can untangle from the block then add 100ml chicken stock. * To a bowl, add the carbonara sachets - sauce & powder. Add 1 egg yolk & 1 tablespoon kewpie mayonnaise. Mix well until it forms a paste, then add in the remaining 100ml chicken stock. Mix well. * Once the noodles are cooked, add it to the sauce mixture. Mix well.  * Top with chopped coriander or spring onion, & some chilli oil. Other toppings may be added if preferred. * Enjoy!  ",faceless,english,video,#eatmeerecipes #samyang #buldak #buldakramen #carbonara #southafricatiktok #nomediocre #ramadan2024 #ramadanrecipes,,actually,3,,,#jacketpotato,4,,,,,well,34
Marian Sarkisian,https://www.tiktok.com/@cakesbymarian/video/7480271145326005550,21800000,739900,2858,17400,35000,Which one is cake? Round 1',In The Kitchen,How many did you guess correctly? ,faceless,english,video,#cakesbymarian #cakedecorating #cakeart #cake #cakes #realisticcake #realorcake #viralcake ,,ai,3,,,#keto,4,,,,,an,33
Eat with Martis,https://www.tiktok.com/@eatwithmartis/video/7460308256783617286,21600000,83800,176,23700,10900,Sopa de Conchitas con carne molida y papa',Home,"Una de mis sopas favoritas, super apapachadora y lo mejor.. super rápida y fácil! Sopa de conchitas con carne molida y papa 🩷 Necesitas: 2 bolsas de pasta de conchitas 1 lata de papa cocida en cubos de Del Monte @DelMonteMX  Aceite de oliva 5 jitomates 1/2 cebolla blanca  2 dientes de ajo Sal y pimienta  1 cucharada de orégano  1 cucharada de comino 500g carne molida de res Agua al gusto Comienza licuando los jitomates con la cebolla y ajos. Sazona con sal, pimienta, orégano y comino.  En un sartén, agrega aceite de oliva y luego prepara la carne molida, sazonando con sal y pimienta. Reserva. En una olla, fríe la pasta. Vierte la mezcla que se licuó. Deja que hierva y agrega la carne. Por último, agrega la papa cocida en cubos. Listo ✨✨✨ ",faceless,spanish,video,#CuestadeEnero #ComidaSaludable #DelMonte #ComeBien #PublicidadPagada #PatrocinadoPor ,,apple,3,,,#kitchen,4,,,,,recipes,33
Stealth Health Life,https://www.tiktok.com/@stealth_health_life/video/7347857054394010923,21500000,1800000,4651,395500,99900,pov: you've been following my slow cooker meal prep series and don't have to cook again for a month,original sound,"The Slow Cooker Meal Prep Series has hit over 125 MILLION views across platforms 🤯 The bulk approach to meal prepping has been a game changer for me (there's no better feeling than having a freezer stocked with 60-70+ high protein meals, ready to go whenever) - so it's awesome to see so many of y'all feel the same 🙏 The slow cooker is the ultimate tool for making bulk meal prep as simple as possible My content has been focused on meal prep for quite a while now - and there's a few things l've learned since making meal prepping my full time job 👇 1.) Freezing meal preps is essential. From a pure taste perspective - meal preps stored frozen retain flavor and freshness FAR BETTER than anything stored in the fridge. I've found that food stored for a month frozen tastes better than food stored in the fridge for just 24 hours. Equally as important - if you store meal preps frozen, there isn't ""pressure"" to finish them within 5-7 days to avoid them going bad. Aka - your meal preps aren't a ticking time bomb. Freezing meal preps allows you to build a massive stockpile of meals in your freezer that are available whenever you want them 2.) This ties into the first point - but meal prep in BULK. Find a recipe you like, and scale it to make 10+ servings (I know some people take my recipes and scale them up to 20 serving meals). Again, freezing is essential here so that you can store meals for the long term + don't have to eat the same thing 10 straight days 3.) Lastly, and by far the most important if you want to succeed with meal prep: the meals have to taste amazing and be something you genuinely look forward to eating. You want your meal preps to sound better than anything you could get at the food court. I have tons of free recipes on my feed for you to try out, and an entire meal prep cookbook with 100+ high protein recipes built to make the process as enjoyable as possible (and yes, an entirely slow cooker focused cookbook is coming later this year) Let me know what recipes you want to see next as part of this series! ",face,english,video,#stealthhealth #mealprep #highproteinrecipes #macrofriendlyrecipes #mealpreprecipes #slowcookerrecipes ,,ask,3,,,#lasagne,4,,,,,remove,33
iramsfoodstory,https://www.tiktok.com/@iramsfoodstory/video/7452792317611740458,21500000,2500000,5706,825000,371100,BROWN BUTTER brookies brownies + chocolate chip cookies',original sound,"Brown butter Brookies Recipe Ingredients: For the cookie layer: - 1/2 cups unsalted butter, melted and cooled - 1/2 cup light brown sugar - 1/3 cup granulated sugar - 1 large egg, room temp - 1 tbsp vanilla extract - 1 1/4 cups all-purpose flour, spooned and leveled - 1/2 tsp baking soda - 1/2 tsp flaky sea salt - 1 1/2 cups semi-sweet chocolate chips For the brownie layer: - 1 cup unsalted butter - 1/2 cup Dutch-processed cocoa powder - 1 tsp vanilla - 1/2 light brown sugar, spooned and leveled - 1 3/4 cup powdered sugar - 3/4 cup semi-sweet chocolate chips - 1/3 cup semi-sweet chocolate, chopped - 3 eggs, room temp - 1/2 cup all-purpose flour - Pinch of salt - 3 tbsp olive oil Method: 1. Preheat oven to 350 FF. Line an 8*8 inch pan with parchment paper. 2. Prepare the cookie layer: Mix flour, baking soda, and salt. Set aside. Combine melted butter, brown and granulated sugar, egg, and vanilla. Whisk until smooth and fluffy for about 2-3 min. Add dry ingredients and chocolate chips. Mix until just combined. 3. Prepare the brownie layer: The browned butter mixture: Melt butter in a saucepan over medium-low heat. Stir every 10 seconds until foamy (6-8 minutes). Continue until milk solids turn golden brown and smell nutty. Transfer to a heatproof bowl. Add cocoa powder, oil, vanilla, and chopped chocolate; mix until smooth. In a separate bowl Whisk 3 eggs and light brown sugar for 5-6 minutes until dissolved. Add powdered sugar; mix 1-2 minutes until combined.Add cooled browned butter mixture; mix until smooth. Add flour and chocolate chips; mix until well combined. Note: Dissolving sugar in eggs ensures a crackly top. 4. Layer the cookie and brownie batters in the prepared pan. 5. Bake for 50-55 minutes or until the edges are golden and center is a little fudgy. 6. Let cool completely before cutting into brookies. Note: You can adjust the layering to your preference,, or by creating a marbled effect by swirling the two batters together.  ",faceless,english,video,#brookie #brookies #brownie #cookie #recipe #baking,,banana,3,,,#lowcalorie,4,,,,,"salt,",33
Giorgiafitfood,https://www.tiktok.com/@giorgiafitfood/video/7297562167107259681,21200000,1100000,1893,443400,48800,4 ingredients soufflé pancakes',Solas x Interstellar,recipe on IG “giorgiapaino”🥞🍓,faceless,english,video,#souffle #soufflepancake #pancakes #japanesepancake ,,broccoli,3,,,#mealinspo,4,,,,,vanilla,33
Marian Sarkisian,https://www.tiktok.com/@cakesbymarian/video/7444268233470922027,21100000,41500,933,2146,2411,Lexus or Cake?',original sound,Have your Lexus and eat it too! @Lexus #LexusRX ,faceless,english,video,#LexusPartner,,brownie,3,,,#nobakedessert,4,,,,,ingredients:,32
Giorgiafitfood,https://www.tiktok.com/@giorgiafitfood/video/7239308690560486683,21000000,836300,3339,230900,108700,nutella Stuffed Crêpes',,Recipe on IG giorgiapaino 🍫 ,faceless,english,video,#nutella #nutellalovers #nutellachallenge #deliciousdesserts #desserttiktok #1minuterecipe #viralrecipe #easyrecipe #chocolatedesserts ,,budget,3,,,#onepanmeal,4,,,,,melted,32
Jessica | soft cake & u-taste,https://www.tiktok.com/@jessicaofutaste/video/7446675967994596638,20600000,794400,3535,201900,71400,Castella Cake,Holly Jolly Christmas,Castella cake. Recipe linked in my bio. ,faceless,english,video,#softcake #fluffycake #castellacake #cake #recipe #baking #cooking #fyp #viralvideo #viraltiktok ,,bueno,3,,,#onepotmeals,4,,,,,out,32
#foodies❤️,https://www.tiktok.com/@foodforyourmood/video/7038351316296420613,20500000,534100,1952,33300,33100,Would you try this?,original sound,Would you share this? [📸: @fitwaffle ] ,faceless,english,video,#pancakes #kitkat #cheesecake #chocolate #tiktokfood #foodtok,,cheesecake',3,,,#oreo,4,,,,,protein,32
Danielle Brown | easy recipes,https://www.tiktok.com/@healthygirlkitchen/video/7138195983682309418,20500000,2000000,6456,440300,43200,life-changing salads',Love You So,These salads are ADDICTING ✨🥗 I can’t wait to show you how to make the best salads you’ll ever have.,faceless,english,video, #saladtiktok  #healthyrecipes ,,cream,3,,,#potatoes,4,,,,,red,32
Petre-Andrei,https://www.tiktok.com/@petre.andrei.catana/video/7350828924189887776,20400000,970600,16700,72500,97400,chocolate cake',Barça,5 most hated videos ,face,english,video,#cakes #baking #fails ,,cucumber,3,,,#restock,4,,,,,up,32
Maja✨,https://www.tiktok.com/@majasrecipes/video/7471407983918894341,20200000,2300000,3510,594900,239400,pov: you need pasta inspo for dinner',Pink Pony Club,"pov: you need pasta dinner inspo✨ FULL RECIPES LINKED IN MY BIO! Always craving a quick & tasty meal? You are going to LOVE all of these lunch/dinner ideas!😏 Looking for a quick & easy pasta recipe for valentines day? Whether you’re planning a cozy date night at home or need a new family favourite, you are going to fall in love with all of these recipes! Enjoy! Instructions: 1. Click link in my bio! Recipes: 1. CREAMY CHICKEN GARLIC PARMESAN PASTA RECIPE 2. EASY ROASTED RED PEPPER PASTA SAUCE (CREAMY RECIPE) 3. CREAMY SAUSAGE PASTA RECIPE 4. EASY AND CREAMY TOMATO GARLIC PASTA RECIPE 5. CREAMY PESTO CHICKEN PASTA (EASY ONE POT RECIPE) COMMENT - PASTA or YES on my instagram - I’ll DM you the link to all of my top pasta recipes! ♥️ Stay Hungry, Maja ♥️👩🏻‍🍳",faceless,english,video,#recipeshare #easyrecipe #pastalover #mealinspo #recipeoftheday #creamypasta #chickenrecipes #valentinesday #pastatiktok #foodtok #easyrecipes #pastarecipe #chickentok #mealprep #gainz ,,curry,3,,,#snack,4,,,,,fresh,31
Pepper Belly Pete,https://www.tiktok.com/@pepperbellypete/video/7083954175410752814,20100000,2300000,29500,233500,263500,Flavor-Time Mac&Cheese,original sound,Flavor-Time Mac and Cheese ! ,face,english,video,#tiktokcooks #macandcheese #easter #dinner #yum #receta #fyp #foryou #foryoupage #fypシ #viral,,days,3,,,#snacks,4,,,,,me,31
APOUTCHOU comedy,https://www.tiktok.com/@marthial10/video/7462305797217766678,20100000,552400,6607,26000,16500,Best food indian 😂',Funny,Street food indian 😂@Amelia Montgomery @APOUTCHOU comedy ,faceless,english,video,#foodlover #foodies #snacks #cuisine #fyppp,,delicious,3,,,#tasty,4,,,,,onion,31
cozyfoodwithemi,https://www.tiktok.com/@cozyfoodwithemi/video/7489583110531616043,20100000,1700000,3227,544000,145100,fudgey brownies',original sound,"fudgey brownies 2 eggs 1/2 cup (42g) cocoa powder 1/2 tsp (3g) each salt and baking powder 1 1/2 tsp (6g) vanilla 1/2 cup (113g) unsalted butter (melted) 1 cup (200g) sugar 3/4 cup (90g) flour 2 tsp (4g) espresso powder 1 cup (170g) chocolate chips *mix together eggs, cocoa powder, salt, baking powder, instant espresso, and vanilla. in a separate bowl cream butter and sugar, then microwave gradually (15 sec at a time) until sugar dissolves and is shiny. Combine the egg and butter mixtures well, then add flour and mix gently, do not overmix. add chocolate chips and fold until combined. pour into a 9x9 pan and bake at 350 for 28-30 min. ",faceless,english,video, #brownies #easy #baketok #recipe #baking,,don't,3,,,#thegoodbite,4,,,,,"powder,",31
Jiaxin’s homecafe,https://www.tiktok.com/@h0mec4fe/video/7174732792360652033,20100000,1900000,4279,204000,29000,part 1: make a strawberry charlotte with me 🍓🍰',last christmas,"Strawberry charlotte except theres blueberry and lemon cream inside😓what should i call the cake now? (pls give name ideas in the comments) and stay tuned for part 2, the reveal!❤️ ",faceless,english,video,#fyp #viral #cake #charlotte #strawberry #christmas #christmasbaking #aesthetic #recipe ,,dough,3,,,#tiktokrecipe,4,,,,,10,30
APOUTCHOU comedy,https://www.tiktok.com/@marthial10/video/7462673416785530134,19900000,585700,6675,23200,22300,Best food indian 😂',Funny,#foodlover #foodies #snacks #cuisine #fyppp #crumblcookies Best food indian 😂,faceless,english,video,#foodlover #foodies #snacks #cuisine #fyppp #crumblcookies,,eat,3,,,#veganrecipes,4,,,,,creamy,30
Giorgiafitfood,https://www.tiktok.com/@giorgiafitfood/video/7306930460221771040,19800000,1400000,3653,382800,52100,3 INGREDIENTS OREO CAKE',Surround Sound,recipe on 1G “giorgiapaino” 🍫  ,faceless,english,video,#oreocake #oreo #oreobiscuitcake #3ingredients #3ingredientsrecipes,,egg,3,,,#vegantiktok,4,,,,,crispy,30
Mei & Kyong,https://www.tiktok.com/@two.plaid.aprons/video/7450910912992513311,19800000,1000000,4609,95100,29400,Beef Wellington',Souvenir De Paris,"Beef Wellington that even @Gordon Ramsay  would eat! And only took 2 days to make! Full Recipe is on our Blog, LlNK is in our Bl0! Just type “Beef” in the search!❤️   ",faceless,english,video,#beefwellington #beef #wellington  #easyrecipes #recipes,,ever,3,,,#yum,4,,,,,teaspoon,30
Ema’s Cozy Bakes 👩🏻‍🍳🍪🫐,https://www.tiktok.com/@lissjwee/video/7416059736002530568,19800000,2800000,5347,341500,130900,How potatoes speaks to me:',be my baby,"💋🤘🏻 recipe : I used two large potatoes in the recipe.  First, steam the potatoes for an hour.  After mashing, add two tablespoons of butter + salt + black pepper.  You can put it in the oven at 350 degrees for 10 minutes or in the air fryer at 200 degrees for 10 minutes.  ",faceless,english,video,#foryou #fyp #potatoes #cooking #aesthetic #baketok #snack,,favorite,3,,,#вкусноибыстро,4,,,,,by,29
Kaoutar,https://www.tiktok.com/@kooki_lovescooking/video/7246365404283784450,19700000,1100000,2583,589400,120500,Lemonies 🍋 (Lemon brownies),Aesthetic,160g of sugar 160g softened butter 1 tbsp lemon zestes  50ml lemon juice  250g of flour + 1 pinch of salt  1/2 tsp of baking powder  2eggs For the topping:  90g of icing sugar Lemon zestes 2 tbsp of lemon juice ,faceless,english,video,#blondies #lemonies #lemoncake #cakes #cake  #recipes #recipe #easyrecipe #tiktokrecipe #foryou,,frozen,3,,,#готовимвкусно,4,,,,,chips,29
Healthy Viral Recipes,https://www.tiktok.com/@healthfood/video/7332625543822691627,19600000,545300,1333,217800,48200,viral 5 minute BREAKFAST SANDWICH,Fire for You (Sped Up),"Get crackin’ with breakfast in only 5 minutes!😍🍳🍅 This BEAUTIFUL breakfast sandwich, created by 🎥🎥@Patricja | recipes & fitness , will be your motivation to get out of bed!😋✨☀️ Would you try this?? ",faceless,english,video,#viral #easyrecipes #quickrecipes #breakfast #idea #sandwich #egg #breakfastsandwich #yummy #delicious #healthy #healthfood #health #nutrition #fyp ,,had,3,,,#3ingredientsrecipes,3,,,,,cloves,29
Taylor Chace,https://www.tiktok.com/@chacekitchen/video/7413538541986254123,19200000,1800000,5827,928300,227900,MARRY ME CHICKEN NOODLE SOUP RECIPE',La vie en rose (Cover Edith Piaf),"Soup Series Part 1: Marry Me Chicken Noodle Soup 💍❤️ Ingredients: 3 large carrots, chopped 3 celery stalks, chopped 1 yellow onion, chopped 1 small parsnip, chopped 1/4 cup white wine 1 tbsp butter 8 garlic cloves, minced 6 tbsp tomato paste 6 tsp chicken bouillon 6 cups water 1/2 lb noodle of choice, cooked (I like small thick noodle for this recipe so l used tubetti rigati) 1 lb chicken (or 2 chicken breasts). You can also use rotisserie chicken if you want to skip cooking the chicken. 1 tbsp avocado oil (for cooking chicken)  4-5 tbsp chopped sun dried tomatoes (I used ones from a jar) 1 tbsp of oil from the sun dried tomato jar 1 tsp Italian seasoning 1/2 tsp dried parsley 1/2 tsp dried oregano 1/2 tsp dried basil 1/2 tsp salt 1/2 tsp pepper 1/2 tsp red pepper flakes 3/4 cup cream handful fresh parsley, chopped handful of fresh basil, chopped freshly grated parmesan cheese, to top Method: Slice chicken breasts in half and season. I used salt, pepper, garlic powder, and onion powder.  In a large pot, cook chicken in avocado oil over medium high heat until cooked all the way through (I do about 3-4 min each side). Set aside and chop into bite size pieces. In a separate pot, boil some water and cook your pasta according to package (al dente). Strain and set aside.  In the same pot you used to cook chicken, heat up 1 tbsp sun dried tomato oil over medium heat. Once your pan is hot, add onions and sauté for a minute or so before adding in the white wine. Deglaze the pan (scrape the bottom and let the wine cook off). Add in celery, carrots, and parsnip. Sprinkle a little salt on the veggies. Saute for about 5 min or until they start to soften.  Create a space in the pan, add the butter and garlic directly into the butter. Cook for another minute, stirring so it does not burn. Add in tomato paste. Stir in and let cook for a few minutes or until the tomato paste starts to turn a slightly darker color before stirring in sun dried tomatoes and chicken bouillon. Add water and seasonings (salt, pepper, Italian seasoning, dried parsley, dried basil, dried oregano, red pepper flakes). Bring to a boil, reduce to a simmer, cover, and let cook for about 10 min. Add heavy cream, cooked pasta, cooked chicken, fresh parsley, fresh basil, and parmesan cheese. Enjoy! ",faceless,english,video,#soup #soupseason #souprecipe #dinner #dinnerideas #dinnerinspo #dinnertime #souptok ,,healthy,3,,,#alfredo,3,,,,,cooked,29
Fatma Nur Kılıç,https://www.tiktok.com/@kilic_story/video/7454212655746747670,19200000,627800,6685,83500,33700,Squid Game',Round and Round Mingle Song Squid Game 2,Squid Game Cookies 🟥🔺🔴 Zutaten:  200g Zucker  1/2 TL Backpulver  ,faceless,english,video,#squidgame #squidgames #foodtrend #foodie #squidgame2 ,,indian,3,,,#asmreating,3,,,,,it’s,29
Archersfood.com🍯FREE recipes,https://www.tiktok.com/@archersfood/video/7468374665942027542,19200000,1500000,3799,418800,324900,No bake Nutella cheesecake',Sixty Second Commercial 1 by Michael Reynolds,No bake Nutella cheesecake 🎞️ recipe in our website! archersfood.com ✨🎀 ,faceless,english,video,#nutella #nutellacheesecake #nobakecheesecake #foodtok #baking ,,jacket,3,,,#asmrfood,3,,,,,made,29
Bernard,https://www.tiktok.com/@bernardh14/video/7386393676328521003,19100000,537800,7960,32800,45900,Best fryer on the planet,original sound,Outdood monster fryer ‼️‼️ ,face,english,video,#foryou #fypシ゚viral #explorepage #viral #foryoupage #foodchallenge #explorepage✨ #foodphotography #foodie #chef #brunch #foodtiktok #cheflife #tiktok #explore #foodnetwork #brunchtok #fypage #explorepage✨ #foodcritic #fypage #asmr,,kid,3,,,#baker,3,,,,,minutes.,29
Maddy,https://www.tiktok.com/@nourished.by.mads/video/7431392948010421535,18900000,1100000,2357,299100,112200,Teriyaki Chicken Bowl',original sound,Teriyaki Chicken Bowl 🍗  ,faceless,english,video,#highprotein #highproteinmeals #chicken #teriyakichicken #chickenbowl #healthy #healthyfood,,kinder,3,,,#bakingtherapy,3,,,,,bowl,28
Naterbean,https://www.tiktok.com/@naterbean/video/7325240552658717998,18800000,987800,3052,232200,32500,One pan',original sound,1 pan meal 🤌🏼🔥 - - ,faceless,english,video,#easydinner #simplerecipe #simpledinner #onepanmeal #foodie #dinnerideas #fyp #foryou,,lemon,3,,,#banana,3,,,,,dough,28
Juliette,https://www.tiktok.com/@itsmeju1iette/video/7441725945561599263,18700000,1500000,14600,104500,497400,My dream birthday cake 🍒✨',som original,sexiest cake ive seen. 🥒  ,faceless,english,video, #trending #pickles,,let's,3,,,#bentocake,3,,,,,our,28
The Princess Daily Life,https://www.tiktok.com/@ppchicc/video/7395545126489181483,18600000,953600,2243,69000,33500,Make frozen yogurt with me',original sound,Yougourt  ,faceless,english,video,#asmr #asmrsounds #satisfying #satisfyingvideo #trending,,lunch',3,,,#breakfastidea,3,,,,,these,28
jello,https://www.tiktok.com/@jello/video/7042436992763694382,18600000,67800,269,3858,6290,Hot Cocoa Pudding Cups - You can’t mess this up! Makes 12 espresso cups!',original sound,Santa. Standup guy who def needs to work on his standup. ,faceless,english,video,#northpole #holidaycountdown #christmasrecipe #christmastok,,made,3,,,#brownie,3,,,,,lemon,27
May’s Kawaii Kitchen,https://www.tiktok.com/@may.kawaiikitchen/video/7278743812128935214,18100000,1300000,2960,419800,103800,POV: when you discovered cinnamon french toast rolls and never looked back 🍯',La dolce vita (In via Veneto) - Remastered 2017,Cinnamon French Toast Rolls 🍞 Craving a delicious dessert? Look no further than these Cinnamon French Toast Rolls! 😋💓 Ingredients👇🏻 Cinnamon Butter Mixture:  - 35g butter 🧈  - 25g brown sugar 🍭  - 1/2 tbsp cinnamon powder ✨ Wet Mixture: - 1  egg 🥚  - 1/2 cup of milk 🥛  - 1/4 tsp vanilla extract 🍨 Cinnamon Sugar Mixture:  - 3 tbsp sugar 🍭 - 1/2 tbsp cinnamon ✨ Optional: -Nutella - Sugar icing  ,faceless,english,video,#cinnamonfrenchtoastrolls #cinnamonfrenchtoaststicks #cinnamonfrenchtoast #cinnamonfrenchtoastrecipe,,me',3,,,#caesarsalad,3,,,,,"minutes,",27
jello,https://www.tiktok.com/@jello/video/7021917718207057157,18000000,142000,449,7594,13600,Cemetery Dirt Cups',original sound,"With these dirt cups, it’s always bones day 🦴",faceless,english,video,N/A,,me:,3,,,#cheflife,3,,,,,some,27
Maja✨,https://www.tiktok.com/@majasrecipes/video/7452159412241829126,17900000,1400000,7287,454900,89900,100',Come On Eileen - Single Edit,"day 100/100: CREAMY RED PEPPER PASTA🔥✨ FULL RECIPE LINKED IN BIO orr go comment on my ig post to have it sent to ur DMs❤️🥰 Always craving a quick & tasty pasta dish? You are going to LOVE my creamy red pepper pasta! Best of all, it comes together in 20 minutes—perfect for busy weeknights or lazy weekends! You have to try this creamy pasta recipe, it is sure to become your new weekly staple! Or Google “majas recipes red pepper pasta” P.S. CANNOT believe this series has come to an end, thank you for being here! & I promise to only take a couple days off & I’ll see you guys soon!  It’s been such a journey, but I am indescribably grateful for this community, love you guys so much! Stay Hungry, Maja ♥️👩🏻‍🍳  ",faceless,english,slideshow,#easyrecipe #easyrecipes #christmasdinner #christmastiktok #pastatok #pastalover #foodtok #quickrecipes #christmasfood #mealprep #gainz #creamypasta #pastarecipe,,meals,3,,,#chickenalfredo,3,,,,,them,27
Yummy Little Belly,https://www.tiktok.com/@yummy_little_belly/video/7214932974075120901,17900000,483300,1063,227700,63200,4 INGREDIENTS BREAKFAST BARS!',This Will Be (An Everlasting Love),"4 INGREDIENTS BREAKFAST BARS! Ingredients  * 240g ripe banana (approx 3 medium bananas) * 120g porridge oat (1 1/2 us cups) * 2 big tablespoons smooth peanut butter (or the nut butter you like) (1/2 us cup) * Big handful of chocolate chips (optional-avoid for younger babies)** **can be substituted with a handful of blueberries, raspberries or chopped strawberries! 🍓🫐 Method  1. Preheat oven to 180°C (350 degrees F) lightly freeze a baking dish or line it with parchment paper. 2. Smash the banana, then add all the rest of the ingredients and mix well. 3. Bake for 35 to 40 minutes, or until golden brown. 4. Allow to cool completely before slicing into bars. 👶🏻 Suitable from 6+ months (avoid chocolate for younger babies) ❄️ Store in the fridge for 3 days or freeze up to 3 months. ",faceless,english,video,#babyledweaning #babyfood #breakfast #kidsbreakfast #kidssnack #healthyfood #healthybreakfast #blwideas #blwrecipes #blwinspiration #toddlerlife #toddlerbreakfast #toddlerrecipes #healthybreakfast #snack #healthysnack #carros #babyledeating #breakfastbar #firstfoods #whatmytoddlereats #whatmybabyeats #blwjourney #banana #chocolate #ricetteperbambini #easysnack #motherhood,,new,3,,,#chickenrecipe,3,,,,,"bowl,",26
Ersin Gündüz Cake Studio,https://www.tiktok.com/@ersingunduzcakestudio/video/7326183847488507142,17900000,562800,2603,15700,1229,CAKE OR REAL?',orijinal ses,Yeni oyun geldi 🥳😊 Tahmin skorlarını alalım 🥳🥳 ,faceless,english,video,#cakeorreal #game #realisticcakes,,on,3,,,#chocolatechip,3,,,,,get,26
Shoroq.kitchen,https://www.tiktok.com/@shoroq.kitchen/video/7345446327129558274,17800000,82200,453,28600,16200,"صيام"" ""فطور",الصوت الأصلي,وصفة كلها خير مع @نادك  Nadec  #نادك_كله_خير  : ورنا ابداعك باستخدام ٣ من منتجات نادك لوصفه غنيه وسريعه وانضم لتحدي نادك كله خير #نادك_كله_خير  : وصفة سهله ولذيذه  🌙,faceless,arabic,video,#وصفات #طبخ #وصفات_سهله #وصفات_رمضان  اعلان #نادك_كله_خير ,,or,3,,,#chocolatechipcookies,3,,,,,together,26
Jo and Bart,https://www.tiktok.com/@joandbart/video/7444603043418574102,17700000,600700,983,171600,61000,Creamy Garlic Pasta',Rockin' Around The Christmas Tree,"Creamy Garlic & Parmesan Pasta🧄🧀 As simple as it sounds, but soooooo delicious! This recipe is perfect if you're running out of time, need something easy to do but very tasty! The creaminess is so comforting, you won't get enough of it!😋 Ingredients: Pasta Butter Garlic Chicken broth Milk  Salt & pepper Parmesan cheese Parsley Bon appétit👌✨ Full measurements and instructions are in our Ultimate One Pot Cookbook 🔥  ",faceless,english,video,N/A,,overnight,3,,,#chocolatelover,3,,,,,8,25
The Golden Balance,https://www.tiktok.com/@thegoldenbalance/video/7461329381114383658,17500000,1400000,3715,532300,192200,Crispy Beef Tacos,Cancion Del Mariachi,The Final Meal 🥲 - Crispy Beef Tacos 🥺,face,english,video,N/A,,pie,3,,,#christmas,3,,,,,beef,25
Baiti ana,https://www.tiktok.com/@baiti_ana/video/7261704702511942917,17500000,255300,704,57600,42100,Watermelon Sticks,Pretty (Sped Up),#watermelon #watermelonsticks #hack #watermelon🍉 ,faceless,english,video,#watermelon #watermelonsticks #hack #watermelon🍉 ,,pie',3,,,#christmasdinner,3,,,,,diced,25
Keri Trbovich,https://www.tiktok.com/@thebunnedbaker/video/7260830108947123499,17500000,332300,792,62000,8906,How to wrap a Cupcake Bouquet',original sound,#cupcakebouquet #bouquetcupcakes #floralcupcaketutorial #dyi #howto #foryou ,faceless,english,video,#cupcakebouquet #bouquetcupcakes #floralcupcaketutorial #dyi #howto #foryou,,pizza,3,,,#christmasfood,3,,,,,no,25
Petya Marinova,https://www.tiktok.com/@recipe_road/video/7445342066311171361,17400000,762500,1441,330300,192500,Nacho cheese Chicken Slider buns,original sound,"Nacho cheese chicken slider buns The full recipe + macros is available on my recipe club platform ( meal plan week 39) the link for this is in my bio There are over 190 pdf recipe cards, all available for you to choose from! It's literally better than an ebook as I post 20 new recipes each month, most of which are completely exclusive to my recipe club platform and can't be found anywhere else! All recipes come with their own little easy to read pdf recipe card with ingredients, method, macros and a photo. You can save / screenshot and / print them too! It's such a nice way to have and keep all my recipes in one place. There is an option to purchase individual recipes from my platform without subscribing to my platform. All you have to do is click on the link in my bio, which will take you to my platform, then go to week plan 39 and you will see the specific recipe with an option to purchase. However it does work out more cost effective to pay the membership fee, you can cancel whenever you want, there are no cancellation fees or contracts. If you're looking for meal Inso, please check out my WithMe recipe platform - linked in my bio! 💕 ",faceless,english,video, #meals #mealplan #chickensandwich #chickensliders #easyrecipe #foodlover #cheesepull #slidersrecipe,,pudding,3,,,#christmastiktok,3,,,,,not,25
Karen’s Cooking,https://www.tiktok.com/@karens_cooking/video/7167116546349796650,17400000,2100000,5379,108000,15700,"Friendsgiving, but one of your friends is a professional chef",Made You Look,Not pictured: honey butter biscuits & truffle potato gratin 🦃🤎  ,face,english,video,#friendsgiving #chef #dinner #thanksgiving #foodies #foodtiktok,,recipe',3,,,#cocacola,3,,,,,shredded,25
jello,https://www.tiktok.com/@jello/video/7016417170389339397,17400000,176600,664,7438,14900,Oozing Brain 🧠',original sound,BRAINZZZ 🧠 ,faceless,english,video,#halloweentok #spookyrecipes #jellobrain #halloweenrecipe,,recipes',3,,,#cookingtiktok,3,,,,,small,25
Gimme Delicious,https://www.tiktok.com/@gimme.delicious/video/7357414007793323306,17300000,936600,4126,533800,163500,The best cinnamon rolls you will ever make,Aesthetic,"✨Learn how to make the BEST soft & gooey cinnamon rolls made tik-tok style with heavy cream. These cinnamon rolls with cream cheese frosting are a fan faovrite and will become your go-to cinnamon rolls! FULL RECIPE AT GIMMEDELICIOUS.COM (link in bio!) Ingredients For the dough: ¾ cup warm milk 2 ¼ teaspoons quick rise or active yeast 1/4-ounce package yeast ¼ cup granulated sugar ¼ cup butter melted 1 egg 2 ¾ cups all-purpose flour plus more if needed 1/2 teaspoon salt For the filling: 1 cup brown sugar light or dark 2 tablespoons ground cinnamon ½ cup butter softened or almost melted 1 cup heavy cream DO NOT MIX INTO FILLING For the cream cheese frosting: 4 oz cream cheese softened 4 tablespoons butter softened 1 cup powdered sugar 1 teaspoon vanilla extract Instructions To Make Dough: Warm milk in the microwave for 30 seconds, to just about 110F. Transfer warm milk to a large bowl or in the large bowl of a stand mixer fitted with the dough hook. Sprinkle yeast on top. Stir milk and yeast until yeast is mostly dissolved. Add Sugar, butter, egg, flour, and salt. Knead dough on medium speed for 3-4 minutes. The dough might seem wet at first but will become less sticky as you knead it. The dough should be soft, elastic, tacky and smooth. If the dough is still too wet, add another 1-2 tablespoons of flour. Alternatively, this can be done by hand. Grease prepared dough with oil and cover with plastic wrap or kitchen towel. Allow to rise for about 30 minutes or until almost doubled in size. To Make Filling: While the dough is rising, prepare the filling. In a medium bowl, combine the softened butter, brown sugar, and cinnamon (DO NOT add heavy cream). Mix until well combined; set aside. Once the dough has doubled in size, transfer it to a well-floured surface and Roll it into a 9x14-inch rectangle using a rolling pin. Spread filling over dough, leaving about 1/4 inch border all around the outside of the dough. Starting with the 14’’ side, tightly roll into a log and place the seam down to ensure it’s sealed. Cut the dough into 4 equal segments then cut each segment into 3 rolls, about 1 inch each. You should end up with about 12 equal slices. Place the rolls in a buttered or greased 9×13 dish. Cover with a towel to rise for 1 hour. Preheat the oven to 350F. Heat heavy cream in the microwave for 30 seconds until lukewarm. Pour heavy cream evenly over rolls and bake for 25-30 minutes or until the tops are a light golden brown. To make the frosting: While the rolls are cooling, in the bowl of an electric mixer or by hand, combine the cream cheese, butter, powdered sugar, and vanilla extract. Beat until smooth and fluffy. Spread onto the warm rolls and enjoy! ",faceless,english,video,#gimmedelicious #cinnamonrolls #baking #cinnabun #recipes ,,rice,3,,,#creatorsearchinsights,3,,,,,best,24
Lorraine,https://www.tiktok.com/@healthyfitbella/video/7210812940860083461,17300000,1200000,4140,518700,270500,Airfyer Recipe Series part4/cheat's garlic bread',Green Green Grass (Sped-Up),Airfryer Cheat’s Garlic Bread…  ,faceless,english,video,#airfyer #airfryerrecipes #airfry #airfryergarlicbread #airfryerseries,,salad',3,,,#desserttiktok,3,,,,,enjoy!,24
Petre-Andrei,https://www.tiktok.com/@petre.andrei.catana/video/7367420711729679649,17200000,2200000,10100,194200,113700,making coke (CocaCola) from scratch',Nutcracker Waltz of the Flowers,i have some friends for dinner and i want to impress them  ,face,english,video,#cocacola #homemade #softdrink,,salt,3,,,#dumplings,3,,,,,heavy,24
C O U R T N E Y,https://www.tiktok.com/@courtneyhernandezz/video/7371676331744054571,17100000,1500000,2486,490500,177500,Hot Honey Tenders w/ Mac & Cheese,love nwantinti (ah ah ah),Hot Honey Tenders w/ Mac & Cheese 🤤 This was soooooo good!,faceless,english,video, #hothoney #hothoneychicken #chickentenders #macandcheese #friedchicken #homemade #dinner #dinnerideas #dinnerwithme #dinnertime #cookingformyhusband #bluecollar #bluecollarboys #bluecollarbabe #bluecollarwife #sahw #fyp #fypシ #fypage #fypシ゚viral ,,sandwich,3,,,#egg,3,,,,,love,24
Zoe🐇,https://www.tiktok.com/@zoetheolive/video/7249721139340119302,16900000,2200000,16900,231500,211500,carbo noodles',original sound,carbo noodles + tteokbokki + enoki mushrooms🍜🧎‍♀️TOO GOOD ,faceless,english,video,#carbonoodles #buldakramen #tteokbokki #enokimushroom #ramen ,,series,3,,,#foodcritic,3,,,,,minced,24
Food Fetish,https://www.tiktok.com/@foody.fetish/video/7331915318987607338,16800000,612500,1420,279900,70100,Crunch wrap supreme',Good Energy,At home crunchwraps 🤩  ,faceless,english,video,#foodie  #foodtiktok #fyp #food #hungry #dinnerideas #breakfast #breakfastideas #goodeats #satisfying #starving #recipes #foodtok #dinner #lunch #lunchideas #goodfood #foodtok #recipe #trending ,,snack,3,,,#foodnetwork,3,,,,,mixture,24
Sheri Wilson,https://www.tiktok.com/@sheri_wilson_/video/7408709292091641130,16800000,1500000,7008,301600,132300,spooky spiderwebs 🎃🕸️,Halloween ・ cute horror song,Spooky Spiderwebs 🕸️🍫  ,faceless,english,video,#halloween #halloweentok #halloweenideas #spookyseason #halloweenvibes,,soup',3,,,#foodphotography,3,,,,,"onion,",24
Юлия ✨ готовим вместе!,https://www.tiktok.com/@yulianna_food/video/7022658762355789057,16700000,389300,1553,107500,35800,Вкусный перекус',"Spooky, Scary Skeletons",Очень вкусный и быстрый перекус ,faceless,russian,video,#бутерброд #вкусноибыстро #перекус #готовимдома #рецептза5минут,,spicy,3,,,#friedchicken,3,,,,,tomato,24
KWOOWK with Kevin,https://www.tiktok.com/@letskwoowk/video/7218243656786906374,16600000,1400000,1527,102000,9377,Ratatouille,original sound,I want a pet rat.  ,faceless,english,video,#ratatouille,,sugar,3,,,#funny,3,,,,,aside.,23
wellnessbykay,https://www.tiktok.com/@wellnessbykay/video/6982550879643651334,16600000,1900000,5445,296800,188900,avocado corn salad 😍🌽,Cookie,light & easy avo corn salad ! full recipe on my blog✨🥰 ,faceless,english,slideshow,#healthy #saladrecipe #healthyrecipe #healthyfood #easyrecipe #summersalad #avocado #cornsalad,,tacos,3,,,#fy,3,,,,,before,23
DoctorBowl EasyHealthy Recipes,https://www.tiktok.com/@doctorbowl/video/7474716639641062678,16500000,673400,3998,423100,99600,a doctor's favourite lunch',Call Me When You Break Up,"RECIPE BELOW👇🏽  The base of crispy smashed potatoes has transformed my life… you HAVE to make it!! ✅ So EASY and quick  ✅ Packed full of nutrition  ✅ Gluten free  ✅ So versatile - use any veggie you have!  Enjoy! DB x INGREDIENTS  ▪️5 potatoes ▪️Large handful of spinach, chopped ▪️1/2 yellow pepper, chopped ▪️Handful of cherry tomatoes, halved ▪️3 eggs  ▪️1/2 cup milk  ▪️Handful of cheese  METHOD  ▪️Preheat oven to 200c ▪️Boil your potatoes until soft  ▪️Prepare your 9 inch dish. Add potatoes to the dish and smash them so you sore as and cover the dish ▪️Drizzle some oil over the potatoes and season with salt and pepper  ▪️Add the spinach, pepper and tomatoes  ▪️Mix the eggs with the milk and pour the mixture over the vegetables. ▪️Top with cheese and bake for 25-30 minutes   ",faceless,english,video,#potatoes #healthyrecipes #easyrecipes #lunch #lunchideas,,tenders,3,,,#grilledchicken,3,,,,,bio,23
Isabel Eats,https://www.tiktok.com/@isabeleatsblog/video/7424530609608920363,16500000,60800,132,13900,9780,make these easy beef tinga',original sound,"#SARGENTOpartner ✨ These easy Beef Tinga Sliders made with smoky chipotle shredded beef tinga and Sargento® Sliced Pepper Jack Natural Cheese, Shredded Whole Milk Mozzarella, and Shredded Parmesan is the perfect comfort food dinner turned game day snack. Easy to make and perfect for sharing so you have more time to spend with family and friends 🥰 Here’s how to make them: ▪️ 2 lbs beef chuck roast, cut into large chunks ▪️ 2 tsp kosher salt ▪️ 1 tsp ground black pepper ▪️ 15 oz fire-roasted diced tomatoes ▪️ 3 chipotles in adobo sauce, plus 1 tbsp of adobo sauce ▪️ 1 diced white onion ▪️ 3 cloves garlic ▪️ 2 tsp dried oregano ▪️ 24 dinner rolls/slider buns ▪️ 12 slices Sargento® Sliced Pepper Jack Natural Cheese ▪️ 1 cup Sargento® Shredded Whole Milk Mozzarella (Low Moisture Mozzarella) Natural Cheese ▪️ 2 tbsp melted butter ▪️ 1 tbsp minced fresh parsley ▪️ 2 tbsp Sargento® Shredded Parmesan Natural Cheese 1️⃣ Season the beef with the salt and black pepper on all sides. Transfer to a slow cooker. 2️⃣ Blend the tomatoes, chipotle peppers in adobo sauce, onion, garlic, and oregano in a large blender until smooth. 3️⃣ Pour the sauce into the slow cooker and stir to coat the beef. Cover and cook on high for 5 hours or on low for 7-8 hours until fork tender. 4️⃣ Transfer the beef to a bowl, shred it with two forks, then add it back into the slow cooker or stir in some of the tinga sauce. 5️⃣ Slice the slider buns in half and place the bottom half on a large baking sheet lined with parchment paper. Place 6 slices of Sargento® Sliced Pepper Jack Natural Cheese on the buns, then spread the shredded beef tinga mixture over the cheese. Sprinkle the Sargento® Shredded Whole Milk Mozzarella Natural Cheese over the beef, then top with the remaining 6 slices of Sargento® Sliced Pepper Jack Natural Cheese. Place the top of buns, cut-side down, over the sliders. 6️⃣Mix together the melted butter and parsley in a small bowl, then brush the tops of the buns with the mixture. Sprinkle the tops with Sargento® Shredded Parmesan Natural Cheese. 7️⃣ Bake at 350˚F for 12-15 minutes, or until cheese is melted and tops are golden brown. ",faceless,english,video,#SARGENTOpartner #ad #SARGENTOcheese #dinnerideas #sliders ,,teriyaki,3,,,#healthycooking,3,,,,,combine,23
Butter Dawg,https://www.tiktok.com/@_butter_dawg_/video/7468842657943506206,16400000,253200,4534,12300,51900,How to make Chicken!',TEXAS HOLD 'EM,N/A,face,english,video,N/A,,that,3,,,#healthysnacks,3,,,,,onions,23
Toni Chapman,https://www.tiktok.com/@themoodyfoody/video/7311831168318590254,16400000,1400000,4950,752600,175300,Ham & Cheese Crossiant Bake,L O V E,"oh, this crossiant bake with ham & cheese is delicious! perfect for christmas day or a holiday brunch! How I love a beautiful brunch/ holiday appetizer little moment ❤️ and she’s family friendly? Please! I’ll take two ❤️ ",face,english,video,#holidayrecipes #appetizers #christmas,,therapy,3,,,#highproteinrecipes,3,,,,,oz,23
Food.Home 🥘🥞🥗,https://www.tiktok.com/@food.home0/video/7317617878079966496,16400000,354100,4096,118600,41400,Add vinegar to boiled milk!',original sound,Do not buy from the market anymore,faceless,english,video,N/A,,tiramisu,3,,,#holidayrecipes,3,,,,,pinch,23
Petre-Andrei,https://www.tiktok.com/@petre.andrei.catana/video/7417788321117523233,16400000,364600,14700,32300,11500,chocolate Dubai cake',sonido original,so good ,face,english,video,#chocolate #dubai #cake ,,toast,3,,,#hotdog,3,,,,,will,23
Jo and Bart,https://www.tiktok.com/@joandbart/video/7434501804143955233,16300000,629400,1461,237500,98500,Goat Cheese Pasta,Brother Louie Mix '98 (feat. Eric Singleton) (Radio Edit),"Goat Cheese Pasta 🤤 Maybe you’re more used to goat cheese on toast with a little honey, but this recipe will make you want to enjoy it with pasta more often. Ingredients: Linguine Bacon Goat cheese Heavy cream Onion Honey Thyme Salt & pepper Bon appétit! ❤️ Full recipe is in our Ultimate Pasta Cookbook! ✨ ",faceless,english,video,#food #pasta #love,,try,3,,,#howto,3,,,,,cooking,22
iramsfoodstory,https://www.tiktok.com/@iramsfoodstory/video/7489548799975705899,16300000,1700000,3348,484800,198000,RAISING CANE'S CHICKEN FINGERS with raising cane's sauce.',original sound,"Raising Cane’s-Style Chicken Fingers With Cane’s Sauce. Ingredients: For the Chicken: - 2 lb chicken breast, cut into strips - Oil for frying For the Wet Batter: - 2 cups buttermilk - 2 tbsp garlic powder - 1 tbsp black pepper - Salt to taste - 1 tbsp smoked paprika For the Dry Batter: - 2 cups all-purpose flour - 3 tbsp cornstarch - Salt to taste - 1 tbsp garlic powder - 1 tsp black pepper - 1 tsp smoked paprika For the Cane’s Sauce: - 1 cup mayonnaise - 4 tbsp ketchup - 2 tbsp Worcestershire sauce - 1 tbsp garlic powder - 1 tsp black pepper - Salt to taste - 1 tsp smoked paprika Instructions: 1. Prepare the wet batter by whisking together buttermilk, garlic powder, black pepper, salt, and smoked paprika. Add the chicken strips to the wet batter and marinate for at least 2 hours or overnight. 2. Prepare the dry batter by whisking together flour, cornstarch, salt, garlic powder, black pepper, and smoked paprika. 3. Remove the chicken from the wet batter, allowing excess to drip off, then coat each strip in the dry batter. 4. Deep-fry the coated chicken strips in hot oil (about 350°F) until golden brown and cooked through, approximately 8-10 minutes, flipping halfway through. 5. Prepare the Cane’s Sauce by whisking together mayonnaise, ketchup,Worcestershire sauce, garlic powder, black pepper, salt, and smoked paprika. 6. Serve the crispy chicken fingers with Cane’s Sauce.  ",faceless,english,video,#canessauce #raisingcanes #friedchicken #chickentenders #recipe,,tu,3,,,#italian,3,,,,,delicious,22
RecipesByAnne,https://www.tiktok.com/@recipesbyanne/video/7254942220401282330,16200000,1000000,946,406000,71300,30 days of budget dinner recipes Day 8/30',Sunshine,"Experience the perfect harmony of tender pasta, juicy chicken, and a rich parmesan and pesto sauce, all cooked together in a single pot. Ingredients: 1 bsp olive oil 400g chicken breasts 1 tbsp unsalted butter 4 garlic cloves - minced 600ml chicken stock 200ml heavy cream 200g broccoli 250g uncooked pasta  2 tbsp basil pesto 100g parmesan cheese 1 tsp salt  1/2 tsp ground black pepper fresh basil to serve Full instructions are on my blog. ",faceless,english,video, #easyrecipe #easydinner #onepanmeal #onepandinner #cooking #chickenrecipe,,two,3,,,#japanesefood,3,,,,,golden,22
Magickitchen38,https://www.tiktok.com/@magickitchen38/video/7328823331602402593,16200000,757700,14700,52600,5743,Spaghetti tomate Pimentée😱😱',son original,#pourtoi #magickitchen38 #cuisine #chefcuisinier #astuce #idéerecette #astucecuisine #pate #pasta ,face,french,video,#pourtoi #magickitchen38 #cuisine #chefcuisinier #astuce #idéerecette #astucecuisine #pate #pasta ,,w/,3,,,#kahvaltı,3,,,,,heat.,22
BakesByBee,https://www.tiktok.com/@bakesbybee/video/7079371471369374981,16200000,2900000,22800,194100,45500,Desert Views,Chercher L'Argent,What a view to wake up to 😍 ,face,english,video,#jordan #wadirum #fyp #fypシ,,we're,3,,,#kinderbueno,3,,,,,hot,22
Days with Dae,https://www.tiktok.com/@dabrionne/video/7411934486910242078,16100000,198100,235,30700,9852,#HellmannsPartner Buffalo Chicken Dip,Tropical Haze,"Football Sunday calls for buffalo chicken dip made with @Hellmann’s Mayonnaise. It is creamy, cheesy, and super easy to make. Be sure to grab all of your ingredients from Walmart through the link in my bio! #HellmannsPartner  Directions: Preheat the oven to 375. Toss chicken with cayenne pepper sauce. Stir in the remaining ingredients except blue cheese. Spoon into 1-1/2-quart shallow casserole, then sprinkle with blue cheese. Bake uncovered for 20 minutes or until bubbling. Serve, if desired, with celery and/or your favorite dippers.",faceless,english,video,#HellmannsPartner,,which,3,,,#kochen,3,,,,,once,22
JELLA ASMR,https://www.tiktok.com/@jellaasmr/video/6880394198055390465,16100000,991900,6316,31800,6490,🌈咀嚼彩虹咀嚼玩具!咀嚼彩虹咀嚼玩具!咀嚼彩虹咀嚼玩具!咀嚼彩虹咀嚼玩具!咀嚼彩虹咀嚼玩具!咀嚼彩虹咀嚼玩具!咀嚼彩虹咀嚼玩具!咀嚼彩虹咀嚼玩具!咀嚼彩虹咀嚼玩具!咀嚼彩虹咀嚼玩具!咀嚼彩虹咀嚼玩具!咀嚼彩虹咀嚼玩具!咀嚼彩虹咀嚼玩具!咀嚼彩虹咀嚼玩具!咀嚼彩虹咀嚼玩具!咀嚼彩虹咀嚼玩具!咀嚼彩虹咀嚼玩具!咀嚼彩虹咀嚼玩具!咀嚼彩虹咀嚼玩具!咀嚼彩虹咀嚼玩具!咀嚼彩虹咀嚼玩具!咀嚼彩虹咀嚼玩具!咀嚼彩虹咀嚼玩具!咀嚼彩虹咀嚼玩具!咀嚼彩虹咀嚼玩具!咀嚼彩虹咀嚼玩具!咀嚼彩虹咀嚼玩具!咀嚼彩虹咀嚼玩具!咀嚼彩虹咀嚼玩具!咀嚼彩虹咀嚼玩具!咀嚼彩虹咀嚼玩具!咀嚼彩虹咀嚼玩具!咀嚼彩虹咀嚼玩具!咀嚼彩虹咀嚼玩具!咀嚼彩虹咀嚼玩具!咀嚼彩虹咀嚼玩具!咀嚼彩虹咀嚼玩具!咀嚼彩虹咀嚼玩具!咀嚼彩虹咀嚼玩具!咀嚼彩虹咀嚼玩具!咀嚼彩虹咀嚼玩具!咀嚼彩虹咀嚼玩具!咀嚼彩虹咀嚼玩具!咀嚼彩虹咀嚼玩具!咀嚼彩虹咀嚼玩具!咀嚼彩虹咀嚼玩具!咀嚼彩虹咀嚼玩具!咀嚼彩虹咀嚼玩具!咀嚼彩虹咀嚼玩具!咀嚼彩虹咀嚼玩具!咀嚼彩虹咀嚼玩具!咀嚼彩虹咀嚼玩具!咀嚼彩虹咀嚼玩具!咀嚼彩虹咀嚼玩具!咀嚼彩虹咀嚼玩具!咀嚼彩虹咀嚼玩具!咀嚼彩虹咀嚼玩具!咀嚼彩虹咀嚼玩具!咀嚼彩虹咀嚼玩具!咀嚼彩虹咀嚼玩具!咀嚼彩虹咀嚼玩具!咀嚼彩虹咀嚼玩具!咀嚼彩虹咀嚼玩具!咀嚼彩虹咀嚼玩具!咀嚼彩虹咀嚼玩具!咀嚼彩虹咀嚼玩具!咀嚼彩虹咀嚼玩具!咀嚼彩虹咀嚼玩具!咀嚼彩虹咀嚼玩具!咀嚼彩虹咀嚼玩具!咀嚼彩虹咀嚼玩具!咀嚼彩虹咀嚼玩具!咀嚼彩虹,original sound,NEW VIDEO SOON❤️EDIBLE @6ix9ine ❤️LINK IN BIO👆🏻,face,english,video,#asmr #asmreating #fyp #funny #viral #6ix9nine #mukbang #fypindonesia #먹방 #cat #mukbangkorea #foryou,,wi,3,,,#lasagna,3,,,,,potatoes,22
Ronny Joseph Lvovski,https://www.tiktok.com/@primalgourmet/video/7327353862199807238,16000000,904400,7627,130400,26000,CARNE MECHADA,original sound,"Carne Mechada (Venezuelan-style Shredded Beef)… ribbons of slow-cooked, shredded flank steak tossed in a delicious and savoury sauce. It’s incredible with rice and beans, stuffed into freshly-made arepas, or served with some crispy, twice-fried green plantains (tostones/patacones) and ripe avocado. If you didn't know any better, you'd never guess it was Whole30 and Paleo! . Find the full, printable recipe on my blog www.cookprimalgourmet.com (linked in my bio) ",faceless,spanish,slideshow,#recipes #asmr #foodtok #fypシ #primalgourmet #beef #carnemechada ,,wrap,3,,,#love,3,,,,,sauce.,22
APOUTCHOU comedy,https://www.tiktok.com/@marthial10/video/7369553347025685793,16000000,579000,5769,27000,11200,Indian food 😋',son original, Fabrication du pain 😂😋,face,english,video,#trending #abcxyz #viral #food #mothersday #tottenham #tutoriel #beef,,you're,3,,,#lowcarbrecipes,3,,,,,serve,22
Danielle Brown | easy recipes,https://www.tiktok.com/@healthygirlkitchen/video/7089884260970089771,16000000,1100000,4068,237500,93700,pasta salad (no mayo!),original sound,vegan pasta salad with creamy herb ranch dressing…life-changing!👌🏼✨ ,faceless,english,video,#vegan #pasta #salad,,you've,3,,,#lunchbox,3,,,,,white,22
foodbyarii,https://www.tiktok.com/@foodbyarii/video/7357676236241489185,16000000,2200000,7627,626300,295100,Chocolate COOKIE PIE,"Bird voice, early morning sound_city(1454711)",chocolate stuffed cookie pie  18cm  200g butter 150g brown sugar 320g flour 1 egg 100g chocolate chips 4 tbsp chocolate cream 170°C 25-40mins (depends on the oven) •knead with your hands until the dough becomes smooth or use the mixer ,faceless,english,video,#chocolate #cookiepie ,,для,3,,,#mealprepideas,3,,,,,"butter,",21
Jane’s Home,https://www.tiktok.com/@janeshomefr/video/7182693892767239430,15900000,560000,1758,191100,102200,Make dinner with bread CHEESE SANDWICH,Darling,3 ingredients dinner ,faceless,english,video,#croquemonsieur #dinnerideas #lunchideas #recipesoftiktok #yummyfood #foodtiktok #cheeselover #cheesebread #fypシ #foryoupage #easyrecipe #fastrecipe ,,идея,3,,,#meat,3,,,,,cookie,21
Food by Laila🍜,https://www.tiktok.com/@foodbylaila/video/7191887655636864261,15900000,1200000,3419,568800,101900,let's make creamy chicken pasta😋',On my way (vocal & Drum),can’t go wrong with a goood chicken pasta xD,faceless,english,video, #foodbylaila #fyp #creamypasta #foodtiktok #homecookedfood #chickenpasta ,,макароны,3,,,#mochi,3,,,,,cool,21
Gaspi | recetas fáciles,https://www.tiktok.com/@gaspar.carreira/video/7439871301977689399,15800000,1300000,2913,479400,180100,ENSALADAS QUE NO SON LECHUGA Y TOMATE',sonido original,"ENSALADAS QUE NO SON LECHUGA Y TOMATE EP. 7 🥗 la serie se hace cada vez más viral y se hace difícil mantener el nivel, pero esta es la que más me gustó hasta ahora  👌🏻el dulzor del choclo y la salsa de palta son otro nivel  Guardala que ahora que se viene el verano y las fiestas de fin de año, viene bien para no caer siempre con la misma ensalada a todos lados 😆  -lechuga  -repollo -choclo  -1 pechuga de pollo -350g tomates Cherrys  Salsa -1 palta -1 taza yogurt natural (240ml) -1 Cda semillas de chía  -jugo de 1 limón  -pizca de sal  Probala y me contas!  Gaspi ✌🏻  ",faceless,spanish,video,#ensalada #recetasaludable #salad,,с,3,,,#nobakecheesecake,3,,,,,food,21
Stefania,https://www.tiktok.com/@stefania.sugarcube/video/7473406464858639638,15700000,436100,1025,154500,83800,MINI BANANA PANCAKES,kiss me,Mini banana pancakes 🥞🍌 Ricetta: Ingredienti: _ 1 UoVO _ 30 gr zucchero _ 1 cucchiaino di olio di semi _ 160 gr farina 00 _ 140 gr latte _ 8 gr lievito per dolci _ un pizzico di sale _ 1 banana In una ciotola sbattete leggermente l'uovo con lo zucchero. Poi aggiungete il latte e l'olio a filo. Infine aggiungete la farina e il lievito setacciati e il sale e continuate a mescolate con la frusta finché non ottenete un composto liscio e omogeneo. Tagliate la banana a fette e immergetele nell’impasto dei pancake. In una padella antiaderente con poco burro o olio cuocete i mini banana pancake bene da un lato e dall’altro. Decorate con fragole e miele 🍯 🍓,faceless,english,video, #minibananapancakes #easyrecipe #bananapancakes  #banana #healthyrecipes #healthypancakes  #brunchtok #sundaybrunch #andiamoneiperte #perteeee #perteee #brunchgirls   #perte #fyp #foodtok #brunchideas ,,😂',3,,,#nutrition,3,,,,,"garlic,",21
Carman Wilken,https://www.tiktok.com/@whatsmomcookin/video/7407608872040516906,15600000,759300,3517,388800,286600,Italian Stromboli',Originalton,Italian Stromboli 😮‍💨. Perfect for dinner or a gameday snack! ,faceless,english,video,#stromboli #pizza #easyrecipe #dinner #gameday #nfl #football #yum #@MidsSauce ,,😋',3,,,#oats,3,,,,,gr,21
𝑬𝑺𝑹𝑨,https://www.tiktok.com/@esradgn3536/video/7447222527765564694,15600000,1500000,3256,293000,111400,How i expect my family to react when i make them a Dessert they didn't ask for,son original,🫠🫠😅  ,faceless,english,video,#viral_video #viralvideos #foodie #foodtok #foodlover #foodies #lotusbiscoff #lotus #dessert #desserttiktok #foyoupage #foryoupage❤️❤️ #yummyfood #foodsounds #viralllllll #desserts #recipe #lovestory,,#ad,2,,,#outdoorcooking,3,,,,,italian,21
Petre-Andrei,https://www.tiktok.com/@petre.andrei.catana/video/7413335649656311072,15600000,81700,314,4807,2148,my comfort food 😋,original sound,"if you ask me what’s my favorite cake i’ll say vanilla but if you ask me on a deeper lever i’ll say korean shin ramyun 🥺 <Find Shin Ramyun at major supermarkets such as Tesco, Asda, Sainsbury's, and Morrison, as well as at all Asian supermarkets> ",face,english,video,#nongshim #ShinRamyun #kfood #korean,,1:,2,,,#pastatok,3,,,,,just,21
Anthea,https://www.tiktok.com/@superhomecook/video/7389594481172942113,15400000,483600,981,136100,39900,Chicken sweetcorn Jacket potato',original sound,"“Savoring a classic: Chicken and sweetcorn jacket potato, where comfort meets deliciousness.” 2-4 All-purpose potatoes or large Maris piper  650g Chicken tenders breast  1 tbsp Ranch seasoning  1 small can of sweetcorn  3 tbsp Mayonnaise  Sea salt and pepper  Chicken stock  Butter  Crispy onions  Fresh parsley  Wash and pierce holes all over potatoes  Brush with olive oil Seasoned with sea salt And wrapping foil Set the air fryer to baking at 170°C for 45 minutes (depending on the size of your potato may take less) Once the potatoes are finished open the foil, lightly spray with oil, add a pinch of salt and cook for a further 15 minutes at 205°C this will help to get the skin crispy. Whilst the jacket potatoes are cooking prepare the filling. Boiled the chicken in 3-4 cups of water 1 tsp chicken stock and salt to season.  Boil for about 15 minutes Once cooked drain the chicken, then add to a bowl and shred the chicken. 1 tsp of salt and pepper 1 tbsp of ranch seasoning 1 small can of drained sweetcorn 3-4 tbsp mayonnaise A mixed combine. Cut open the jacket potato add butter mash it up season with the salt and pepper, then add the chicken filling. Garnish with crispy onions and parsley. ",faceless,english,video,#jacketpotato  #spuds #spudman #jacketpotato #easyrecipes #foryoupage ,,30,2,,,#pizza,3,,,,,la,21
Christian Petracca,https://www.tiktok.com/@christianpetracca_5/video/7439617390104628487,15400000,588900,882,236100,59400,pov: you have 5 mins for a healthy snack',Walking Around - Instrumental Version,"EGG & AVOCADO LETTUCE BOATS  Thanks to @Sarah Brown for the inspo  Ingredients Filling: 2 boiled eggs, peeled and chopped 1/2 avocado, mashed 1/2 red onion, finely chopped 1 tbsp chives, finely chopped 1 tbsp goats cheese, mashed 1/2 tsp chilli flakes A squeeze of lemon juice Salt and pepper, to taste To serve: 4 large lettuce leaves such as cos or iceberg; or 4 pieces of toasted rye bread Instructions In a small bowl, mash the filling ingredients with a fork. Mix until well combined. Arrange the lettuce leaves or rye bread on a plate, then evenly distribute the mixture on top. Serve immediately and enjoy!",faceless,english,video,N/A,,6,2,,,#pourtoi,3,,,,,perfect,21
Archersfood.com🍯FREE recipes,https://www.tiktok.com/@archersfood/video/7470237995673652502,15300000,1300000,5719,188700,235400,Nutella stuffed pancakes,Sixty Second Commercial 1 by Michael Reynolds,Nutella stuffed pancakes 🥰 find the recipe in our website 🎀🎀🎀 https://archersfood.com/nutella-stuffed-pancake/ ,faceless,english,video,#nutella #pancakes #nutellapancakes #nutellastuffedpancake #foodtok #food ,,add,2,,,#ramadan,3,,,,,tablespoons,21
Giorgiafitfood,https://www.tiktok.com/@giorgiafitfood/video/7237833034035186971,15200000,993300,2585,463800,87300,4 Minute Chocolate Brownies 95kcal each',Calm Down,Recipe on IG link in bio 🧡🌸,faceless,english,video,N/A,,again,2,,,#receta,3,,,,,:,20
Cooking by Shabnam👩🏻‍🍳,https://www.tiktok.com/@cookingbyshabnam/video/7468331103636540679,15200000,226100,1225,99900,113800,Breakfast,Pieces (Solo Piano Version),"Идея для вкусного и полезного завтрака: Ингредиенты: 	•	3 яйца 	•	Лаваш 	•	Сыр 	•	Кунжут 	•	Помидоры Приготовление: 	1.	Взбейте яйца с солью и вылейте на сковороду. 	2.	Когда схватятся, добавьте сыр, кунжут и накройте лавашом. Поджарьте под крышкой. 	3.	Переверните, добавьте помидоры и сыр, сложите лаваш пополам. 	4.	Обжарьте до золотистой корочки. Приятного аппетита!  ",faceless,russian,video,#tiktok #tiktokviral #top #recipe #tarifler #ramadan #завтрак #идеядлязавтрака #kahvaltı #breakfastidea #healthy #пп #ппзавтрак,,an,2,,,#sandwich,3,,,,,air,20
Mariella Mahal,https://www.tiktok.com/@mariellamahal/video/7217528355644656939,15100000,1600000,864,192900,13700,when I only had $6 in my bank account,MOONLIGHT SUNRISE,Part 1 of recipes easy (and cheap) as ramen  ,faceless,english,video,#collegestudent #collegemeals #easyrecipes #onepotmeals #quickrecipes #budgeting,,archersfood.com,2,,,#sargentopartner,3,,,,,dry,20
Юлия ✨ готовим вместе!,https://www.tiktok.com/@yulianna_food/video/7049667460995321090,15100000,221000,1368,76500,71900,Салатик с курицей',Toxic,"Легкий салат с курицей, ананасами и сыром ",faceless,russian,video,#нетольконановыйгод #популярныеблюда #вкусянваря #салат #салатсананасом,,artist',2,,,#satisfying,3,,,,,finely,20
Cooking by Shabnam👩🏻‍🍳,https://www.tiktok.com/@cookingbyshabnam/video/7388582878969433360,15100000,289600,1768,118100,76000,Идея для завтрака,Idea 10,Идея для завтрака💡 Ингредиенты: -Помидор -Колбаса -Яйцо -Тортилья -Сыр -Приготовление на видео📽️ Приятного аппетита 😋 В какой город попал мой reels? ,faceless,russian,video,#food #еда #вкусно #yummy #готовимдома #готовимдома #tastyfood #yummyfood #dinner #tarifler #обед #завтрак #полезныесоветы #омлет #быстроивкусно #фудблогер ,,as,2,,,#satisfyingvideos,3,,,,,grated,20
Camila Hurst,https://www.tiktok.com/@piesandtacos/video/7342555753762344222,15100000,1100000,4378,402700,94500,Carrot Cake Cheesecake,,"Carrot Cake Cheesecake, layers of carrot cake and cheesecake batter swirled and baked into one stunning dessert 🥕 topped with cream cheese frosting and candied pecans 🧡 ",faceless,english,slideshow,#carrotcake #cheesecake,,asmr',2,,,#schnellerezepte,3,,,,,has,20
Maja✨,https://www.tiktok.com/@majasrecipes/video/7415436229275405574,15000000,1400000,2111,540700,112600,Tomato,Come On Eileen - Single Edit,my tomato garlic pasta recipe🔥 full recipe linked in biooo🫶🏻 you haaave to make this one!!  ,faceless,english,video,#pasta #tomato #garlic #yummy #foodie #lunch #dinner #gainz #mealprep #mealideas #mealideas #mealinspo #yum,,ate,2,,,#snackideas,3,,,,,soup,20
homemeide 🍯,https://www.tiktok.com/@homemeide/video/7478471568385920302,15000000,901200,2006,116400,125000,matcha strawberry sago',original sound,spring desserts loading …. 🍓starting the season with the most refreshing matcha strawberry sago. ,faceless,english,video,#sago #strawberry #mango ,,avocado,2,,,#softdrink,3,,,,,cheddar,19
Petre-Andrei,https://www.tiktok.com/@petre.andrei.catana/video/7326252472308174113,15000000,507500,3664,34500,2598,mini peach cake for her',Fly Me to the Moon,peaches are the best for cake ,face,english,video,#beautiful #forher ,,bar',2,,,#soup,3,,,,,combined.,19
Patrick Zeinali,https://www.tiktok.com/@patrickzeinali/video/7379661097638300971,15000000,1200000,5261,347500,106100,Hot Honey Fried Chicken',original sound,If my fried chicken ain’t dripping then i dont want it ,faceless,english,video,#friedchicken #hot #honey #easyrecipe ,,bbq,2,,,#soupseason,3,,,,,cut,19
So Yummy,https://www.tiktok.com/@soyummy/video/7200763929293819178,14900000,230300,263,17000,4058,WATERMELON PEEL GUMMIES,So Free (Two AM Music Global),Save the fruit and don’t waste the peel! Enjoy these no-waste watermelon peel gummies 🍉 ,faceless,english,video,#soyummy #watermelon #gummy #candy #diycandy #nowaste #fruitpeel #fruit ,,been,2,,,#souptok,3,,,,,dinner,19
RoseAustinCooks,https://www.tiktok.com/@roseaustincooks/video/7278855202743143722,14900000,441500,3097,403300,112700,"HONEY GARLIC SALMON', 'Follow @RoseAustinCooks for more recipes'",original sound,Honey Garlic Salmon,faceless,english,video, #easydinner #30minmeals #salmonrecipe #easysalmonrecipe #honeygarlic #quickandeasyrecipe #easyrecipe #roseaustincooks #salmondinnerideas ,,bf,2,,,#spuds,3,,,,,enjoy,19
Ilona Niina,https://www.tiktok.com/@veganiina/video/7279443692992089377,14800000,905000,1997,277900,51000,best apple recipe',greedy,You’ll be obsessed with these apple ring pancakes😍✨  Batter ingredients: - 120 g flour (1 cup) - 1 tsp vanilla or cinnamon - 1 tsp baking powder  - 1/4 tsp salt - 175 ml soy milk (3/4 cup)  - 1 tbsp maple syrup  - 1 tbsp vegetable oil ,faceless,english,video,#foodtok #vegantiktok #easyfood #easyrecipe #veganrecipes #breakfastideas #applerecipes #applepancakes ,,boiled,2,,,#storytime,3,,,,,few,19
Anthea,https://www.tiktok.com/@superhomecook/video/7463517322569911584,14700000,476000,1094,107300,72300,CHICKEN AND BROCCOLI ALFREDO JACKET POTATO,let me prove my love to you,"I think I have a new addiction! Let me know if you want me to stop🤣 Comfort food at its finest: a crispy jacket potato loaded with creamy chicken Alfredo, tender broccoli, and Parmesan perfection. Dinner goals, achieved! 🥔🧄🥦 	1.	Cook the Chicken: 	•	Season a skin-on chicken breast with adobo seasoning and salt. 	•	Pan-sear in olive oil until the skin is crispy. 	•	Add butter and garlic, baste the chicken, then bake in the oven for 4 minutes at 180°C. Rest before slicing. 	2.	Make Alfredo Sauce: 	•	Remove most of the oil from the pan, leaving the garlic. 	•	Add double cream, adobo seasoning, parsley, black pepper, grated Parmesan, and garlic & herb mixed cheese. Stir until creamy, then set aside. 	3.	Bake the Jacket Potato: 	•	Pierce the potato, brush with olive oil, sprinkle with salt, and wrap in foil. 	•	Air-fry for 45 minutes at 180°C. Remove the foil and cook for another 10 minutes to crisp up. 	4.	Prepare Broccoli: 	•	Blanch the broccoli in boiling water, then drain. 	5.	Assemble: 	•	Cut the potato open in a cross, add garlic butter, and mash the inside. 	•	Sprinkle mixed cheese (optional), add sliced chicken breast, broccoli, and Alfredo sauce. 	•	Top with grated Parmesan and parsley. Serve hot!.  ",faceless,english,video,#foryoupagе #jacketpotato #spuds #loadedpotato #chickenalfredo #alfredo,,bread,2,,,#tarifler,3,,,,,season,19
Vivian’s Recipe Book 🇨🇦,https://www.tiktok.com/@viviank.h/video/7117281682444569862,14700000,1800000,8348,103600,16900,day 1: making my bf a recipe book',"Oh, Pretty Woman",Day 1 of making my boyfriend a recipe book 🫶🏼 Chicken Satay w/ Peanut Sauce & coconut rice ,faceless,english,video,#recipe,,breast',2,,,#tiramisu,3,,,,,seasoning,19
Shineee Dee,https://www.tiktok.com/@shineeedee/video/7392455453764095240,14600000,85100,1300,5695,7257,happy National Hotdog Day!',magnetic rnb ver.,"Happy National Hotdog DAY, everyone! Make it extra cheesy for the fam with the Sarap, Sulit and Cheesy Idol Cheesedog! ",faceless,english,video,#Idolicious #IdolCheesedog,,brookies,2,,,#viralrecipe,3,,,,,soy,19
foodbyarii,https://www.tiktok.com/@foodbyarii/video/7355814097251847456,14600000,864800,3831,374100,188100,Pistachio CHEESECAKE,Nature Sounds - Birds,No bake piastachio cheesecake eid recipe🌙 20cm+ 200g biscuits  120g butter filling: 170g cream cheese  250ml whipped cream  1 whipped cream powder 60g powdered sugar  2 tbsp pistachio top: 170g melted pistachio cream ,faceless,english,slideshow,#pistachio #cheesecake #dessert ,,brown,2,,,#быстроивкусно,3,,,,,"sugar,",19
sohonutrition,https://www.tiktok.com/@sohonutrition/video/7320666648896097537,14500000,358500,746,263800,51500,easy dinner recipe CREAMY CHICKEN 481 kcals | 39g PRO',Angel Numbers / Ten Toes,"CREAMY CHICKEN 🤤 A delicious, healthy high protein meal for you to try. Save for later ☝🏼 •481 kcals •39g PRO, 63g CHO, 15g FAT Serves 2 -200g of uncooked chicken breast -500g of potato -2 tsp of garlic salt -Broccoli/broccolini  -1 red onion -2 cloves of garlic -50ml of double cream -1 reduced salt chicken stock cube mixed with 300ml of boiling water (use more water if needed) -1 heaped tsp of Dijon mustard -Fresh parsley, chopped -Salt/pepper Method: 1. Wash the potatoes and slice into wedges (I like to leave the skin on). Par boil for 5 minutes. Season with garlic salt and pepper. Air fry for 25-30 mins until soft. 2. Boil the broccoli until soft. 3. Beat down the chicken before frying. Season with paprika, salt and pepper. 4. Spray a pan with oil and add the chicken breasts. Cook on either side for 5-10 minutes. Remove from the pan and set aside. 5. One the same pan, add a drop of water. Then add the garlic and red onion. Stir and let simmer for 2 minutes.  6. Pour in the chicken stock and double cream. Mix in the Dijon mustard. Add the chopped parsley. Let it simmer again before adding back in the cooked chicken. 7. Coat each side of the chicken in the sauce.  8. Serve the potatoes, chicken, sauce and vegetables into two portions. Enjoy! ",faceless,english,video,#creamychicken #potatoes #garlicpotatoes #easyrecipes #healthyfood #highproteinrecipes #foryou #foryoupage ,,buns,2,,,#вкусно,3,,,,,than,19
Dania’s Cuisine | Dania Arwini,https://www.tiktok.com/@daniascuisine/video/7443117957057711415,14500000,794800,3332,397400,130300,Homemade hot chocolate,original sound,"Homemade hot chocolate, thick Italian style ☕️🍫 Nothing better than a warm cup of decadent hot chocolate on a cold day. Recipe (serves 2-3): 1 cup milk 1-3 tablespoons sugar, to taste 2 tablespoons cocoa powder 1 pinch of salt 100 g dark chocolate, chopped (try mint dark chocolate if you love the mint-chocolate combo) 1/2 cup cold milk 2 teaspoons cornstarch Whipped cream for topping  In a small saucepan on low heat, whisk together the cup of milk, sugar, cocoa powder, and salt until thoroughly combined. Add the chopped chocolate and, separately, whisk together the half cup of cold milk and cornstarch (milk must be cold here to avoid clumping). Add this cornstarch slurry and mix your hot chocolate on low-medium heat for 3-5 minutes or until thickened and coats the back of a spoon. Pour into your mugs of choice, and top with whipped cream and more chocolate. Serve immediately and enjoy!",faceless,english,video,N/A,,burger,2,,,#популярныеблюда,3,,,,,use,19
Butter Dawg,https://www.tiktok.com/@_butter_dawg_/video/7310634999097593131,14500000,425500,19600,49900,225000,Air fryer (Mac and Deeze)',original sound,Delicious air fryer recipe  ,faceless,english,video,#foodtok #recipe #delicious #airfryerrecipes #macandcheese #funny #fyp #trending #viral #foryou,,by,2,,,"recipe,",3,,,,,another,18
DiSA👩🏻,https://www.tiktok.com/@foodfromheaven2/video/7332236826301730080,14500000,570500,1421,196800,36500,KINDER BUENO TIRAMISU,original sound - 音楽kanji_gaku,#kinderbueno #tiramisu #dessertideas #sweets #easysweetrecipes #quickdessert #fyp #kinderbuenotiramisu ,faceless,english,video,#kinderbueno #tiramisu #dessertideas #sweets #easysweetrecipes #quickdessert #fyp #kinderbuenotiramisu,,caesar,2,,,skillet,3,,,,,any,18
Baraa El Sabbagh,https://www.tiktok.com/@baraaelsabbagh/video/7277909830889671938,14400000,16800,65,125,652,and increases hair density within 6 weeks,Beat Fusion,@L’Oréal Professionnel Paris @lorealpro_education_middleeast ,face,english,video,#ScalpAdvanced #Scalpcare,,calories,2,,,#abcxyz,2,,,,,"flour,",18
MK Drayna,https://www.tiktok.com/@whisk.chick/video/7319914304310889771,14400000,1900000,2472,67400,9105,"thirty, flirty & thriving!'",La vie en rose (Cover Edith Piaf),What other movie reference could be made into a cake??,faceless,english,video, #cake #cakedecorating #vintagecake #baker #pastrychef #cakebusiness #trendycake #frosting #30thbirthday #mke #milwaukeebusiness #heartcake #buttercream ,,cane's,2,,,#abendessen,2,,,,,honey,18
Mayra Wendolyne,https://www.tiktok.com/@lowcarblove/video/7298528762847644974,14300000,643700,2545,391100,106500,Low Carb Chicken Alfredo Bake,original sound,I LOST OVER 100 POUNDS EATING MEALS LIKE THIS! ,faceless,english,video,#lowcarbrecipes #keto #casserole #easyrecipes #lunchideas #mealprep ,,carne,2,,,#airfryerhack,2,,,,,light,18
the sapor,https://www.tiktok.com/@thesapor/video/7413253990554668319,14300000,857600,1921,424700,203700,chicken broccoli cheddar soup',sparks,"Chicken broccoli cheddar soup 🧀🥦🍂 felt a breeze outside so it’s finally soup season! Full recipe below  Ingredients - 2 tablespoons olive oil - 1 medium onion diced - 5 garlic cloves, minced - 1 shallot, minced  - 3 carrots, shredded - 4 slices bacon, diced - 4oz diced pancetta  - 2 cups chicken broth  - 1 cup whole milk - 1 cup heavy cream - 2 chicken breast, butterflied & shredded  - 4 cups broccoli florets, chopped - 2 cups shredded cheddar cheese - 2 tsp dried thyme - 2 tsp garlic powder  - 2 tsp onion powder - 1 packet of sazon - Salt and pepper to taste - 3 tbsp all-purpose flour - 2 tbsp butter Instructions  - In a large pan on medium high heat add olive oil and seasoned chicken breast. Cook for 4 minutes on each side. Pour in chicken stock, cover and cook until done and tender enough to shred. Shred chicken and sit aside - Add bacon and pancetta to large pot, cook until done remove from the pot. In the remaining grease add diced onion and cook until it becomes translucent, about 3-4 minutes. Stir in the minced garlic and cook for another 30 seconds until fragrant. - Add butter, flour, and mix until well combined. Pour in chicken broth, stir until combined. Add the carrots, and broccoli. Cook for about 5 minutes, stirring occasionally. Reduce heat to a simmer and cook until the vegetables are tender, about 10-15 minutes  - Pour in milk, heavy cream, same seasonings from the chicken and mix until well combined. Add shredded chicken, cheddar cheese, bacon, and pancetta . Stir until well combined taste and adjust seasoning as needed with more salt and pepper. • • ",faceless,english,slideshow,#broccolicheddarsoup #dinnerideas #chickensoup #soupseason #falldinner #fyp #recipes ,,cheddar,2,,,#airfryermaster,2,,,,,pepper.,18
Lil Cake Club,https://www.tiktok.com/@lilcakeclub/video/7458848529742712106,14200000,592700,1542,31100,42300,The cinnamon bun to icing ratio 😋',i could be the one (Ambient),Thoughts?? Recipe in my bio 🫡,faceless,english,video, #cinnamonroll #cinnamonrolls #cinnamonbuns #cinnamonrollrecipe #bakeryowner #westpalmbeach #palmbeach #cakedecorating ,,chinese,2,,,#alfresco,2,,,,,slice,18
Petre-Andrei,https://www.tiktok.com/@petre.andrei.catana/video/7365764938419260704,14200000,1100000,2954,53300,9376,flipping the biggest cake I made,Ballerina,making this cake for a wedding reception  ,face,english,video,#cake #flipping #reception #decoration #baking,,coke,2,,,#autumn,2,,,,,sprinkle,18
meruyert_nursila,https://www.tiktok.com/@meruyert_nursila/video/7195626607086800133,14200000,3000000,6284,143900,38100,THANK YOU,snowfall (Slowed + Reverb),  Thank you! ,face,english,video,#cakedecorating #cakedesign,,con,2,,,#autumnvibes,2,,,,,tomatoes,18
Shey Hutzler,https://www.tiktok.com/@shey.hutzler/video/7458503482140773637,14100000,966700,1805,243300,51400,my in-laws 'we'll be home in 5' me:,Ballerina,another night paying rent while staying with my in-laws 💌 tonight I made steak dinner 🫶🏽  ,faceless,english,video,#easyrecipe #cooking #fyp #steak,,cookies,2,,,#avocado,2,,,,,want,18
Cookingforgains,https://www.tiktok.com/@cookingforgains/video/7465154591248633131,14100000,665800,3831,194700,70500,9/10 pretty solid!',original sound,455 Calories 65g Protein 52g Carbs 4g Fat makes 10 burritos  Into the crock pot - 60oz Chicken Breast (1700g) - 2 Tbsps Garlic Salt (30g) - 1 Tbsp Onion Powder (7g) - 1 Can Chipotle Peppers (7oz) (200g) - 3 Tbsps Honey (60g) Sauce - 1 Cup Cottage Cheese (0% Fat) (225g) - 1 Cup Tomato Sauce (240g)alories - 4 Garlic Cloves (12g) - 0.5 Cup Fat Free Milk (120g) After the sauce cook up - 1 Cup Dry Rice (180g)  Add into the burritos last  5 Cups Fat Free Mozzarella 10 Low Calorie Tortillas I use extreme wellness wraps 110 calories each.  Dip with your favorite hot sauce! Follow me for more high protein ideas!  ,face,english,video,#highprotein #mealprep #slowcooker #CookingHacks #cookingtiktok #mealprepideas #crockpot #chicken #macrofriendly #fatloss ,,corn,2,,,#awareness,2,,,,,while,18
Juan Pablo Gardonio,https://www.tiktok.com/@juampigardonio/video/7439861009801661752,14100000,1100000,4495,394200,99500,relajar',sonido original,"5 Suplementos Clave para Maximizar tu Rendimiento 🚀 🔋Si querés saber más sobre cómo optimizar tu rendimiento y salud, no dudes en seguirme para más consejos fitness!!!",face,spanish,video,N/A,,crazy,2,,,#bakerylife,2,,,,,y,18
Recetita by Michelle,https://www.tiktok.com/@recetita/video/7442381098379693368,14100000,39300,505,9664,3260,esta carnita molida con papas queda deliciosa',sonido original,Carne molida con papas y salsa tatemada y martajada roja de @Herdez México que le da el toque picosito delicioso 👌🏻  ,faceless,spanish,video,#receta #recetafacil #carne #comida #comidamexicana #salsa #recipe #food #mexicanfood #publicidad ,,cups,2,,,#bakeryowner,2,,,,,7,17
Josh Elkin,https://www.tiktok.com/@thejoshelkin/video/7292829363823758597,14000000,996000,2115,274600,116500,There is',original sound,"Chicken Parm Grilled Cheese Loaf Ingredients below (serves 4, or 1 really hungry person) INGREDIENTS 1 circular sourdough loaf 1 large chicken breast 4 eggs 1/2 cup Italian seasoning (divided in half) 1 cup flour 1 cup panko bread crumbs 1 cup grated parmesan cheese 4 slices mild cheddar 4 slices muenster cheese 4 slices mozzarella 1 cup marinara sauce 1/34 cup softened salted butter 1 head of roasted garlic 1/4 cup chopped parsley 2 cups cooking oil",faceless,english,video,N/A,,cups',2,,,#bakewithfreya,2,,,,,fridge,17
Archersfood.com🍯FREE recipes,https://www.tiktok.com/@archersfood/video/7478027572165627158,14000000,1800000,3142,555100,251200,Cheese garlic rolls',Sixty Second Commercial 1 by Michael Reynolds,"Cheese garlic rolls - FREE RECIPE: in our website linked in our bio 🧄 https://archersfood.com/buttery-cheese-garlic-rolls/  If you try this recipe, please leave a review it helps us so much! 🤍",faceless,english,slideshow, #garlicrolls #cheesegarlicrolls #breadtok #FoodTok #baking #mozzarellabread #garlicbread  #creatorinsights ,,dark,2,,,#bakingtiktok,2,,,,,handful,17
Rose,https://www.tiktok.com/@rosannagray150/video/7471744631017901354,13900000,840700,1628,29200,14300,Random Restocks,original sound,Random home restocks 🤍🫧,faceless,english,video, #restock #restock #refill #organizedhome #organization #asmr #asmrsounds #aesthetic #kitchen ,,de,2,,,#bakingtok,2,,,,,here’s,17
Mr J,https://www.tiktok.com/@bellacoming7/video/7135670861247368449,13900000,273200,774,118700,29100,"Green pepper, red pepper'",Luv Letters,#chicken #chickenrecipe #recipesoftiktok #recipe #recipes #recipesforyou #recipeideas #recipetok #easyrecipe #foodtiktok #chinesefood,faceless,english,video,#chicken #chickenrecipe #recipesoftiktok #recipe #recipes #recipesforyou #recipeideas #recipetok #easyrecipe #foodtiktok #chinesefood,,dessert,2,,,#bakingvideo,2,,,,,like,17
thehouseofcakes_mzra,https://www.tiktok.com/@thehouseofcakes_mzra/video/7164134475813915950,13900000,1200000,3078,115000,23200,So i had the crazy idea,Olsen olsen,Im sure Im not the first person to try this but it should be more popular! So fudgy and chocolatey 🍫🍫🍫 ,faceless,english,video,#fudgy #brownies #browniepops #browniecakesicles #cake #cakes #cakedecorating ,,did,2,,,#bananapancakes,2,,,,,linked,17
Ekramella,https://www.tiktok.com/@ekramella/video/7308289307125533985,13900000,1000000,3230,377700,66800,KINDER BUENO TIRAMISU,Ya lalla,"KINDER BUENO TIRAMISU English recept down below 👇🏻 : Wat heb je hiervoor nodig : - lange vingers  - melk  Room : - 500 gram mascapone  - 400 ml ongeklopte slagroom - 2 el hazelnoot pasta   - 2 el poedersuiker Karamel saus : - gehakte kinder bueno - 50 gesmolten hazelnotenpasta  Topping : - 200 gram melkchocolade  - 250 ml slagroom  - 250 ml slagroom geklopt  Mix de mascarpone,hazelnootcreme , slagroom en poedersuiker als geheel. Dep je lange vingers in melk voeg het in een schaal vervolgens de room. Doe hierover gehakte kinder bueno en gesmolten hazelnoot crème  Voeg hier boven op lange vingers met melk en erboven op room. Voeg slagroom en chocolade in een pan om de chocolade topping te maken . Meng het geheel en laat het afkoelen. Vervolgens schenk je het erboven op. Laat dit voor een nachtje in de koelkast en maak toefjes van slagroom en decoreer het met gesmolten chocolade en kinder bueno.  Geniet ervan  English recept 👇🏻 What do you need for this: - long fingers - milk Cream : - 500 grams mascapone - 400 ml unwhipped cream - 2 tbsp hazelnut paste - 2 tbsp icing sugar Caramel sauce : - chopped kinder bueno - 50 melted hazelnut paste Topping : - 200 grams of milk chocolate - 250 ml whipped cream - 250 ml whipped cream Mix the mascarpone, hazelnut cream, whipped cream and icing sugar as a whole. Dip your ladyfingers in milk, add it to a bowl, then add the cream. Add chopped Kinder Bueno and melted hazelnut cream Add ladyfingers with milk on top and cream on top. Add whipped cream and chocolate to a pan to make the chocolate topping. Mix everything and let it cool. Then you pour it on top. Leave this in the refrigerator overnight and make swirls of whipped cream and decorate it with melted chocolate and kinder bueno. Enjoy it ",faceless,english,slideshow,#kinderbueno #tiramisu #love #simpledessert #mommysfood #chocolate #delicious #mommytime #foodie #reels ,,doctor's,2,,,#bento,2,,,,,little,17
Here’s Your Bite,https://www.tiktok.com/@heresyourbite/video/7440514975757602079,13800000,775500,2965,425000,203700,today we're making caramelized onion dip',Stompin At The Savoy,"Cheesy Caramelized Onion Dip with Crispy Bacon ❤️‍🔥 It’s cozy, it’s warm, and it’s incredibly delicious.  If you’re looking for a side/dip to bring to Friendsgiving or Thanksgiving, make this one.  Trust me, it’ll be gone in minutes.  Here’s how to make it:  1 lb thick-cut bacon, cut into small pieces 2 yellow onions, sliced 2 shallots, sliced Pinch of salt Water (for caramelizing) 8 oz cream cheese, softened 1 cup sour cream, room temp 1/2 cup mayo, room temp 4 oz sharp cheddar, shredded 4 oz mozzarella, shredded 2 oz mozzarella, shredded (to top) 1 tsp Worcestershire sauce Freshly cracked pepper, to taste 6 cloves garlic, minced 1-2 tsp fresh thyme 1-2 tsp balsamic vinegar 1 tsp brown sugar Crispy fried onions (for topping) 1. Cook the bacon in a large pot or skillet over medium/high heat until crispy. 2. Remove the bacon and set it aside, leaving 1/4 cup of the bacon grease in the pan. 3. Add the sliced onions and shallots to the pan with a pinch of salt and a splash of water. Cook over medium/high heat. 4. Continue adding splashes of water throughout the cooking process to prevent the onions from burning. Stir frequently until the onions and shallots are caramelized (about 40-50 minutes). 5. While the onions are caramelizing, combine the cream cheese, sour cream, mayo, shredded cheddar, 4oz shredded mozzarella, Worcestershire sauce, salt, freshly cracked pepper, and the crispy bacon (save some bacon for topping). Mix and set aside. 6. In the last 2–3 minutes of caramelizing, add the garlic, fresh thyme, balsamic vinegar, and brown sugar. Stir until well combined. 7. Let the caramelized onions and shallots cool slightly before mixing them into the cheese mixture. 8. Transfer the mixture to a baking dish, top with the remaining mozzarella, and sprinkle with the reserved crispy bacon. 9. Bake at 350°F for 10 minutes, then top with crispy fried onions and finish under the broiler for 2–3 minutes, until golden and bubbly. 10. Serve with your favoritr crackers and enjoy! ",faceless,english,video,#easyrecipe #sides #side #thanksgivingfood #holidayfood #holidayrecipes #thanksgiving #thanksgivingsides #friendsgiving #oniondip #dips #thanksgivingdinner ,,dubai,2,,,#bentobox,2,,,,,need,17
"Kylie Sakaida MS, RD",https://www.tiktok.com/@nutritionbykylie/video/7384609091362000171,13800000,74300,327,9802,261,"fiber, and nutrients that I need'",original sound,"My go-to breakfast with @Eggland’s Best eggs that keeps me full all morning long #sponsored  It’s no secret that eggs are one of my favorite ways to get in protein during breakfast! I’ve been particularly loving Eggland’s Best eggs since they have 6x more Vitamin D, 25% less saturated fat, and more than double the Omega-3s & Vitamin B12 compared to ordinary eggs. Check out the recipe below! Recipe (makes 4 tostadas):  - In a skillet over medium heat, sauté 2 minced garlic cloves in a bit of olive oil until fragrant, about 1 minute. - Add 16 oz of drained and rinsed pinto or black beans, 4 oz can of green chiles, 1 tbsp lime juice, 1 tsp chili powder, 1/4 tsp cumin, salt, and black pepper. - Remove from the pan and crack 4 Eggland’s Best fortified eggs one at a time into the skillet and cook until preferred doneness. - Preheat oven to 400˚F. Spray both sides of each of 4 corn tortillas with olive oil cooking spray. Place tortillas on a sheet pan and bake for 4 min on each side or until lightly browned on the edges and crispy.  - To assemble the tostada, add beans, pico de gallo (I made my own, but you can use store bought to make it easier), avocado, lettuce, and eggs. Top with cilantro, cotija cheese, and your fave hot sauce!  #easybreakfast ",face,english,video, #sponsored,,dumplings,2,,,#biscoff,2,,,,,pot,17
Marian Sarkisian,https://www.tiktok.com/@cakesbymarian/video/7204928835899362606,13800000,1300000,15200,54000,101500,My Job as a Cake Artist',Summer - Instrumental,I love my job 🤍 ,face,english,video,#cakesbymarian #cakedecorating #cakevideo #caketok #caketutorial #realisticcake #buttercream #fondant #ganache ,,eating,2,,,#blondies,2,,,,,preheat,17
Here’s Your Bite,https://www.tiktok.com/@heresyourbite/video/7443550875408223518,13700000,695700,3622,415700,151000,here's your bite',Messy,"Anna Paul’s Turkish Pasta ❤️‍🔥 I combined @Anna Paul’s recipe with @Meliz Cooks and it was delicious! If I made this again, I would top with some mint to go with the lamb, but it was still amazing.  I mostly eyeballed the recipe, but here’s how to make it: Garlic Yogurt 1 cup @FAGE Greek yogurt 4-5 cloves garlic, grated Juice from 1/2 lemon Salt, to taste Spiced Lamb: 2 tbsp olive oil 1/2 yellow onion, diced 1-2 tsp each: paprika, Aleppo pepper (optional), cumin (optional) Salt and pepper, to taste 3-4 cloves garlic, minced 1 lb ground lamb or beef 2-3 tbsp tomato paste Paprika Butter: 1/4 cup butter 1 tbsp paprika 2 tsp Aleppo pepper Toppings: Cherry tomatoes, quartered Fresh parsley (or mint) chopped Feta cheese (optional) Additional lemon wedges 1 lb cooked pasta  1. Cook the pasta according to package instructions, then drain and set aside. (Tip: reserve pasta water and toss with the cooled pasta to reheat once ready to serve) 2. In a small mixing bowl, combine Greek yogurt, grated garlic, a pinch of salt, and the juice from half a lemon. Taste for seasoning and set aside. 3. Heat 2 tablespoons of olive oil in a large pan over medium heat. Add diced onion, a pinch of salt and pepper, and 1-2 teaspoons each of paprika, Aleppo pepper, and cumin. Sauté for about 5 minutes until the onions are softened. 4. Stir in minced garlic and cook for another 30 seconds until fragrant. 5. Add ground lamb to the pan, season with salt and pepper, and break it up with a wooden spoon. Cook until browned and fully cooked, about 7-10 minutes. 6. Clear a space in the center of the pan and add tomato paste. Let it cook undisturbed for 1-2 minutes to caramelize slightly, then mix it into the rest of the ingredients. Cook for another 2-3 minutes, then set aside. 7. In a small saucepan, melt butter over medium-low heat. Stir in 1 tablespoon of paprika and 2 teaspoons of Aleppo pepper until combined, then remove from heat. 8. To assemble, place the cooked pasta in a serving bowl. Top with garlic yogurt, a drizzle of paprika butter, the spiced lamb, more paprika butter, quartered cherry tomatoes, freshly chopped parsley, crumbled feta, and more paprika butter. Finish with a squeeze of lemon and enjoy! ",faceless,english,video,#turkishpasta #annapaulpasta #turkish #turkishfood #turkishrecipe #easyrecipe #pasta #easyrecipe #easydinner #dinnerideas #dinner #cooking #foodtok,,edible,2,,,#bolognese,2,,,,,prep,17
Tom Smallwood,https://www.tiktok.com/@tom.smallwood/video/7408098542222380306,13700000,988500,4401,371000,60100,5 ingredient Edible Cookie Dough at home',original sound,N/A,faceless,english,video,N/A,,every,2,,,#boyfriend,2,,,,,time,17
hungryhungryhallie,https://www.tiktok.com/@hallieiseating/video/7478872916017401119,13700000,1900000,28700,174200,56100,my audition to be your new favorite mukbanger',original sound,"Desserts will always be my favorite, especially anything chocolate🍫🤎 ",face,english,video,#mukbang #mukbangs #mukbangeatingshow #eatingshow #asmr #asmreating #asmreatingsounds #dessert #desserts ,,favourite,2,,,#breakfastsandwich,2,,,,,two,17
Zoe🐇,https://www.tiktok.com/@zoetheolive/video/7162505588616760578,13600000,1400000,2397,342400,29100,creamy mushroom pasta',original sound,skip the chicken to make it veggie-friendly🍝💕,faceless,english,video, #pasta #dinner #mushroom  #creamychicken #recipeideas #creamypasta #tuscanchicken ,,french,2,,,#brookie,2,,,,,whisk,17
Emily,https://www.tiktok.com/@emilyyons7/video/7414629033721236766,13600000,1300000,3343,60300,8062,"Packing lunch for my kid, bc he doesn’t like lunch at school'",original sound,"Packing school lunch for my kid, he asked for mac and cheese ",faceless,english,video,#carbonara #macandcheese #lunchboxideas #easylunch #kidslunchideas ,,from,2,,,#brownierecipe,2,,,,,½,17
kat 🌱 vegan food,https://www.tiktok.com/@littleblondevegan/video/7125854209047645445,13400000,17600,224,709,455,Mediterranean Tofu Sheet Pan Dinner,MealsThatMatter,"So easy, so tasty ✨ Here’s my Mediterranean tofu & vegetable sheet pan dinner made with Knorr. How do you go from #BlandtoBam? @mealsthatmatter",faceless,english,video,#BlandtoBam,,fun,2,,,#brunch,2,,,,,#ad,16
Chez Karima ♥️,https://www.tiktok.com/@karima.bouyg/video/7221473123344960773,13400000,564400,1292,238400,57000,Très facile 😋',This Year Blessing by Victor Thompson,Très facile à réaliser et en plus trop bon 😋 ,faceless,french,video,#recette #tiktokacademie #cuisine #foodtiktok #simple #facile #recettefacile #recetterapide #pommes #miel #dessert #ramadan #ramadan2023 #ideerecette #foryou #viralvideo #pourtoi #fypdongggggggg #chezkarima #chezkarimacuisine ,,get,2,,,#brunchtok,2,,,,,1-2,16
airfry_jen,https://www.tiktok.com/@airfry_jen/video/7131812266369944837,13300000,155000,2438,21100,12800,Work tomorrow which can only mean one thing..,Tonight,Pasta bake cooked in the air fryer ,faceless,english,video, #ninjadualairfryer#ninjadualbasketairfryer #healthylifestyle #healthyrecipes #healthyfood #fyp  #airfryer #lifehacks #1 #food #foodie #foryou #instagood  #fy  #nooil  #lowcalorie  #pasta  #pastatiktok  #pastarecipe  #pastalover  #worklife  #worklunch  #bulk  #mealprep,,ginger,2,,,#buldakramen,2,,,,,batter,16
Kolby Kash,https://www.tiktok.com/@chefkolbykash/video/7447636513459932462,13300000,33200,0,2129,1363,#ad,LITTLE MO' BETTA,I always say food is how I show my love so I gave my parents the works with this beef Wellington recipe. #ad Spread a little love this holiday with @Kroger share food share love recipe challenge and share a recipe with someone you love ,face,english,video, #ad #holidayrecipes #KrogerShareFoodShareLove #KrogerHoliday,,girl,2,,,#buttercream,2,,,,,broccoli,16
FAITH,https://www.tiktok.com/@faithsfresh/video/7482590455981428010,13300000,1100000,1061,84000,11800,make lunch w me as a private chef',Autumn Leaves,is it considered breakfast or lunch if her first meal is past noon 🤔 recipes are on my substack,face,english,video, #easyrecipe ,,go,2,,,#caesar,2,,,,,cake,16
Cherie,https://www.tiktok.com/@thrivingonplants/video/7228553978982812935,13200000,950200,1922,203100,40400,chinese cucumber salad',Sixty Second Commercial,"Chinese Cucumber Salad 🥒 This is one of my all time fav childhood dishes that I grew up eating and it’s by far the tastiest salad ever! To be completely honest I much prefer the usual method of bashing the cucumber (lol) and roughly chopping it but this is a super fun way to serve it if you’re bothered! Ingredients 2 large or 3 medium cucumbers  Sea salt 1.5 tbsp black vinegar 1 tbsp soy sauce 1 tsp sesame oil 2 tsp liquid sweetener or sugar 2 cloves garlic, minced  Chilli oil, to taste Pinch of sesame, to garnish  1. Wash your cucumbers then slice off the ends. Place between a pair of wooden chopsticks and slice in an angle all the way down. Flip and repeat.  2. Put into a bowl and sprinkle some salt over to draw out any excess moisture. Set aside for 5 mins then rinse and drain well. Alternately, you can skip this step and simply marinade your cucumber in the prepared sauce and keep in the fridge until you’re ready to serve.  3. In another bowl, add in the vinegar, soy sauce, sesame oil, sweetener, garlic and chilli oil. Add in the cucumbers and mix well to coat.  4. Transfer onto a plate, spoon on all of the sauce and garnish with sesame seeds and extra chilli oil. Enjoy! ",faceless,english,video, #vegan #plantbased #cucumber #cucumbersalad #salad #asmrfood #trendingrecipe #fyp #fypシ   ,,green,2,,,#cakedesign,2,,,,,dark,16
Zoe🐇,https://www.tiktok.com/@zoetheolive/video/7156550033641458945,13200000,1900000,6906,288500,20900,salmon teriyaki onigiri',B U B B L E G U M,I used to have one everyday at skl🍙 also I’m accepting donations for a rice cooker if anyone wants to gift me one ,faceless,english,video,#onigiri #salmon #teriyakisalmon ,,here's,2,,,#cakesbymarian,2,,,,,day,16
Shineee Dee,https://www.tiktok.com/@shineeedee/video/7382175224734747922,13200000,9117,69,1273,429,"5 baon ideas for your kids! (EASY, FUN AND YUMMY!)",Cooking Time,5 baon ideas for your kids🥪 Make snack time exciting for your kids with these #MeatyBusogEveryday sandwich recipes made more special with Lady’s Choice that’s made from real meat and farm-fresh eggs!,faceless,english,video,#MeatyBusogEveryday,,homemade,2,,,#cannelloni,2,,,,,dish,16
Rosa Isabel,https://www.tiktok.com/@foodbyrosaisabel/video/7341311091982617888,13100000,1100000,2253,480800,46000,10 pasta ideas 🍝',BACK PACK,#pasta #dinnerideas #dinner #mealideas #quickrecipes #simplelunch #fyp #foryou #lunchideas #lunch #whattoeat #cookwithme #healthycooking #healthyrecipes #fypage #dinnerinspo #viral #food #viralvideo #pastaideas ,faceless,english,slideshow,#pasta #dinnerideas #dinner #mealideas #quickrecipes #simplelunch #fyp #foryou #lunchideas #lunch #whattoeat #cookwithme #healthycooking #healthyrecipes #fypage #dinnerinspo #viral #food #viralvideo #pastaideas,,hotdog,2,,,#carbonara,2,,,,,do,16
Юлия ✨ готовим вместе!,https://www.tiktok.com/@yulianna_food/video/7021554473512226049,13000000,357100,820,120300,25300,Макароны с сосисками',Dancing On Dangerous (feat. Sofia Reyes),Вкусный ужин в одной сковороде #простыерецепты  ,faceless,russian,video,#ужинза15минут #макароны #день_повара #готовимвкусно #простоивкусно,,hungry,2,,,#casserole,2,,,,,fry,16
EpicSweetCakes,https://www.tiktok.com/@epicsweetcakes/video/7061658404606987525,13000000,1300000,2403,48500,2930,Tu pourrais nous montrer comment tu l'as fait stp?',Countless,Répondre à @louiseemrg  ✨LA TN de @inoxtag 👟     ,face,french,video,#inoxtag #gateau #anniversaire #tutorial #recette #patisserie #cakedesign #sneakers #tn,,i'll,2,,,#cat,2,,,,,g,16
TIFFY COOKS 🥟,https://www.tiktok.com/@tiffycooks/video/7415671975604948229,12900000,5704,59,547,245,Share your love language with your cats today with SHEBA',original sound,"#ad My number one love language is food, feeding those I love is what makes me the happiest, and that includes my cats.  Sheba is also all about integrity, making every moment a beautiful and enhanced experience that both you and your cat can completely love. ",faceless,english,video,#ad #ShebaBistro #CatsofTikTok,,i'm,2,,,#cheesypasta,2,,,,,granulated,16
Angelika Rose,https://www.tiktok.com/@_angelikarose/video/7409598035421842695,12900000,1100000,2506,482000,144100,Mini Apple Pies',Bed Chem,"Mini apple pies  Ingredients: -2x apples (peeled and chopped into small cubes) -40g salted butter  -50g brown sugar -1-2 tsp cinnamon -1/4 tsp nutmeg -2 tbsp lemon juice  -1/2 tsp cornflour   -3 tsp cold water -2x sheets frozen shortcrust pastry -1x egg (whisked) Method: -Simmer chopped apples, salted butter, brown sugar, cinnamon, nutmeg and lemon juice in a saucepan until the apple have mostly softened. -Mix together cornflour and cold water. -Pour the cornflour slurry into the simmering apples. Mix until thickened then set aside to cool. -Preheat oven to 180C. -Use a round cookie cutter or a glass to cut out rounds in one of the pastry sheets (I made 9). -Use the second sheet of pastry to cut out strips (approx. 1.5cm). -Place approx 1 tbsp of the filling into the centre of each round.  -Lay 2 parallel strips of pastry on top of each round, then lay 2 more strips perpendicular to the first to create a lattice. -Cut off any excess pastry on the rounds and use a fork to seal the edges. -Brush the pastry with the whisked egg. -Bake at 180C for 20-25 minutes or golden brown.  Happy Baking! ",faceless,english,video,#miniapplepies #applepie #applepiecookies #baking #easydessert ,,ingredients',2,,,#chickenpasta,2,,,,,juice,16
miralux07,https://www.tiktok.com/@miralux7/video/7193368557290392838,12800000,414500,913,49500,10800,Lasagne',أقبل قمرك بعد غياب,Lasagne ,faceless,german,video,#lasagna #lasagne #pasta #viral #explore #rezept #cannelloni #canneloni#recipe #rezepte #recipes #schnellerezepte #essen #kochen #abendessen #mittagessen #fyp #fürdich #kitchen #miralux07 #hackfleisch #mozzarella #cheese #mincedmeat #meat #bolognese,,is',2,,,#chickensandwich,2,,,,,most,16
doosi,https://www.tiktok.com/@doosifit/video/7274015497132444974,12800000,909000,1644,415200,123400,Beef & Cheese Burritos',original sound,"HIGH PROTEIN, LOW CALORIE creamy  beef & cheese burritos 🤤 🌯 Macros (for 2 burritos) ⬇️ 486 calories 47g protein 42g carb 23g fat 30g fiber Filling (6 burritos) ⬇️ ➡️ medium heat pan 1 lb ground beef 1 tsp salt 1/2 tsp garlic powder 1/2 tsp paprika 3 tbsp lite cream cheese  3 tbsp taco sauce 28g reduced fat Mexican cheese 28g reduced fat mozzarella cheese 30g diced green chiles (optional) Chipotle sour cream (6 burritos) ⬇️  2 tbsp lite sour cream 1/2 tsp chipotle adobo sauce 1/4 tsp chipotle powder 1/4 tsp smoked paprika Assembly (6 burritos) ⬇️ 6 low carb tortillas beef & cheese filling 1/4 cup nacho cheese chipotle sour cream. ",faceless,english,video, #burrito #highprotein #macrofriendly #fatloss,,jelly,2,,,#chickentenders,2,,,,,paprika,16
Pepper PH,https://www.tiktok.com/@pepper.ph/video/7426319693297896711,12700000,26600,162,6394,3212,Make creamy mushroom truffle pasta with this ONE kit!',Vlog,Have you seen this? 👀 We just picked up this truffle pasta kit that has everything you need to create restaurant-quality pasta right in the comfort of your own home—no dining out required! 🏠 🛒 Try it out yourself: Check the link in our comments to see a full list of supermarkets near you! 🔍,faceless,english,video,N/A,,just,2,,,#chinesefood,2,,,,,parsley,16
Юлия ✨ готовим вместе!,https://www.tiktok.com/@yulianna_food/video/7030391027936611585,12700000,297200,418,81800,33900,Крошка картошка',All The Things She Said,Чудо-картошка ,faceless,russian,video,#крошкакартошка #быстрыйрецепт #горячееблюдо #вкуснокакумамы #чтобыприготовить #картошкарецепт #картошка #тиктокготовит #готовимвкусно,,lasagne',2,,,#christmasbaking,2,,,,,pieces,16
The LOVEY Life | Elaine&Jeremy,https://www.tiktok.com/@theloveylife/video/7486776262896225554,12600000,49300,246,2997,2792,How do you like your spicy food?',Chillout Lofi Hip Hop K(886124),"Swak sa panlasa ko ung Spicy Chao Fan ng Chowking – tamang anghang and as expected, masarap. Try niyo na rin friends, balitaan niyo ko kung kamusta hehe",faceless,filipino,video, #Chowking #spicy #chaofan #TheLoveyLife #FoodiePH #honestreview #FoodReviewPH #TiktokEatsPH #FoodieTokPH ,,loaded,2,,,#cinnamonrolls,2,,,,,salad,16
Zoe,https://www.tiktok.com/@zoe_home/video/6957367465705737477,12600000,1200000,6265,117000,38200,Clouds cake',8D,A cake as soft as cotton🎂,faceless,english,video,#food #foodie #cake #homemade #tiltokfood #tiktokfoodie #foryou #fypシ #deliciousfood,,marry,2,,,#collegemeals,2,,,,,smoked,16
PlanetFood,https://www.tiktok.com/@thisisplanetfood/video/7465390203893583137,12500000,244700,1104,91700,70300,AIR FRYER LASAGNE',APT.,"AIR FRYER LASAGNE 😍 If you fancy a quick and hassle free lasagne you NEED to make this air-fryer version. The key is using fresh pasta sheets. They cook so much quicker than dried meaning your tasty lasagne is ready in under 25 mins, with only two pots to wash! Serves 4 🇮🇹Start by making a simple bolognese mix in a large saucepan (we used 750g pork and beef mince) 🍝Add two serving spoons of the mix to your air-fryer, removing the grill 🇮🇹Cover with fresh lasagne sheets (fresh cook so much quicker than dried) 🍝Now add a serving spoon of bechamel sauce 🇮🇹Repeat x4 (or more, depending on how many layers you’d like) 🍝Build your top layer with lasagne sheets, bechamel and a good handful of cheese (we used mozzarella) 🇮🇹Sprinkle over 2 tsp each of basil and oregano and cook @ 150C for 20 - 25 mins 🍝Serve with fresh salad and garlic bread, bellissimo! ",faceless,english,video,#airfryerrecipes #airfryer #easyrecipes #ukfoodie #british #lasagne #recipevideos ,,mochi',2,,,#collegestudent,2,,,,,spread,16
The Low Carb Kitchen,https://www.tiktok.com/@thelowcarb_kitchen/video/7176015869435235585,12500000,623800,1203,217200,64000,keto & gluten free MINI CHEESECAKES,"Sleigh Ride (Just hear those sleigh bells jingling, ring tingle tingling too)",Super easy to make Christmas keto mini cheesecakes 🧁🎅   The recipe is in the comments and on my IG (thelowcarb_kitchen).  ,faceless,english,video,#christmasbaking #minicheesecake #lowcarb #ketorecipes ,,molida,2,,,#comida,2,,,,,sure,16
Swan Brand UK,https://www.tiktok.com/@swanbranduk/video/7119493346925481221,12400000,1100000,4237,126900,30800,New Hack incoming',long way 2 go remix,Save your chips from falling out of the bag with this hack 👀🤩 ,face,english,video,#lifehacks #kitchenhack #chipshack #homehacks #fyp,,morning,2,,,#cookiedough,2,,,,,tablespoon,16
Nutritional Recepies,https://www.tiktok.com/@holisticpath/video/6974989965704924422,12400000,659300,11800,34300,13000,Summer Roll 🌿',original sound,#obsessed #summerroll #everyday,faceless,english,video,#obsessed #summerroll #everyday,,much,2,,,#cookingathome,2,,,,,try,16
sunny☀️| easy recipes,https://www.tiktok.com/@sunnysrecipes/video/7334394224613281030,12300000,1800000,3097,223800,8639,stress baking >>,original sound,red velvet cream cheese brownies have my ❤️  recipe: - 1/2 cup melted butter - 3/4 cup granulated sugar - red food colouring - 2 eggs  - 1/4 cup cocoa powder - 1/2 tsp baking powder  - 3/4 cup flour  - 6 oz cream cheese (room temperature) - 1 egg yolk -1/4 cup sugar  ,faceless,english,video,#valentinesday #baking,,need,2,,,#cookingformyhusband,2,,,,,unsalted,16
Mayra Wendolyne,https://www.tiktok.com/@lowcarblove/video/6942265873910484229,12200000,1000000,3579,171500,123200,25 Min One Pan Meal,original sound,Easy Chicken & Veggie Meal ,face,english,video,#keto #ketorecipes #onepanmeal #EnvisionGreatness #ShowerWithMoxie,,never,2,,,#cookingvideo,2,,,,,used,16
DoctorBowl EasyHealthy Recipes,https://www.tiktok.com/@doctorbowl/video/7476201631047044374,12200000,383800,1630,215700,51700,a doctor's favourite lunch',Beautiful People,"RECIPE BELOW👇🏽 I thought I couldn’t top my recent viral egg recipe, but this one is SOMETHING ELSE ✅So easy and quick ✅ SO tasty! ✅ Packed full of nutrients Enjoy!  DB x INGREDIENTS  ▪️2 large sweet potatoes ▪️2 eggs ▪️1/4 cup milk  ▪️1 spring onion, chopped ▪️1/2 red pepper, finely chopped ▪️Handful of feta cheese  METHOD ▪️Preheat oven to 200c ▪️Wash and dry your sweet potatoes. ▪️Prick them all over, and brush with some oil. Bake for 45-50 minutes until soft/air fry for 25 minutes/microwave. ▪️Remove from oven and let them cool ▪️Beat 2 eggs and mix with the milk ▪️Slice sweet potatoes in half, and gently mash the potato and form a well. ▪️Season with salt and pepper. Then add your desired veggies. Pour in the egg mixture and top with feta. ▪️Bake or air fry for a further 15-20 minutes ",faceless,english,slideshow,#sweetpotato #healthyrecipes #easyrecipes #lunch ,,night,2,,,#cottagecore,2,,,,,warm,16
foodwithbearhands,https://www.tiktok.com/@foodwithbearhands/video/7166347187058642218,12200000,647300,1616,29400,9305,Wagyu Picanha',original sound,Waygu Picanha #wagyu ,faceless,english,video,#picahna #asmr #outdoorcooking #openfirecooking ,,noodles,2,,,#creamy,2,,,,,when,16
Shannon McNitt,https://www.tiktok.com/@livingonlife101/video/7051354134343257391,12200000,869600,3603,117400,191700,Spicy Sausage Pasta',original sound,Full recipe linked in my profile ,faceless,english,video,#spicysausagepasta #sausagepasta #spicypasta #rotel #turkeysausage,,oats',2,,,#creamychicken,2,,,,,(or,15
Matthew Merril,https://www.tiktok.com/@matthewinthekitchen/video/7230915417466768686,12200000,13300,159,193,343,Using AI to come up with pizza toppings',original sound,#ad Letting AI create a fun pizza flavor with #DiGiorno. Why wait for delivery? ,face,english,video,#pizzatok #ad,,order,2,,,#creamysauce,2,,,,,30,15
Danna Mei,https://www.tiktok.com/@danna_mei/video/7215667761001860358,12200000,1100000,2258,256900,34400,delicious mango smoothie 🥭❤️',People (Sped Up),Mango smoothie recipe💛🥭✨ - 1 large frozen banana - mango (fresh or frozen) - ice cubes  - orange juice - milk (i use almond milk) - 1 tsp turmeric  Enjoy!😋✨ ,faceless,english,video,#healthy #healthylifestyle #smoothie#smoothieideas#mangosmoothie  ,,pancakes',2,,,#crunchy,2,,,,,allow,15
theblueberrymouse,https://www.tiktok.com/@theblueberrymouse/video/7446198925607980330,12200000,1700000,6463,193800,139200,But you've never left the frame.,original sound,Poems and Baking🥰🤍 ,faceless,english,video,#baking #baketok #poems #sadpoems #trending #december ,,perfect,2,,,#cucumber,2,,,,,back,15
DiSA👩🏻,https://www.tiktok.com/@foodfromheaven2/video/7484956798089268502,12200000,214200,511,102000,52800,Snickers Cheesecake,Azul,Recipe on my Instagram ,faceless,english,video,#ramadanrecipes #nobakedessert ,,pesto,2,,,#cucumbersalad,2,,,,,basil,15
NISRINE | نسرين,https://www.tiktok.com/@nisrine.idrissii/video/7276076475541949701,12100000,423000,2042,204100,70000,Chicken shawarma',"Icytwat X Ethereal Type Beat ""Stars""",‏[🇲🇦]  شورما الدجاج  بهارات الدجاج: -يغورت طبيعي  -زيت الزيتون -عصير ليمون -ثوم مفروم -بابريكا + كمون + مسحوق الكزبرة + كركم + ملح + زنجبيل + فلفل أسود + رشة قرفة + مسحوق الفلفل الحار (اختياري) صلصة: -2 م ك مايونيز - 2 م ك يغورت طبيعي  -عصير ليمون -1 ثوم -1 م ص عسل [🇬🇧] Chicken shawarma  Chicken seasoning: -Plain yogurt  -Olive oil -Lemon juice -Minced garlic -Paprika + cumin + coriander powder + turmeric + salt + ginger + black pepper + pinch of cinnamon + chili powder (optional) Sauce: -2 tbsp mayonnaise  -2 tbsp plain yogurt  -lemon juice -1 garlic -1 tsp honey  ,faceless,arabic,video,#shawarma #recipe #شاورما #وصفات #دجاج #fyp #explore #المغرب🇲🇦,,pot,2,,,#cute,2,,,,,better,15
kayoukitchen,https://www.tiktok.com/@kayoukitchen/video/7267529059465284896,12100000,536000,4199,203800,48700,JUST TWO INGREDIENTS?',so this is love,"2-INGREDIENT CHOCOLATE TRUFFLES 🤯🍫 recipe in the link in our bio 👀 Ok, these truffles are the bomb! We’re still mind blown you can make such good truffles with just two ingredients. They’re slightly fudgy and super chocolaty, perfect to satisfy that sweet tooth. Enjoy and tag us @kayoukitchen, seeing your creations makes us the happiest 🥰",faceless,english,video,#chocolatetruffles #chocolate #dessert #sweettooth #easyrecipes #homemade #foodie #2ingredientsrecipe ,,potato',2,,,#cutefood,2,,,,,chilli,15
Maia | Foodie 🫶🏼,https://www.tiktok.com/@maiamarjoram_/video/7222714073253727493,12000000,486800,1078,245700,62500,Creamy Chicken Alfredo Recipe,Rihanna x Burna boy x Last Last xKevin Dave Mashup,"The yummiest and easiest creamy chicken alfredo recipe, recipe in comments🍴🤌🏼 ",faceless,english,video,#fyp  #foodrecipes #chickenalfredopastarecipe #chickenalfredo #pastarecipes #creamychickenpasta #creamychickenalfredo #pastatiktok ,,pov,2,,,#decoration,2,,,,,cinnamon,15
Rosa Isabel,https://www.tiktok.com/@foodbyrosaisabel/video/7343679820338957601,12000000,1000000,1582,432000,72800,10 pasta ideas 🍝',BACK PACK,#pasta #dinnerideas #dinner #mealideas #simplelunch #fyp #foryou #lunchideas #lunch #whattoeat #cookwithme #healthycooking #healthyrecipes #fypage #dinnerinspo #viral #food #viralvideo #pastaideas ,faceless,english,slideshow,#pasta #dinnerideas #dinner #mealideas #simplelunch #fyp #foryou #lunchideas #lunch #whattoeat #cookwithme #healthycooking #healthyrecipes #fypage #dinnerinspo #viral #food #viralvideo #pastaideas ,,raising,2,,,#deliciousdesserts,2,,,,,cover,15
Selma (healthy & easy recipes),https://www.tiktok.com/@fitfoodieselma/video/7480579755973135638,12000000,848200,1310,193200,68900,fun & easy snack idea,sonido original,"A fun & easy snack idea!🤩  • Ingredients: 2 rice cakes 2 pieces 80 % dark chocolate, melted Greek yogurt Blueberries Pomegranate seeds Peanut butter • 1. Spoon two dollops of melted dark chocolate onto a plate lined with parchment paper. Place the rice cakes on top and press them down to spread the chocolate. Let set in the fridge for 10 minutes 2. Top with greek yogurt, blueberries, pomegranate seeds and peanut butter and enjoy! • For more recipes check out my recipe Ebooks which have 180 healthy & easy recipes, link is in my profile🥰 • • • ",faceless,english,slideshow,#snackidea #snackideas #healthysnack #healthysnacks #healthysnackideas #healthysnackrecipes ,,salmon,2,,,#dinneridea,2,,,,,extra,15
Khin’s Kitchen,https://www.tiktok.com/@khinskitchen/video/7194938091432447237,12000000,669500,1682,319300,102100,Crispy Sesame Chicken,original sound,The best crispy sticky sesame chicken recipe  ,faceless,english,video,#chinesefood #stickychicken #tiktokfood #recipes ,,scratch',2,,,#dinnertime,2,,,,,extract,15
iRick,https://www.tiktok.com/@iricksnacks/video/7279438580412435758,12000000,799000,2273,363600,142700,Ranch parmesan smashed carrots,original sound,"Say “YUM” if you would eat these Crispy Ranch Parmesan Smashed Carrots 🥕🤤  This yummy recipe is super easy to make, here’s what you do: Steam a bag of carrots, smash them & pat dry.  Add to parchment paper & drizzle both sides with oil. Top with Parmesan and ranch seasoning. Bake @ 400F for 20 mins & enjoy 🙌 ",faceless,english,video,N/A,,smoothie,2,,,#dinnerwithme,2,,,,,lb,15
al the pastry gal,https://www.tiktok.com/@alchenny/video/7441644328105250094,12000000,726400,440,15600,2279,what actually happens after ur done baking,meow meow meow,can i at least have my cambro back tho 🥹,face,english,video,N/A,,so,2,,,#diy,2,,,,,low,15
marleneton,https://www.tiktok.com/@marlenetoennessen/video/7414772867264515361,12000000,1100000,1784,189500,82900,cinnamon rolls <3',gilmore lala,I love cinnamon rolls <3 #cinnamonroll ,faceless,english,video,#baking #bakingrecipe #aesthetic #fyp #gilmoregirls #autumnvibes ,,something,2,,,#dubai,2,,,,,making,15
Giorgiafitfood,https://www.tiktok.com/@giorgiafitfood/video/7241623043913551131,11900000,774300,1032,217400,50200,HotDog Buns 🍞 French Toast,This Year Blessing by Victor Thompson,Recipe on IG giorgiapaino 🍞💛 ,faceless,english,video,#hotdogbun #frenchtoast #frenchtoastrecipe #easyrecipe #viralrecipe #viralvideo ,,son,2,,,#easter,2,,,,,much,15
DoctorBowl EasyHealthy Recipes,https://www.tiktok.com/@doctorbowl/video/7477316773595974934,11900000,441700,1674,293600,77100,this date cake is made with just...,ANXIETY (feat. Doechii),"RECIPE BELOW👇🏽  Please can you make this recipe as it is INSANELY DELICIOUS 🤤  ✅ 7 ingredients ✅ SO easy  ✅Packed full of nutrients  ✅SO SO TASTY! Enjoy!  DB x INGREDIENTS  ▪️15 medjool dates, pitted  ▪️1 cup warm milk ▪️1 and 1/2 cups plain flour ▪️1 tsp baking powder ▪️1 tsp bicarbonate of soda  ▪️2 eggs ▪️1/2 cup walnuts, chopped ▪️Chocolate chips (optional)  METHOD  ▪️Preheat oven to 180c ▪️Add the dates and warm milk together in a bowl. Leave aside for 20 minutes until your dates are soft, then blend ▪️To the blended date mixture, add the remaining ingredients ▪️Pour batter into a prepared loaf tin and spread evenly ▪️Top with walnuts and chocolate chips (optional) ▪️Bake for 30-35 minutes or until a toothpick comes out clean   ",faceless,english,slideshow,#dates #cake #healthyrecipes #easyrecipes #healthysnacks,,soufflé,2,,,#easydessert,2,,,,,"oil,",15
Cooking by Shabnam👩🏻‍🍳,https://www.tiktok.com/@cookingbyshabnam/video/7411933006283246865,11900000,160000,680,57700,80500,Идея для завтрака',Originalton,Идея для завтрака💡 ,faceless,russian,video,#идеядлязавтрака #завтрак #идея #чтоготовить #вкусно #ппрецепт #рецепт #сендвич #сендвичизапятьминут #food #breakfast #breakfastrecipe #recipe #breakfastidea #fasrfoodlover #yummy #foodie #tiktok #trend #kahvaltı #istanbul #tajikistan ,,staple,2,,,#easydesserts,2,,,,,oil.,15
Eat&Cook with The Sisters,https://www.tiktok.com/@eatcookwiththesisters/video/7479438891041312055,11900000,284200,1928,41200,20700,RAMADAN SERIES dessert gourmand sans cuisson,Qalbi Fil Madinah,"RAMADAN SERIES 🌙 Dessert rapide, facile et très très gourmand  Pour la crème : 200ml crème liquide non sucré  100gr mascarpone 2 Cas lait concentré sucré  Topping : 2 snickers  100ml crème liquide (sans sucre)  Instructions :  Dans un bol, faire monter la crème liquide avec la mascarpone et le lait concentré sucré  Pour assembler le dessert, placez le biscuit trempé dans du lait et étalez-le au fond du moule. Ensuite, versez la moitié du mélange de crème à la cuillère et étalez-le sur les biscuits, puis répétez l’opération. Enfin, versez le mélange de Snickers et crème liquide fondu au bain-marie.  ",faceless,french,slideshow,#dessertrecipe #easyrecipe #easydesserts #dessertsanscuisson #dessertfacile #chocolatecake #nobakedessert #ramadan ,,start,2,,,#easydinnerideas,2,,,,,paste,15
foodieholly,https://www.tiktok.com/@foodieholly_/video/7342167572604914976,11800000,1100000,2011,263100,33200,Homemade soup dumplings,yeah,"Soup dumpling recipe at home!🤤 After a couple of attempts I figured out an easier way to make one of my favourite dishes - Xiao long bao, soup dumplings!! This faster method still tastes so good and is better for beginners 😋🤤 (if you’re making these be sure to start the day before to allow the jelly time to set) INGREDIENTS  Soup jelly  - 500ml chicken stock  - 1 tbsp light soy sauce  - 1 tbsp dark soy sauce  - 1 tsp sesame oil  - 1 tbsp shoaxing cooking wine  - 1 tsp salt  - 1 tsp white pepper  - 1 tsp Chinese 5 spice  - Bloomed gelatine (100ml water with 1, 12g sachet of gelatine) sprinkle the gelatine onto the water a little at a time until sachet is finished and let sit for 10 mins until bloomed  Dumpling filling  - 500g pork mince - 5 spring onions  - 30g chives  - 1 inch grated ginger  - 2 cloves garlic  - 1 tbsp light soy - 1 tbsp dark soy - 1 tbsp rice wine vinegar  - 1 tsp salt  - 1 tsp sesame oil  - 1 pack dumpling wrappers  METHOD  Soup  - In a pan add all of the soup ingredients apart from the bloomed gelatine, bring to the boil  - Reduce to a simmer then add in the bloomed gelatine and stir until dissolved  - Pour the mixture into a tub and place in the fridge overnight   Dumpling filling  - Mix all of the prepared dumpling ingredients together in a bowl  - Remove the soup jelly from the fridge and chop it into small pieces before adding into the mix and stirring well  - Add a tbsp of filling to a dumpling wrapper and wet the edges, bring each side in pinching together until a pleated dumpling is formed  - Fill up a pan half way with water and add a steamer (you can pan fry and steam in a pan if you don’t have a steamer)  - Add the dumplings to the steamer, put the lid on and steam for 8 minutes  - Remove and serve with optional toppings / garnishes  - ENJOY!! ",faceless,english,video, #recipe #soupdumplings #easyrecipe #recipesoftiktok #dumplings #recipesforyou ,,sticks,2,,,#easyfood,2,,,,,quick,15
Kellie Atkinson,https://www.tiktok.com/@kellie_atkinson/video/7368602392776035627,11800000,646800,1306,37800,15500,FRIDGE RESTOCK',original sound,Restocking the fridge 🍇🤩 ,faceless,english,video,#asmr #restock #refill #restockasmr #organized #fridgeorganization #fridgerestock ,,summer,2,,,#easylunch,2,,,,,remaining,15
Lilsipper,https://www.tiktok.com/@lilsipper_official/video/7239489365091716398,11800000,1200000,3973,244000,86200,Cookie Dough Bark',original sound,Best of both worlds 🍪🍫  ,faceless,english,video,#cookiedough #chocolatebark #ketocookies #paleodesserts #easydesserts #cookiedoughbark,,their,2,,,#easylunchbox,2,,,,,room,15
Benjamin Delwiche,https://www.tiktok.com/@benjaminthebaker/video/7255063270841797934,11800000,1100000,2128,163700,13700,sugar cookies',original sound,getting your perfect sugar cookie ,faceless,english,video,#baking #cookies #learnontiktok ,,there,2,,,#eatingshow,2,,,,,sausage,15
Days with Dae,https://www.tiktok.com/@dabrionne/video/7448277901968952606,11700000,771400,1522,410900,97600,Air Fryer Ideas Parmesan Potato Slices,Passionfruit - Instrumental,I love using my air fryer so I made these quick and easy parmesan sliced potatoes. I’ll give these a 10/10. @Graza #grazapartner  Ingredients: Potatoes Fresh parmesan  Fresh parsley  Cornstarch Salt Pepper Onion Powder  Garlic Powder  Paprika  Extra Virgin Olive Oil  ,faceless,english,video,#potatoes #fries #graza #airfryer #recipes #recipe #easyrecipe #dinneridea #airfryerrecipes ,,these,2,,,#eggsandwich,2,,,,,sheet,15
Zoe🐇,https://www.tiktok.com/@zoetheolive/video/7150265500717600002,11700000,1200000,2338,269000,17900,teriyaki salmon w/ spicy mayo',is there someone else,spicy mayo is optional bc the salmon was already saucy asf😳❤️‍🔥 im just extra  ,faceless,english,video,#salmon #salmonrice #spicymayo #unistudent,,they,2,,,#eno,2,,,,,was,15
Krista Pool,https://www.tiktok.com/@stayfitmom_krista/video/7265767042295352622,11700000,736000,3209,421200,154000,CHICKEN PESTO BAKES,original sound,My most VIRAL single serve oven baked meal prep recipe💥Have you tried this one yet??  Not a fan of cooking your rice with the chicken? No problem- just cook your rice separately and add 2&1/2 ounces cooked rice to each bowl (or more!).👍🏻  ,faceless,english,video,#5daymealprep #mealprep #singleserverecipe #highproteinmeals #macrofriendlymealprep #macrofriendly ,,thing,2,,,#enokhululeka,2,,,,,way,15
Elda | Thick N Saucy,https://www.tiktok.com/@thicknsaucy/video/7223860633853267246,11700000,1700000,5793,240300,52300,today it is a popular dish in France and around the world,French Café,"Sauce Ingredients: 1 large red bell pepper 1/2 pound vine tomatoes  3 TbSp extra virgin olive oil 1 large onion (or 2 small shallots) 1 head garlic 1/4 cup red wine (optional substitute 1/2 cup veggie broth) 2 sprigs basil Salt to taste 2 Tsp black pepper  1/2 Tsp rosemary 1/4 Tsp thyme Ingredients for dish: 4-5 tomatoes  2 green zucchini  2 yellow zucchini  (Optional 1 Chinese eggplant) 2 TbSp extra virgin olive oil  Instructions: 1-  Bring a pot of water to a boil. With a pairing knife, mark an “x” on the tomatoes. Once the water boils, remove the pot from heat. Place the tomatoes in the pot for 10-15 seconds, then remove the tomatoes and peel the skin. Cut tomatoes in half.  2- Place the tomatoes, garlic head (sliced in half) red pepper in a baking dish. Drizzle oil on top of all veggies. Place in a preheated oven at 425 degrees (F) for 20 minutes 3- Heat olive oil in a sauce pan, add chopped onions and sauté for 1-2 minutes until translucent  4- Once veggies have finished baking, remove from oven. Allow to cool then peel the pepper, remove the stem and all seeds 5- Place all veggies in the baking dish in a blender. Add the sautéed onions, basil, and spices to a blender. Blend on high until a smooth sauce forms 6- Pour the sauce into the sauce pan and bring to a simmer. Add the red wine and allow sauce to reduce on medium/low to low heat for about five minutes. Then remove from heat. Allow to cool 7- Prepare an oval or circular baking dish and a piece of parchment paper that covers your dish. Place parchment paper on the side  9- Preheat oven to 375 degrees (F) 8- Pour the cooled sauce into the baking dish  and spread to all the edges 10- Chop all your veggies then begin to arrange your layers. Place layers into your baking dish tightly shingled until the entire dish has filled up 11- Drizzle olive oil on top, cover with parchment paper, place dish in oven and bake for 45 minutes  12- After 45 minutes, veggies should have a small amount of resistance but should not be hard. Check by piercing the middle section of veggies with a toothpick or knife 13- Eat this while it’s hot…it tastes so much better that way! I ate mine with pita bread and dipped each section in extra sauce. Enjoy! ",faceless,english,video,#vegan,,tomato,2,,,#essen,2,,,,,we,15
Poppy O’Toole,https://www.tiktok.com/@poppycooks/video/7461775058986356000,11700000,1300000,11500,154100,145400,hello and welcome to Potato TikTok',original sound,We’ll always be here ❤️🥔,faceless,english,video,#potatotiktok #potato #potatok ,,tortellini,2,,,#exploremore,2,,,,,#VALUE!,14
cristicarrillo,https://www.tiktok.com/@cristiiicarrillo/video/7487314573570133279,11600000,820400,5715,185100,30200,pov: In case no one ever taught you how to make rice,som original,"Here’s the easiest way ✨👩🏽‍🍳👇🏼 Ingredients: 2 cloves of garlic 1 tsp olive oil 1 1/2 cups white rice (washed) 3 cups water 1 1/2 tsp salt (or to taste) Instructions: -In a pan, add olive oil and garlic over medium-low heat. Sauté until softened (don’t let it burn). -Add the washed white rice and stir. -Pour in the water and add salt. -Stir well, then let it cook until it starts boiling over high heat. -Once boiling, reduce the heat to low, cover, and let it cook for 15 minutes. Fluff the rice with a fork, and it’s ready to serve! 👀 Salt is to taste 1 cup rice → 2 cups water  1 1/2 cups rice → 3 cups water 2 cups rice → 4 cups water 3 cups rice → 6 cups water . . ",faceless,english,video,#whiterice #howtomakerice #cookingathome #easycook #cookingskills #whitericerecipe #easiestrecipe #tiktok #fypシ #quickrecipes #tiktokfood ,,us,2,,,#fails,2,,,,,-2,14
Taylor Chace,https://www.tiktok.com/@chacekitchen/video/7447988363468000554,11600000,780700,1519,58700,141100,Christmas Tree Burgers',last xmas,‘tis the season 🎄⭐️🍔  ,faceless,english,video,#happyholidays #christmastree #festive #dinner #christmas #cheeseburger #cute #holidayinspo #christmasinspo,,using,2,,,#fall,2,,,,,/,14
donaldo,https://www.tiktok.com/@donaldo_cook/video/7467588707282079022,11600000,725800,2406,348400,139300,in at',That Couch Potato Again,"Cilantro lime chicken crispy with honey I think cilantro lime chicken fell under my radar. I can’t believe this was the first time I’ve made this. The lime and cilantro with all the spices definitely made this sandwich a new one to add to the list.  Recipe Fried chicken breast Dredge the chicken in flour egg then corn flakes and air fry at 285F for 18 to 20 minutes flipping halfway through or till an internal of 165F is reached.  184 calories 40g protein  Cilantro lime sauce In a pan add 1 tbsp avocado oil, 1/2 cup lime juice, 1tbsp honey, 1tsp cumin, salt and pepper, 3 garlic cloves chopped,  1/2 cup water. Reduce a little over medium heat  120 calories  Ciabatta bread 115 calories 5g protein  Cucumber salad  Slice Cucumber cabbage and jalapeño, add honey pickle juice, salt pepper, onion powder, garlic powder, lime zest. Shake and enjoy ",faceless,english,video,#cilantrolime #chickensandwich #sandwich #sandwichlover #foodblogger ,,video,2,,,#fallrecipes,2,,,,,20,14
Juliette,https://www.tiktok.com/@itsmeju1iette/video/6982236529116663045,11500000,1300000,11500,24600,59800,when you’re mad at your bf but he’s hungry 😘',original sound,i hope he enjoys his dinner ❤️🤤 ,faceless,english,video,#fyp #relationshipgoals,,watermelon,2,,,#fitness,2,,,,,3/4,14
Ahmed Younes | احمد يونس,https://www.tiktok.com/@withyouness/video/7413397969682140424,11500000,61100,242,7484,1907,mango and pineapple mojito',original sound,مشروب صيفي رهيب 🤤   @Moussy Egypt 🍍,face,arabic,video,#tiktokcookbook #cookwithme,,we,2,,,#fluffycake,2,,,,,alfredo,14
adina,https://www.tiktok.com/@vegangirlboss/video/7471326494753639702,11500000,441100,2013,136600,32100,this breakfast is so good it should be illegal 😱💦 part 22',Scandalo al sole,this breakfast will blow ur mind! 🍌trust me. deets in the comments! ,faceless,english,video,#breakfast #breakfastideas #fyp #banana ,,week,2,,,#foodinstagram,2,,,,,all-purpose,14
Sam Jose,https://www.tiktok.com/@_samjose_/video/7459814236538047775,11500000,912800,9593,30400,5653,I wasn't',original sound,What would you rate this breakfast? ,faceless,english,video,#cooking #recipe #food #breakfast #foryoupage #fyp ,,what,2,,,#foodtrend,2,,,,,"cheese,",14
Yasmin’s Kitchen🌷,https://www.tiktok.com/@yaasmiinbeell/video/7468375777348799766,11400000,1100000,4225,121100,108400,in my airfryer era',Air Fryer by Ejiyk,🖤🖤 ,faceless,english,video,#airfryer #smores #easyrecipes #chocolate #airfryerrecipes ,,what's,2,,,#foryoupagе,2,,,,,en,14
gracekellyanneats,https://www.tiktok.com/@gracekellyanneats/video/7448391799091186990,11400000,793100,2286,99300,12900,HOW TO MAKE A STEAK: 🥩',Morning Happy Melody,Easy and delicious 🥩🤤 ,face,english,video,N/A,,world,2,,,#friendsgiving,2,,,,,first,14
Juliette,https://www.tiktok.com/@itsmeju1iette/video/7463541612774296878,11300000,1900000,9786,105200,323600,hyperpigmentation cookie. 👀🍪,original sound - Pee Gee Shop,ITS SO NICE 🥺  ,faceless,english,video,#trending #viral #hyperpigmentation ,,y,2,,,#fruit,2,,,,,frozen,14
Maja✨,https://www.tiktok.com/@majasrecipes/video/7495110506286419255,11300000,700400,3202,85800,30200,is',Come On Eileen - Single Edit,"Dyeing Easter Eggs with Onion Skins (Natural Recipe)✨🐰 FULL RECIPE LINKED IN BIO or go comment on my ig post to have the full recipe sent to ur DMs🥰 Need a creative twist on easter egg decorations this year? Want to reduce food waste? Here's how dyeing eggs with onion skins is done! Passed down through generations in my family, it’s a beautiful way to celebrate Easter—completely natural, waste-free, and rooted in tradition! If you wanna see more quick & easy recipes like this one, make sure to follow along!😁 P.S. Welcome to episode 4 of my easter recipe series! 🥰✨ I’ll see you tomorrow for more! Stay Hungry, Maja ♥️👩🏻‍🍳 ",faceless,undefined,slideshow,#easteregg #easter #easyrecipe #aestheticvideos #decoration #artwork #tradition #quickrecipes #foodtok #eggs #onion #foodwaste ,,you’re,2,,,#fyppp,2,,,,,fryer,14
Nico,https://www.tiktok.com/@succulentbite/video/6991108397093358854,11300000,725000,7847,29900,31500,BURNT CHEESECAKES',original sound,Creamiest cheesecake ever 🤤 ,faceless,english,video,#dessert #succulentbite #cheesecake,,завтрак,2,,,#fürdich,2,,,,,go,14
Here’s Your Bite,https://www.tiktok.com/@heresyourbite/video/7435762603898588447,11200000,803800,2627,422500,154600,today we're making the long awaited',If You Love Me,"Lasagna Soup ❤️‍🔥 She’s finally here and she’s just as delicious as I remember. Here’s how to make it: 1 yellow onion, diced  6-8 cloves minced garlic, to taste 1/2 lb italian sausage  1/2 lb lean ground beef (note: can use a full lb of preferred protein) 2-3 T tomato paste Salt and pepper to taste 1-2 t @Tony Chachere Seasoning, to taste (optional) 1 t dried basil 1 t dried parsley 1 t dried oregano 1 t Italian seasoning 1 t red pepper, to taste 24 oz @CarboneFineFood marinara 1/2 cup heavy cream 6 cups beef broth 1/2 lb lasagna noodles, broken Handful of freshly torn basil 1 cup parm 1 cup ricotta 1 cup mozzarella 1/4 cup fresh parsley Salt and pepper to taste 1. In a pot, heat olive oil over medium heat. Add in your onion, salt, pepper, dried basil, dried parsley, dried oregano, italian seasoning, and red pepper. Saute until softened, about 5 minutes. 2. Throw in your garlic and cook until fragrant, about 30 seconds. 3. Add in your sausage and beef, breaking into pieces with a wooden spoon. Season with salt, pepper, and Tony’s (if using). Cook until no longer pink. ( you might need to drain the grease) 4. Clear a center in the pot and add the tomato paste. Let sit undisturbed for a minute or two before incorporating with the rest. Then cook for another 2 minutes. 5. Pour in your beef broth and marinara. Bring to a gentle boil. 6. Pour in your lasagna pieces, reduce heat, and simmer for about 10 minutes, or until al dente, stirring occasionally. 7. While your noodles are cooking, in a medium mixing bowl, combine the ricotta, parmesan, mozzarella, parsley, salt, and pepper. Stir until incorporated. 6. Once your noodles are done, turn the heat off, add in your heavy cream and fresh basil. Add in a few dollops of the ricotta mixture, saving some for topping. Stir to combvine and taste for seasonings.  7. Serve with a dollop of the ricotta mixture and fresh basil or parsley. Enjoy! ",faceless,english,video,#lasagnasoup #soup #souptok #souprecipe #easydinner #dinnerideas #onepotmeals #fallrecipe #easyrecipes #easyrecipe #foodtok #cooking #lasagna,,завтрака,2,,,#gameday,2,,,,,ig,14
Chefwithpalette,https://www.tiktok.com/@chefwithpalette/video/7429622384753151265,11100000,272000,1533,199300,95500,Air Fryer Chicken Breast',original sound,Air fryer Chicken ,faceless,english,video, #airfryer  #airfryermaster  #airfryerrecipes  #airfryerchicken ,,❤️',2,,,#garlic,2,,,,,instructions,14
Zoe🐇,https://www.tiktok.com/@zoetheolive/video/7301328826355764482,11000000,936500,2435,162600,21700,lasagna soup ❤️',hata,didnt end up very soupy but 10/10 delish ,faceless,english,video,#lasagnasoup ,,🍋',2,,,#gigihadid,2,,,,,mini,14
ImHungryForThat,https://www.tiktok.com/@imhungryforthat/video/7200492902575852843,11000000,829000,3816,217300,43900,EDIBLE M&M COOKIE DOUGH BAR',Evening - Instrumental,"If you're like me and prefer cookie dough over baked cookies, you have to give this a try!! Here's how to make it... -2 Tbsp. (25g) Brown Sugar -¾ Tbsp. (10g) Water -1½ Tbsp. (20g) Melted Butter -⅓ Cup (40g) *All-Purpose Flour (heat treated) -2 Tbsp. mini chocolate Chips -2 Tbsp. mini M&Ms 1. Microwave the flour in four 30-second increments, stirring between each one. Give it a mix and let it cool. 2. Mix the brown sugar, milk, and butter in a bowl to combine. 3. Add the heated flour to the bowl and mix to form a dough. 4. Add the mini chocolate chips and M&Ms and fold them into the dough. 5. Shape the dough into a bar. Put more chocolate chips and M&Ms on top. 6. Enjoy immediately or freeze for a few minutes to eat chilled. ",faceless,english,video,#cookiedough #ediblecookiedough #nobakedessert #nobake #dessert #desserts #dessertideas ,,🍝',2,,,#gilmoregirls,2,,,,,ml,14
Emily,https://www.tiktok.com/@emilyyons7/video/7439603470824492318,11000000,765600,1289,25200,5580,Packing lunch for my kid who do not like school lunch,original sound,"I got shamed for making Mac&cheese for my kids. But my kids are happy, ans thats all it matters",faceless,english,video, #asmr #fypシ゚viral #easyrecipe #lunchboxidea #easylunchbox #macandcheese #ricecooker ,,"""فطور",1,,,#girltherapy,2,,,,,see,14
The Fit Feast,https://www.tiktok.com/@thefitfeast/video/7350752980989250818,11000000,1100000,2553,60500,122400,my boyfriends beige flag: when I stop tickling him for 5 seconds he’ll do this until I start again,End of beginning by djo,its the look back for me 😂 ,face,english,video,#boyfriend #couple #fyp ,,#2-,1,,,#goodfoodgoodfeels,2,,,,,sesame,14
foodbyarii,https://www.tiktok.com/@foodbyarii/video/7479407741946039574,11000000,842200,3140,285400,236100,CHOCOLATE COOKIE PIE',Nature Sounds - Bird Sounds,Chocolate stuffed cookie pie! Ingredients : (For an 18 cm pan) 200 g butter (1 stick) 150 g brown sugar (3/4 cup) 1 egg 320 g flour (2 1/2 cups) 1 tsp baking powder 100 g chocolate chips 4-6 tbsp chocolate spread 170°C (340°F) for 30-40 minutes (depends on the oven •1. Prepare the dough Mix 200g butter with 150g brown sugar then add 1 egg. Incorporate 320 g flour and 1tsp of baking powder. Knead with your hands until the dough becomes smooth or use a mixer to make it easier. Add 100 g of chocolate chips •2. Divide the dough into two parts Spread the first part on the bottom of an 18-20cm pan then spread 4 tbsp of chocolate cream on top. Cover with the remaining dough and sprinkle more chocolate chips on top •3. Bake Bake at 170°C (340°F) for 30-40 minutes (baking time may vary depending on the oven) Let it cool slightly before serving!,faceless,english,slideshow, #cake #dessert #Recipe  #cooking   ,,#3-,1,,,#gym,2,,,,,slices,14
Fatima Halim,https://www.tiktok.com/@fatimahalimm/video/7139567558872616197,11000000,367100,1301,95100,13900,Nutellakakor på 2 ingredienser',Paro,Så enkelt och gott! 🏃🏽‍♀️till köket! 😍 Receptet finns både i videon och på min Instagram ♥️ ,faceless,swedish,video,#baka #baking #nutella #chocolate #kaka #cookies #foru #foryou #fyp,,#campbellspartner,1,,,#hack,2,,,,,smooth,14
CookingwithChanel_SA,https://www.tiktok.com/@cookingwithchanel_sa/video/7418245441373932818,11000000,44400,0,5226,2583,Mango Atchaar Recipe,original sound,"Here's how to get rid of heartburn, All you need is ENO Active Fruit Salts!  It gets to work in 6 seconds***  I often avoid certain foods because I hate the feeling of heartburn.   With the help of ENO, I'll be able to get rid of that burning sensation in my chest, ENO gets to work in 6 seconds***!   I can enjoy my mango pickle this heritage month without stress.  Anywho here is the recipe  Ingredients  1 dozen green mangoes, washed  1/4 tsp turmeric  1/2 cup vegetable oil  4 tbsp Pickle masala  4 cloves garlic, finely sliced  1/2 tsp salt  - Cut the mangoes into wedges or smaller pieces if you prefer. Sprinkle with salt and turmeric then mix well.  - Cover with clingwrap and leave overnight on the kitchen counter to draw out all the moisture.   - The next day, drain the water from the mangoes and pat the mangoes dry with kitchen towels.  - In a pot or pan, heat the oil and then add the pickle masala and garlic cloves. Allow to simmer for 5 minutes to infuse the oil.   - Pour this over the mangoes and mix well till fully coated. Taste for salt and add more if you prefer. I didn’t add any more salt because my  - mangoes were salted.   - Add mangoes to an airtight jar and seal. You can enjoy right away but its best to let the pickle sit for at least a week to develop flavour.     Even when you are at the trendiest restaurants you can keep Eno with you. Pop it in your handbag or pop a few sachets in your wallet. Don’t let heartburn spoil the fun let Eno get to work in 6 seconds***.            PM-ZA-ENO-24-00018 ",faceless,english,video,#ENOkhululeka  #KhululekaNgeENO  #ENO,,#hellmannspartner,1,,,#hackfleisch,2,,,,,sour,14
Mayra Wendolyne,https://www.tiktok.com/@lowcarblove/video/7361613718033009963,10900000,554900,1790,254200,137000,Caesar Salad Pizza',original sound,CHICKEN CAESAR PIZZA!! 🍕  thank you @Low carb mama ❤️,face,english,video,#lowcarbrecipes #keto #pizzacrustrecipes #chickencrustpizza #caesarsalad #weightlossjourney,,$10,1,,,#halloween,2,,,,,"tomatoes,",14
Юлия ✨ готовим вместе!,https://www.tiktok.com/@yulianna_food/video/7026745144904846593,10900000,424200,387,132000,22500,Баварский салатик',Gimme! Gimme! Gimme! (A Man After Midnight),Обожаю это сочетание ,faceless,russian,video,#салат #блюдоза10минут #чтобыприготовить #баварскийсалат #салатза5минут #быстроивкусно,,$6,1,,,#halloweentok,2,,,,,what,14
𝒥,https://www.tiktok.com/@jbrndkx/video/7320563208362675489,10800000,642500,955,211900,27700,Caesar pasta salad,La,Let's make the viral caesar pasta salad recipe for dinner tonight!👩🏽‍🍳 ,faceless,english,video,#chickenpasta #caesar #caesarsalad #healthyrecipes #chickencaesarsalad ,,(coca,1,,,#healthylifestyle,2,,,,,▪️,14
lovefromkaite,https://www.tiktok.com/@lovefromkaite/video/7462831235178515730,10800000,573500,3284,117600,56000,pov it's taco night 🌮🍔✨,original sound,taco 🤝🏼 big mac ,faceless,english,video,#smashedtacos #bigmac #bigmactacos #easyrecipe #tacos #fyp ,,(cocacola),1,,,#healthymeals,2,,,,,(i,13
ERICA,https://www.tiktok.com/@alittlebitofericaa/video/7423972894885022981,10800000,1200000,2835,122800,15300,pov you’re the only one home for dinner,Love Letter,My version of girl dinner✨ ,faceless,english,video,#pastatiktok #mealideas #mealinspo #girldinner #dinnerideas #dinnerwithme #cookwithme #recipe #cookingathometiktoktv #cookingtiktok #easyrecipes #relatable #fyp #fypシ゚ ,,"(easy,",1,,,#healthysnack,2,,,,,(optional),13
Maddy,https://www.tiktok.com/@nourished.by.mads/video/7476335838750674206,10800000,500300,603,94100,42000,Creamy Mushroom Chicken',original sound,Creamy Mushroom Chicken 🍄‍🟫 Recipe on my previous video ,faceless,english,video,#highprotein #chicken #chickenrecipes #healthyrecipes #healthyfood #mushrooms,,(lemon,1,,,#highproteinmeals,2,,,,,-1,13
Isabel Eats,https://www.tiktok.com/@isabeleatsblog/video/7426411623373360427,10800000,22100,93,6596,1516,The Easiest Pumpkin Pie Ever only 7 ingredients 🙌',Dance You Outta My Head,#ad The easiest 7-ingredient pumpkin pie! @Carnation Milks  ,faceless,english,video,#ad #lalecherausa #carnation,,(mac,1,,,#homecafe,2,,,,,always,13
Chris Joe,https://www.tiktok.com/@cj.eats/video/7002621238443134213,10800000,1000000,3399,220200,62700,CHICKEN KATSU CURRY,Darling,Chicken Katsu Curry…do I need to say more? 🤤 ,faceless,english,video,#comfortfood #easyrecipetutorials #chickenkatsu #chickenkatsucurry #japanesefood,,(no,1,,,#hotdogpuff,2,,,,,breakfast,13
mp.lana,https://www.tiktok.com/@lana.breakfast/video/7238898629992254726,10800000,328200,439,49000,8747,Breakfast,Somewhere Only We Know,#breakfast #tiktokfood #foodtiktok #morningroutine #goodmorning #eggs ,faceless,english,video,#breakfast #tiktokfood #foodtiktok #morningroutine #goodmorning #eggs ,,+,1,,,#italianfood,2,,,,,cheese.,13
Benjamin Delwiche,https://www.tiktok.com/@benjaminthebaker/video/7228355428751576362,10700000,1200000,1644,125900,11500,tempering',original sound,"Why and how to temper chocolate Tempered Dark Chocolate: 10 oz (283g) dark chocolate 1. Place 8 oz (227g) of dark chocolate in a heat proof bowl and melt gently over a water bath or in a microwave. 2. Make sure not to have the heat too high so that the chocolate never goes above 120F (49 C). 3. As soon as the chocolate reaches 120F (49 C), remove it from the heat and stir in roughly 1 oz (28g) of the reserved dark chocolate that came already tempered in the package. 4. Stir constantly until the chocolate is melted and check the temperature. You are aiming for a temperature between 88-90F (31-32 C). If the temperature is still above that, add more of your reserved chocolate and continue stirring. 5. Keep the chocolate between 85-90F (29-32 C) while working with it. ",faceless,english,video,#baking #chocolate #learnontiktok ,,-,1,,,#italianpasta,2,,,,,cookies,13
Archersfood.com🍯FREE recipes,https://www.tiktok.com/@archersfood/video/7471347534372408598,10700000,779700,1271,238800,174400,No bake kinder bueno cheesecake',Sixty Second Commercial 1 by Michael Reynolds,No bake kinder bueno cheesecake. 🤍 https://archersfood.com/no-bake-kinder-bueno-cheesecake/ check the link in our bio!!  ,faceless,english,video,#kinderbueno #kindercheesecake #nobakecheesecake #nobakekinderbuenocheesecake #food #FoodTok #baking #howtobake ,,-5,1,,,#japanesepancake,2,,,,,eat,13
U-Taste Kitchen,https://www.tiktok.com/@utastekitchenuk/video/7355314384173911329,10700000,1000000,2630,176700,61600,Strawberry Mochi,Sh-Boom,Strawberry Mochi Recipe linked in my bio. ,faceless,english,video,#strawberrymochi #softmochi #mochi #recipe #dessert #desserts #mochirecipe  #recipe #fyp #viralvideo #viraltiktok ,,1',1,,,#keenasmustard,2,,,,,filling,13
Zaynab Paruk,https://www.tiktok.com/@zaynabparuk/video/7108340050643012869,10700000,709800,1618,27900,3355,CAKE HACK',how would they know bad girls club,Let’s call this “No bake Lemon Cake” ,faceless,english,slideshow,#lifehack #hacks #bakinghacks #nobodysgonnaknow,,10-min,1,,,#keensbudgetdinner,2,,,,,good,13
Cherie,https://www.tiktok.com/@thrivingonplants/video/7304242394076040455,10600000,407600,1730,228000,49800,ginger shots,How`s Your Day,"GINGER SHOTS ✨🍋 Let’s save money AND make immune boosting shots!! These babies are sold at cafes for $7+ PER shot… so let’s spend the money on a bunch of produce to make more than a weeks worth of shots instead. Let’s gooooo !!!  Ingredients:  2 oranges 2 lemons 100g fresh ginger (more or less depending on how strong you want it to be)  1/2 tsp ground turmeric 1/8 tsp black pepper 2 cups water * (OR coconut water if you want to add natural sweetness)  Optional: 1-2 tbsp liquid sweetener of choice  Method:  1. Peel your oranges and lemon and cut into smaller wedges.  2. Wash your ginger well and cut into chunks.  3. Add all of the ingredients into your blender. Pop the lid on and blend on high until smooth.  4. Pour through a sieve and into a large bowl. Use a spoon to help filter the juice through. Alternately you can also strain it through cheesecloth/a nut milk bag instead for a smoother juice.  5. Place the funnel on top of your glasses and carefully pour in the juice. Repeat until you’ve used it all up. Pop the lid on all of them and place into the fridge to chill. Enjoy! 👏 NOTE: They will last in the fridge up to 1 week, but ideally are best consumed within 3-5 days. You can also freeze them and thaw out as needed so they last longer (just don’t fill up the bottles too high up).  ",faceless,english,video,#vegan #plantbased #easyrecipe #healthyrecipe #ginger #gingershot #juice #juicerecipe #lemon #health #juicing #healthyfood #gingerlemonshot #wellnessshot #juiceshot #gingerjuice ,,100',1,,,#keenscurry,2,,,,,green,13
Maja✨,https://www.tiktok.com/@majasrecipes/video/7455412546934148358,10600000,833900,1018,255000,77500,MY TOP RECIPES THIS YEAR',2024 recap by northernelg,"pov: you need meal inspo for 2025✨ FULL RECIPES LINKED IN BIO orrr… go COMMENT - RECIPE or YES - on my INSTAGRAM & I’ll DM you the link to all of my top 2024 recipes! ♥️ Always craving a quick & tasty meal? You are going to LOVE all of these lunch/dinner ideas!😏 From hearty one-pan meals to crowd-pleasing pastas, these recipes prove that delicious lunches and dinners don’t have to be complicated. Whether you’re feeding the family or meal-prepping for the week, these quick and easy dishes will keep you coming back for more!✨ Recipes: 1. CREAMY CHICKEN GARLIC PARMESAN PASTA RECIPE 2. BEST GRILLED CHEESE BURRITO (TACO BELL COPYCAT) 3. ROASTED MEDITERRANEAN CHICKEN THIGHS & BABY POTATOES 4. EASY AND CREAMY TOMATO GARLIC PASTA RECIPE 5. 20 MINUTE AIR FRYER CHICKEN GYROS 6. HOT HONEY GLAZED SALMON (EASY SHEET PAN RECIPE) 7. ANNA PAUL'S VIRAL TURKISH PASTA RECIPE 8. CHOPPED CHICKEN CAESAR SALAD WRAP 9. EASY DEEP FRIED CALAMARI RECIPE Stay Hungry, Maja ♥️👩🏻‍🍳",faceless,english,slideshow, #easyrecipe #easyrecipes #pastatok #pastalover #foodtok #quickrecipes #mealprep #gainz #creamypasta #chickenrecipes #newyearnewme ,,12,1,,,#ketorecipes,2,,,,,i’ll,13
Kellie Atkinson,https://www.tiktok.com/@kellie_atkinson/video/7385269537937067306,10600000,244100,601,24800,11700,PAINTING STATION',original sound,Kids painting station 🎨 ,faceless,english,video,#asmr #paint #artsandcrafts #summeractivities ,,12/30',1,,,#kfood,2,,,,,mins,13
TheBigTastyBite,https://www.tiktok.com/@lilalerie/video/7418114102410628358,10600000,23900,92,5415,1120,GRILLED VEGGIE PASTA SALAD',original sound,"Grilled Veggie Pasta Salad 🔥😍 Life's too short to let heartburn and indigestion** hold you back from enjoying special moments with friends and family this Heritage Day. Let ENO do what it does best!  PASTA 250g pasta (cooked, drained and cooled) 1 red pepper 1 yellow pepper 4 large baby marrows Bunch of asparagus (stems peeled) 200g mushrooms SALAD DRESSING 1/3 cup olive oil 2 1/2 tbsp apple cider vinegar 1/2 tsp onion powder 1/2 tsp dried crushed chilies 1/2 tsp dried organum 1/4 tsp salt 1 1/2 tsp light brown sugar 1/4 tsp course black pepper - Coat all the veggies in oil and pop onto a hot grill. Once lightly charred, remove from the heat and cut into chunks. Add to cooled pasta. - Pour over the salad dressing and Danish/modified cheese . Mix well and serve!   PM-ZA-ENO-24-00018",faceless,english,video,#ENOkhululeka  #KhululekaNgeENO  #ENO,,1200,1,,,#khululekangeeno,2,,,,,reduce,13
𝗞𝘂𝘀𝗶𝗻𝗮 𝗞𝘄𝗲𝗲𝗻®,https://www.tiktok.com/@kusinakween/video/7463451749433478408,10600000,15400,130,2221,1781,Golden Egg Fried Rice',original sound - 𝗞𝘂𝘀𝗶𝗻𝗮 𝗞𝘄𝗲𝗲𝗻®,"Sharing my take on Golden Hotdog Fried Rice, made easy with Aji-Ginisa Liquid Seasoning Mix 😋 Join the #AjiWokGisaChallenge and show off your own fried rice creation. Don’t forget to tag @AjinomotoPH and use the hashtag for a chance to be a part of 10 lucky winners of wok, ladle, and 3,000 GCash or of 30 lucky winners of 1,000 GCash! Let’s cook, Kweenatics! 🙌 Ingredients: * 6 cups cooked rice (preferably day-old) * 6 large eggs (separate yolks and whites) * 6 hotdogs, sliced into thin rounds * 2 tablespoons cooking oil * 6 cloves garlic, minced * 1 onion, diced * 2 packs Aji-Ginisa Liquid Seasoning Mix * Salt and pepper, to taste * Chopped spring onions (optional garnish) * Toasted garlic (optional garnish)  @Ajinomoto PH Store ",faceless,english,video,#FYP #foryou #cooking #Food #friedrice #easyrecipes #AjiWokGisaChallenge,,1242,1,,,#koreancake,2,,,,,softened,13
Taylor Chace,https://www.tiktok.com/@chacekitchen/video/7461338508536450350,10500000,775400,2367,95600,17400,CHICKEN POT PIE,La vie en rose (Cover Edith Piaf),I LOVE YOU GUYS 🩷 thanks for following along these last few years. I am going to seriously miss this community 😭 I’ll be on the other a p p if you would like to still follow along!  @chacekitchen  ,faceless,english,video,#dinner #dinnerideas #recipe #cozymeals #comfortfood #cooking #dinnerinspo #chickenpotpie ,,14,1,,,#lasagnasoup,2,,,,,transfer,13
Giorgiafitfood,https://www.tiktok.com/@giorgiafitfood/video/7276380524254448928,10500000,765000,3168,231700,31900,2 MINUTE Brownie Cake',Strangers,2 minutes breakfast 🍫🤝🏼 1G “giorgiapaino” for the recipe ,faceless,english,video,#brownie #browniecake #browniemugcake ,,15,1,,,#lemon,2,,,,,viral,13
Matthew Merril,https://www.tiktok.com/@matthewinthekitchen/video/6991978272531827974,10500000,1700000,11400,231500,147100,Cookie Monster,original sound,I remade my viral Cookie Monster cookies...maybe my proudest creation ,faceless,english,video,#baking #cookies #cookiemonster,,180°c,1,,,#lifehack,2,,,,,you’re,13
Ben Cullen,https://www.tiktok.com/@thebakeking/video/7478414224532770070,10500000,1000000,6258,85300,190100,THIS CAKE IS WILD 😱',Hawaiian Roller Coaster Ride,The perfect Cake for a Lilo and Stitch fan?? 🍰  . . . ,faceless,english,video,#cake #liloandstitch #stitch #disney #cakes #chocolate #cakedecorating ,,2',1,,,#lifehacks,2,,,,,1/3,12
The Good Bite,https://www.tiktok.com/@thegoodbite/video/7173598860508417285,10400000,351300,1348,195700,62700,Honey Garlic Chicken Tenders,original sound,"Honey Garlic Chicken Tenders 😍😍 so easy and so so tasty 🤌  SAVE these for later for a healthy, crispy chicken alternative. 339 calories for 1/3 of whole recipe 💪  Here’s your shopping list: 👇 350g of chicken tenders. Salt and pepper, to taste. Tsp of smoked paprika.  2 eggs. 50g of cornflakes. Dried parley 2 cloves of garlichopped. 2 tbsp of soy sauce. 2 tbsp of honey.  2 tbsp of sweet chilli sauce.  Full recipe is on our website. Link in bio!   ",faceless,english,video,#TheGoodBite #Honey #Galric #Chicken #MealPrep #HighProtein #Recipes  #Food #Meal #GoodFoodGoodFeels ,,200g',1,,,#lunchboxcake,2,,,,,2-3,12
Bernard,https://www.tiktok.com/@bernardh14/video/7415234552945249579,10400000,309500,8059,17500,83200,10 Foot Python 🐍🐍🐍',original sound,Cooking a 10 foot python 🐍🐍‼️🤠🤠,face,english,video, #foryou #fypシ゚viral #explorepage #foodchallenge #foryoupage #explore #viral #explorepage✨ #foodphotography #foodnetwork #outdoorcooking #foodcritic #brunch #fypage #chef #asmr #foodtiktok #cheflife #foodie #tiktok ,,2021?',1,,,#lunchboxidea,2,,,,,200g,12
Kiki,https://www.tiktok.com/@kikicooksfood/video/7485116155271728406,10400000,1400000,6452,34200,17800,I'm rich because...,Ordinary,My best friend ,face,english,video,N/A,,2025,1,,,#lunchboxideasforkids,2,,,,,avocado,12
TIFFY COOKS 🥟,https://www.tiktok.com/@tiffycooks/video/7042378599319489797,10300000,2000000,3889,66600,8692,9-5 TO FT BLOGGER When did I know to take my passion full time?',original sound,1 year since I became a FT food blogger. Here is my journey from a 9-5 to a FT content creator #storytime #contentcreator,face,english,video,N/A,,20x20,1,,,#mango,2,,,,,been,12
RichardEats,https://www.tiktok.com/@richardeats/video/7436899595088661790,10300000,34400,69,724,277,Grilled Chicken Wings',original sound,#ColemanPartner Grilled Chicken Wings with the help of my friends at @colemanusa Shop ,faceless,english,video,#ColemanPartner #Coleman Now!,,22',1,,,#mincedmeat,2,,,,,bring,12
McCormick Asia,https://www.tiktok.com/@mccormickasia/video/7415518987997416722,10300000,4811,19,745,195,McCormick Recipe Mixtape made by AI Super Duper Shrimp Kebabs,original sound - McCormick Asia,Leaf it to McCormick Oregano to make your shrimp kebabs pop with fresh flavour! 🌿🍤 ,faceless,english,video,#madewithAI #McCormickAsia #oregano #shrimpkebabs #AI,,25,1,,,#minifood,2,,,,,burritos,12
zmorgebox_mami,https://www.tiktok.com/@zmorgebox_mami/video/7195439685605412101,10300000,203300,675,16000,3825,Lunchbox asmr',Chopin Nocturne No. 2 Piano Mono,Lunchbox asmr ✨ ,faceless,english,video,#asmr #asmrsounds #asmrlunch #asmrlunchbox #lunchbox #lunchboxideas #lunchboxideasforkids #brotdosefürkinder #zmorgebox_mami #znünibox #znüni #brotdose #frühstückfürkinder #pausenbrot #cutefood #foodart ,,26/100,1,,,#miralux07,2,,,,,chipotle,12
Feel Good Foodie,https://www.tiktok.com/@feelgoodfoodie/video/7333064161355697451,10200000,759800,1488,284600,47400,Roasted Feta Soup',original sound,"This roasted feta soup is inspired by the butternut squash I made a few months ago, but this one is made with red peppers and tomatoes. Its so creamy and so good!  
 
 INGREDIENTS
 1 (8-ounce) feta chunk
 1 red pepper, chopped
 3 Roma tomatoes, chopped
 1 onion, chopped
 2 sprigs rosemary
 1 bulb garlic, sliced at the top 
 Freshly cracked black pepper
 ¼ cup olive oil 
 4 cups vegetable broth 
 INSTRUCTIONS
 Preheat the oven to 400°F. Line a large baking sheet with parchment paper.
 Place the feta, peppers, tomatoes, onion, rosemary and garlic in on the prepared sheet pan. Season everything with black pepper and drizzle with olive oil.
 Bake in the preheated oven for 45 minutes, or until the vegetables are tender and the feta is melty. 
 Remove the roasted garlic bulb and set aside until cool enough to handle.
 Transfer the roasted vegetables and feta into a blender. Carefully squeeze the roasted garlic into the blender and add the vegetable broth. Blend for 2 minutes, or until smooth and creamy. 
 Serve with grilled cheese for the best combo!",faceless,english,video,N/A,,3-ingredient,1,,,#mittagessen,2,,,,,"cream,",12
The Good Bite,https://www.tiktok.com/@thegoodbite/video/7275291536424815904,10200000,640600,1205,325100,97300,Garlic Honey Crispy Chicken',original sound,"Tag someone who needs this Garlic Honey Crispy Chicken Rice Bowl 🤌🤌  Save this recipe for later 🙏🙏 The best way to eat chicken and rice for dinner, super simple but so tasty!  Here’s your shopping list: 1 chicken breast. 30g cornflakes.  1 egg (but I’ve only accounted for half in calorie breakdown). 65g jasmine rice uncooked. 1 spring onion, thinly sliced.  Sesame seeds, to garnish. Sriracha mayonnaise, to garnish.  1 & 1/2 tablespoon runny honey. Tablespoon light soy sauce. Tablespoon rice wine vinegar. 2 cloves  garlic - finely chopped. Tsp cornflour mixed with tablespoon water. ",faceless,english,video,#TheGoodBite #GarlicHoney #Chicken #Rice #Bowl #MealPrep #HighProtein,,30-minute,1,,,#mozzarella,2,,,,,drizzle,12
nindoha,https://www.tiktok.com/@nindoha/video/7339099420316732704,10200000,307700,1884,217300,51100,Crispy Eggplant Salad 🥗❤️,الصوت الأصلي,Crispy Eggplant Salad • سلطة الباذنجان والشمندر المقرمشه 🌿💜.  الطريقه:  للباذنجان: تغطونه بطحين وملح وبودرة ثوم وبصل وتقلونه لين يقرمش (او ممكن تستخدمون القلاية الهوائية)  للسلطة: شمندر مسلوق ومبشور + بقدونس مقطع + الباذنجان المقلي  للصوص: زبادي + دبس رمان + طحينيه + فص ثوم + رشة ملح وكمون وفلفل ونعناع مجفف + عصرة ليمون للتزيين : رمان وخبز محمص  💜 ,faceless,arabic,video,#سلطات #سلطات_لذيذه #سلطات_سهلة #سلطة_الشمندر #سلطة_الباذنجان #باذنجان #وصفات_سهله #eggplantsalad #salads #yummyfood #beetrootsalad #EasyRecipe ,,39g,1,,,#noodles,2,,,,,grilled,12
Юлия ✨ готовим вместе!,https://www.tiktok.com/@yulianna_food/video/7043044419003600129,10200000,187500,536,58200,18000,Любимый завтрак',Angels (Love Is The Answer),Ещё больше помидоров и сыра ,faceless,russian,video,#яичница #сырнаяяичница #рецептгода #популярныеблюда #рецептбездуховки #позднийзавтрак #быстроивкусно #готовимдома #2022,,4/50',1,,,#nutellapancake,2,,,,,here,12
Marina | Easy Healthy Recipes,https://www.tiktok.com/@marina_annen/video/7205296080194456838,10100000,599300,1076,287100,55900,chocolate banana bread overnight oats',espresso sabrina,Chocolate Banana Bread Overnight Oatmeal 🍌🍫 Easy and healthy breakfast idea you can prepare the night before 🤎 ,faceless,english,video,#overnightoats #oats #oatmealrecipes #mealprep #healthybreakfast #healthyrecipes #breakfastideas #easyrecipe ,,444,1,,,#onepandinner,2,,,,,method:,12
cookwithmi,https://www.tiktok.com/@_cookwithmi/video/7431229614082526481,10100000,42500,202,2943,1469,DARK ARTS INSPIRED DUMPLINGS 🥟,original sound,I had so much fun at @wbtourlondon and so lucky I got to go during the Dark Arts feature! I loved all of the pumpkins 🎃 so immediately went to make some dumplings that looked like little pumpkins! AD Recipe in the comments section below ⬇️ ,face,english,video, #fyp #foodie #recipe #halloween #dumplings #uktiktok #WBTourLondon #DarkArts #harrypotter #londontiktok #asianfood #pumpkin,,481,1,,,#onigiri,2,,,,,new,12
lovefromkaite,https://www.tiktok.com/@lovefromkaite/video/7464130854969822471,10100000,1400000,2593,278200,110300,strawberry clusters 🍓',Love Letter,obsessed with these babies 🤩 ,faceless,english,slideshow,#strawberryclusters #strawberrybites #viralrecipe #easydessert #strawberry #fyp #chocolate ,,5',1,,,#overnightoats,2,,,,,only,12
𐙚 Lil,https://www.tiktok.com/@lilluxlil/video/7384101721317952810,10100000,1300000,2538,228400,33400,"My friend’s coming over can you make us that pasta?"" me:",No more excuses x in for it,Dinner for my man & his friend 🤭 I think they liked ,faceless,english,video,#foryoupage #gigihadid ,,5/30',1,,,#pancake,2,,,,,"pan,",12
Ilona Niina,https://www.tiktok.com/@veganiina/video/7251485778126179610,10100000,1400000,6284,184500,135300,make mini toasts with me',Bim Bom by João Gilberto,Anything made mini is always cuter🥰✨,faceless,english,video, #minifood #veganrecipes #vegantiktok #toastideas #breakfastideas ,,50,1,,,#pastafresca,2,,,,,"parsley,",12
homemeide 🍯,https://www.tiktok.com/@homemeide/video/7400055345785228587,10100000,304400,1307,55000,26100,this is your sign to make RICE PAPER CROISSANTS,Touch,"Tried the viral rice paper croissant 🥐 They’re gluten free and turned out wayyy better than I expected. Also very fun and easy to make, 10/10 would recommend. ",faceless,english,video,#croissant #ricepaper #glutenfree ,,60g,1,,,#pastaideas,2,,,,,potato,12
Jessica | soft cake & u-taste,https://www.tiktok.com/@jessicaofutaste/video/7450030428959853854,10100000,1000000,1575,154500,19300,Soft Cake Base',so this is love,Soft cake base. Recipe linked in my bio. ,faceless,english,video,#softcakebase #softcake #fluffycake #recipe #baking #fyp #viralvideo #viraltiktok ,,7,1,,,#puffpastryrecipe,2,,,,,prepare,12
Cooking by Shabnam👩🏻‍🍳,https://www.tiktok.com/@cookingbyshabnam/video/7401456602995330312,10000000,220700,1517,79000,45200,Идеальный завтрак 😍',оригинальный звук,Идея для завтрака💡 ,faceless,russian,video,#recipe #tasty #foodblogger #breakfastidea #рецепт #готовимдома #завтрак #yummy #вкусно #kahvaltı #omlet #pizza #пицца #cheese #сыр #delicious ,,8,1,,,#quickdessert,2,,,,,simple,12
cozyfoodwithemi,https://www.tiktok.com/@cozyfoodwithemi/video/7484419310086114606,10000000,1200000,2072,312900,132200,brown butter chocolate chip blondies',original sound,"brown butter chocolate chip blondies 1 cup (226g) unsalted butter → browned 2 cups (250g) flour 1 1/4 tsp (5g) baking powder 1/2 tsp (3g) salt 1 cup (200g) dark brown sugar 3/4 cup (150g) light brown sugar 1 tsp (4g) vanilla 2 eggs 1 cup (170g) chocolate pieces (+ some for on top) in a sauce pan on med heat, brown the butter. let it cool to room temperature before using.  cream together butter and sugar until smooth and then add vanilla and eggs. set aside. in another bowl, combine flour, baking powder, and salt. combine the dry and wet until barely combine (still see flour streaks) and then add in your chopped chocolate. do not overmix. pour into 9x9 pan and top with additional chocolate pieces (optional). bake at 325 for 35-40 min ",faceless,english,video,#blondies #brownies #baking #baketok #recipe ,,"8,000",1,,,#raisingcanes,2,,,,,skillet,12
bakeaway.id,https://www.tiktok.com/@bakeaway.id/video/7030708497633299739,10000000,656900,796,9839,1092,Kue nya kok Di hancurin? 💀',All Too Well (Taylor's Version),Kalian lebih suka warna yang awal atau akhir nih ? 🤔 ,faceless,indonesian,video,#koreancake #storytime #cake #bentocake #cakedecorating #lunchboxcake #fypシ #vintagecake,,8/30',1,,,#ramen,2,,,,,spring,12
Cherie,https://www.tiktok.com/@thrivingonplants/video/7403725333029080328,9900000,553000,1070,116500,40700,chinese cucumber salad',Sixty Second Commercial,"Chinese Cucumber Salad 🥒 But the spiral edition 🫢 This is one of my all time fav childhood dishes that I grew up eating and it’s by far one of the most simple yet tastiest salads ever! Of course you can just thinly slice or do the more traditional bash + slice method but the result will still be delicious regardless.  Ingredients 3 medium cucumbers  Sea salt 1.5 tbsp black vinegar 1 tbsp soy sauce 1 tsp sesame oil 2 tsp sugar or sweetener of choice 2 cloves garlic, minced  Chilli oil, to taste Pinch of sesame, to garnish  1. Wash your cucumbers then slice off the ends. Place between a pair of wooden chopsticks and slice in an angle all the way down. Flip and repeat.  2. Put into a bowl and sprinkle some salt over to draw out any excess moisture. Set aside for 5 mins then rinse and drain well. Alternately, you can skip this step and simply marinade your cucumber in the prepared sauce and keep in the fridge until you’re ready to serve.  3. In another bowl, add in the vinegar, soy sauce, sesame oil, sweetener, garlic and chilli oil. Add in the cucumbers and mix well to coat.  4. Transfer onto a plate, spoon on all of the sauce and garnish with sesame seeds and extra chilli oil. Enjoy!  ",faceless,english,slideshow,#vegan #plantbased #easyrecipe #recipeidea #homemade #cucumber #salad #asmrfood #healthyrecipe #saladrecipe #healthyfood #cucumbersalad ,,9-5,1,,,#realisticcake,2,,,,,stirring,12
connie 💌 in Melbourne ✨,https://www.tiktok.com/@foodie_or_fatty/video/7232627135846878465,9900000,251300,833,18000,24000,Must try Tiramisu,Obsessed With You x All About Him,This tiramisu was DELICIOUS ( at Grill Americano) ,face,english,video, #tiramisu #melbournefood #melbournedesserts #melbournedessert #sweettooth #finediningmelbourne #melbournedatenight #grillamericano  #fancyrestaurantsmelbourne ,,9/10,1,,,#recette,2,,,,,thinly,12
Pepper PH,https://www.tiktok.com/@pepper.ph/video/7223010203627769094,9900000,415700,1468,141100,38100,Cheater's Sisig',Hey Lover,"Cheater’s Sisig, or Sisig Tamad: equal parts Kewpie mayo + Knorr Liquid Seasoning 🫡 Not real sisig, pero pwede na! ",faceless,english,video,#pepperph #sisig #sisighack #lutongbahay #lutotayo #pinoycooking #filipinofoodmovement #ulamideas ,,900,1,,,#recipeideas,2,,,,,too,12
Dana Hasson,https://www.tiktok.com/@danahassonn/video/7458379172210167082,9900000,1200000,3152,140000,19100,LAST RECIPE FOREVER 😭💔',original sound,last recipe on tiktok since it’s officially getting banned in the US 😭 I love you guys follow me on instagram @danahassonn 💔  ,faceless,english,video,N/A,,911,1,,,#recipesforyou,2,,,,,would,12
cozyfoodwithemi,https://www.tiktok.com/@cozyfoodwithemi/video/7476211545500814634,9900000,1200000,3240,351600,228900,how to make oreo brookies,original sound,"oreo brookies!! Fudge Brownies (King Arthur Baking) 2 eggs 1/2 cup cocoa powder 1/2 tsp each salt, baking powder, espresso powder 1 1/2 tsp vanilla 1/2 cup unsalted butter (melted) 1 cup sugar 3/4 cup flour 1 cup chocolate chips Method:  Beat eggs, cocoa, salt, baking powder, instant espresso, and vanilla. in a separate bowl cream butter and sugar, then microwave gradually until sugar dissolves and is shiny. Combine the egg and butter mixtures well, then add flour and chocolate.  Brown Butter Chocolate Chip Cookie Dough 1/2 cup browned butter 1 cup brown sugar 1/2 cup white sugar 2 eggs 1 tbsp vanilla extract 2 cups flour 1/2 tsp each of baking soda, baking powder, cinnamon, salt 1 tsp instant espresso 1/2 cup chocolate chips Method: Mix together the semi-cooled brown butter with the sugars. Add egg and vanilla. Mix dry ingredients in a separate bowl and then fold the dry into the wet.  Add chocolate chips. ~18-20 oreos! Assemble: layer the brownie batter but save a few scoops. Then top with a layer of oreos and then cookie dough. Add last little bit of brownie batter and crushed oreos. Bake at 350 for ~35 minutes. I used a 9x9 pan. ",faceless,english,video,#brownies #cookies #brookie #oreo #baketok #recipe ,,95kcal,1,,,#reelsexplore,2,,,,,✅,12
Marina | Easy Healthy Recipes,https://www.tiktok.com/@marina_annen/video/7161146525098282246,9800000,867500,2567,284400,31100,avocado pesto pasta,Hell N Back (feat. Summer Walker),Creamy Avocado Pesto Pasta 🥑🍝Easy and healthy dinner idea ✨ ,faceless,english,slideshow,#avocadopasta #avocadopesto #pastasauce #healthydinner #easyrecipe #quickrecipes #healthyfood #healthyrecipes  ,,<3',1,,,#reelsvideo,2,,,,,🤤,12
sunny☀️| easy recipes,https://www.tiktok.com/@sunnysrecipes/video/7425272991375805701,9800000,1200000,2122,155100,41100,pov: me the second i start liking someone’s son,all too well,cookie cake🍪🤍 recipe: - 1/2 cup melted butter  - 1/2 cup brown sugar - 1/4 cup sugar - 1 egg - 1 tsp vanilla extract - 1/2 tsp baking soda - 1 1/2 cups flour  - lots of chocolate chips!! ,faceless,english,video,#cookie #baking #easyrecipe ,,>>,1,,,#refill,2,,,,,!,11
DoctorBowl EasyHealthy Recipes,https://www.tiktok.com/@doctorbowl/video/7456533228485135649,9700000,379900,1227,223400,46100,"you can make these easy, healthy and vegan blueberry oat bars using only 5 ingredients",MUTT,"RECIPE BELOW 👇🏽  🫐BLUEBERRY OAT BARS 🫐 I genuinely have no words 😶  This recipe is simply amazing  ✅ 5 ingredients  ✅ Vegan ✅ No baking involved  ✅ So SO easy to make  Enjoy 🫐 DB x INGREDIENTS  ▪️1/3 cup maple syrup ▪️2 tbsp coconut oil  ▪️1/3 cup peanut butter ▪️1 cup oats ▪️1 cup oat flour ▪️1 cup blueberries  ▪️1/4 cup water  METHOD  ▪️Grease or line a loaf tin  ▪️Over medium heat, add the blueberries and water to the pan.  ▪️Bring to boil on medium high and then turn down heat to medium low to allow to simmer for 5-7 minutes. Stir every few minutes and slightly mash the berries.  ▪️In a bowl mix all the remaining ingredients together. The mixture should hold together. If too dry slowly add more peanut butter. If too wet, add more oat flour slowly. ▪️Reserve about a 1/4 cup of the mixture (for the topping) ▪️Pour the remaining mixture into a loaf tin and use your fingers to really press it together.  ▪️Pour over the blueberry mixture, spread evenly.  ▪️Crumble on the remaining oat mixture ▪️Refrigerate until set ",faceless,english,video,#blueberries #oatbars #healthyrecipes #vegan #easyrecipes #recipe #healthysnacks ,,@roseaustincooks,1,,,#relatable,2,,,,,adding,11
Emily English,https://www.tiktok.com/@emthenutritionist/video/7189340857596644614,9700000,437100,1076,269300,48400,Breakfast prep that isn’t overnight oats',original sound,"PREPABLE PROTEIN BAGELS | Batch make and freeze for a prepped breakfast that isn’t overnight oats.  A super food frittata sandwiched with melty smoked cheese and a protein bagel packed with 22g grams of protein. Feel free to add in some sliced tomatoes and spinach after defrosting for the ultimate speedy breakfast.  287kcal per bagel. 22g protein.  You will need  4x protein bagels  1/2 carton 500g egg whites  2 eggs 1 handful of chopped parsley  1 handful of chopped basil  1 spring onion, diced finely 4 diced sun dried tomatoes, drained from oil  4 slices of smoked applewood cheese (or use normal cheddar but the smoked reminds me of bacon bagels!) 1. Whisk the eggs and whites with chopped parsley, basil, diced spring onion, sun dried tomatoes and season with salt and pepper. Tip into a suitable oiled or non stick baking dish so it will cut into 4 bagel sized squares around 2cm thick. If you only have a dish that gives you a thin frittata, simply double stack in the bagel! 2. Bake the frittata at 200c fan for 5-10 minutes until set. Allow to cool. 3. Cut the frittata onto 4 squares to fill each bagel. Place a slice of cheese on top and close. Wrap each bagel in foil and freeze for up to 3 months.  4. To serve, remove from the freezer to thaw overnight then either stick into the air frier or warm in the oven at 200c for 5-6 minutes until the cheese has melted. Add in some extra spinach and tomatoes for luck! ",face,english,video,#mealprep #healthymeals #healthybreakfast #breakfast #breakfasthack #mealprepideas ,,about,1,,,#rezept,2,,,,,bread,11
Matieli/Receitas,https://www.tiktok.com/@matielilopes_/video/7433521501216853253,9700000,354100,2302,101100,46900,Agora só faço feijão assim,Cópia Proibida Léo Foguete,"O melhor feijão que já comi 🤌🤤 E aí, gostou? Então já me segue para mais 🫶 . . . . . ",faceless,portuguese,video,#feijao #feijaocomlegumes #almoco #comidacaseira #food #fyp #foryoupage ,,absolutely,1,,,#rezepte,2,,,,,breast,11
doosi,https://www.tiktok.com/@doosifit/video/7183118805290339627,9700000,1300000,1419,246300,62300,please welcome.... Recipes',JD Agri Photography,"Low calorie, high protein recipes that actually taste good. Here to help 🙏🏽 ",face,english,video,#macrofriendly #weightloss #fatloss ,,account,1,,,#rice,2,,,,,cheesy,11
Here’s Your Bite,https://www.tiktok.com/@heresyourbite/video/7425672740427828510,9600000,82000,0,21800,6764,with just two ingredients',delulu,"#ad Easy and delicious, two-ingredient queso made with Velveeta and RO*TEL Original Diced Tomatoes & Green Chilies🔥 This one is my go-to for any party…it’s delicious, always a crowd-pleaser, and SO easy to make! Here’s how to make it: 2 cans (10 oz each) RO*TEL® Original Diced Tomatoes & Green Chilies 1 pkg (32 oz) Velveeta®, cut into 1/2-inch cubes 1. Place 1 can drained tomatoes, 1 can undrained tomatoes and Velveeta in a large saucepan. Cook over medium/low heat for 8 minutes, or until Velveeta is melted completely and mixture is blended, stirring frequently. 2. Serve warm as a dip with tortilla chips, pita chips or cut-up fresh vegetables. ",faceless,english,video,#ad #foodtok #queso #quesorecipe #quesodip #easyappetizer #appetizer #partyfood #partysnacks #easyrecipe #easyrecipes #rotel #velveeta #entertaining ,,ada,1,,,#rotel,2,,,,,cocoa,11
the sapor,https://www.tiktok.com/@thesapor/video/7484671455205166382,9600000,779300,1525,334000,134900,lemon garlic pasta w/ crispy chicken 🍋',sonido original,"Creamy lemon garlic pasta with Parmesan crusted chicken 🍋🤍 full recipe below!     Ingredients  - 3 chicken breast, thinly sliced  - 1 tbsp olive oil - 1 cup panko bread crumbs  - 3 eggs - 1 cup all purpose flour  - 1/4 cup Parmesan cheese  - 2 tsp garlic powder - 2 tsp onion powder - 2 tsp oregano  - 1 tsp basil - 1 tsp smoked paprika  - 1 tsp salt  - 1/2 tsp black pepper  - 12 oz fettuccine noodles  Cream sauce - 2 cups heavy whipping cream - 1/4 cup lemon juice - 1/4 cup pasta water - 1 lemon, zested - 3 tbsp butter - 1 tbsp olive oil - 6 garlic cloves, minced - 1 shallot, finely chopped  - 1/2 cup Parmesan cheese  - 1 1/2 tsp garlic powder  - 1 1/2 tsp onion powder  - 1 tsp lemon pepper  - 1 tsp basil - 1 tsp oregano  - Salt to taste (taste and add as needed) Instructions  - Season chicken breasts on both sides. Set aside. - In one shallow bowl, place the flour. In another, whisk the eggs. In a third bowl, combine the breadcrumbs, Parmesan cheese, garlic powder, onion powder, salt, and pepper. - Dredge each chicken breast in the flour, followed by dipping it into the egg, and then coating it with the breadcrumb-Parmesan mixture. Press the breadcrumbs gently to ensure a good coating. - Heat the olive oil or neutral cooking oil in a large skillet over medium heat. Once the oil is hot, add the chicken breasts and cook for 4-5 minutes per side, or until golden brown and cooked through. Set in warm oven to keep warm - Bring a large pot of salted water to a boil. Cook the pasta according to the package instructions until al dente, then drain, reserving about 1/4 cup of pasta water. - While the pasta is cooking, heat olive oil and butter in a large skillet over medium heat. Add shallot and cook until soft for about 3 minutes. Add the minced garlic and sauté for 1-2 minutes, or until fragrant. - Add lemon and heavy cream to the skillet, stirring to combine. Let the mixture simmer for about 2-3 minutes to thicken slightly. Stir in the lemon zest. Add seasonings, mix and add freshly grated Parmesan. Mix until well combined and taste for salt and pepper. Add reserved pasta water and stir until well combined. - Add the cooked pasta to the skillet with the sauce. Toss to coat the pasta evenly coated. Garnish with parsley and serve with chicken. • • ",faceless,english,video,#dinnerideas #pastarecipe #lemonpasta #recipe #easydinnerideas #chickencutlets ,,adding,1,,,#réel,2,,,,,comment,11
PlanetFood,https://www.tiktok.com/@thisisplanetfood/video/7405978080986008864,9600000,159900,419,38000,15800,AIR FRYER CRISPY CORN,Disco,"AIR-FRYER CORN 😍 If you love sweetcorn as much as we do, you have to try this crispy, crunchy air-fryer corn! It’s the perfect healthy snack and is so simple to make! 🌽Just add a tin of @Green Giant sweetcorn to your air-fryer and cover in salt and paprika to taste. Give it a good shake and cook for around 15-20 mins at 180C or until golden and crispy! Make sure to keep an eye on them as they can easily over cook 🙂 ",faceless,english,video,#airfryer #airfryerrecipes #sweetcorn #airfryercorn #yum #tasty #easyrecipes #veggie #plantbased #autumn #planetfood ,,aeroplane,1,,,#sahw,2,,,,,cornstarch,11
Bite of Joy,https://www.tiktok.com/@bite_of_joy/video/7074350358344191275,9600000,487000,1079,22100,27200,Egg & Cheese Sandwich,original sound,Egg & cheese sandwich,faceless,english,video, #sandwich #eggsandwich #egg #eggs #nastha #nasthanastha #biteofjoy #breakfast #breakfastideas #anda,,after,1,,,#saladrecipe,2,,,,,find,11
🌊⭐️,https://www.tiktok.com/@bearini__/video/7247465173227719941,9600000,1100000,3242,280100,32700,breakfast idea 🍓✨ 4/50',People,Smoothie w/fruits 🌟 ,faceless,english,video,#breakfast #smoothie #granola #breakfastideas #quickrecipes #morning #aesthetic #cooking #foryoupage #foryou #fyp #bearini_recipes ,,again!,1,,,#salmon,2,,,,,free,11
Юлия ✨ готовим вместе!,https://www.tiktok.com/@yulianna_food/video/7039645087952882945,9600000,101900,265,25700,8896,Макароны с фаршем и овощами',Оранжевое солнце,Ужин за 30 минут ,faceless,russian,video,#рецептбездуховки #рецептгода #популярныеблюда #новогодниерецепты2022 #топкулинар #макароны #фарш #новогоднийтиктокнакухне,,agora,1,,,#satisfyingvideo,2,,,,,fried,11
Noah Klein,https://www.tiktok.com/@614lyfe/video/7491457190046272814,9500000,50400,525,1958,1730,CAKE OR STEAK',original sound,Is this a cake or steak ,faceless,english,video,#foodtiktok #dessert #meat,,air-fryer,1,,,#schoollunch,2,,,,,garnish,11
Secrets of Liya,https://www.tiktok.com/@simplecooq/video/7255367249882615086,9500000,776900,1026,250900,67300,Creamy chicken Alfredo fettuccine with broccoli',Humana Mágica Mamá,"Ingredients: * 8 ounces fettuccine pasta * 3 tablespoons butter * 1 boneless, skinless chicken breasts, cut into bite-sized pieces * 3 tablespoons olive oil * 4 cloves garlic, minced * 1 cup broccoli florets * 1 cup heavy cream * 1/2 cup grated Parmesan cheese * 1/4 cup mozzarella cheese  * 1/2 teaspoon oregano dried  * 1/2 teaspoon basil dried  * 1/2 teaspoon garlic powder  * Salt and pepper to taste * Dried parsley, (for garnish) Instructions  * Cook the fettuccine pasta according to the package instructions until al dente. Drain and set aside. * In a large skillet, heat olive oil, add minced garlic and cook for about 1 minute until fragrant. Add the chicken pieces and cook until they are no longer pink.  * Add salt and pepper to taste.  * cook the chicken until they are light in color and cooked through, about 5-7 minutes. Remove the chicken from the skillet and set aside. * In a same skillet, melt the butter over medium- high heat, add the minced garlic again cook for about 1 minute until fragrant. * Reduce the heat to medium and pour in the heavy cream. Add the garlic powder, dried oregano, dried basil, salt and pepper(to taste). Stir well and bring to a simmer.  * Add the grated Parmesan cheese and mozzarella cheese to the skillet and stir until it melts and forms a creamy sauce.  * If the sauce if too thick, add a little pasta water or chicken broth. * Add the broccoli florets and the cooked chicken into the sauce and stir again about a minute. * Add the cooked fettuccine pasta. Toss everything together until the pasta,chicken and broccoli are well coated with the sauce. * Cook for an additional 2-3 minutes, stirring occasionally, to heat everything through. * Garnish with dried or fresh parsley.  Serve the creamy chicken Alfredo fettuccine with broccoli hot and enjoy! This recipe serves approximately 2-3 people. Feel free to adjust the quantities based on your needs. Enjoy your meal! ",faceless,english,video,#alfredo #alfresco #pasta #pastalover #creamy #creamypasta #italian #whitesaucepasta #explorepage #italianfood #italianpasta #réel #reelsvideo #foryou #foryoupage #tiktok  #exploremore #comfortfood #pastarecipe #foodinstagram #foodie #cheesypasta #creamysauce #foodies #reelsexplore #grilledchicken #chicken #recipes #pastafresca #fypシ #fyp,,airfryer,1,,,#shawarma,2,,,,,ground,11
aburcuburdenedik,https://www.tiktok.com/@aburcuburdenedik/video/7473849317158030600,9500000,2473,171,495,177,SONUNDA BİM'E GELMİŞŞ 😂',orijinal ses,💫#Yeni Knorr Çabuk Çorba Twist Chilli&Lime 🌶🍋‍🟩  Bim’e gelen Knorr Çabuk Çorba Twist Chilli&Lime’ı denedim😍 Acı ekşi uyumunun yanı sıra cips gibi hissettiren kıtır kıtır kruton lezzetine de bayıldım🤤 Siz de bu lezzetleri denemek için mutlaka Bim’e koşun🏃🏃‍♀ @Knorr Çabuk ,faceless,turkish,video,#Yeni #işbirliği #knorrçabuk #knorrtwist #chillilime ,,airfryer',1,,,#shorts,2,,,,,meals,11
IG : @re.na_cuisine,https://www.tiktok.com/@re.na_cuisine/video/7280126710278851845,9500000,1200000,2541,390000,100800,POTATO CHEESE DONUT,Shy（ddouble speed）,Hear the crunch! 🥔 potato onion cheese ,faceless,english,video,#homecooking #onionrings #potatocheese ,,airfyer,1,,,#simple,2,,,,,melt,11
tuyen 🍓,https://www.tiktok.com/@lifewithtuyen/video/7249509164291050794,9500000,26300,97,1544,1406,let's make sea salt peanut butter chocolate cookies!',Sunshine,#ad adding REESE’s cups into your @Betty Crocker @Reeses PIECES Cookie Mix only makes it better 🍪🥜 peanut butter and chocolate is forever a perfect combo ❤️ Stop by your local grocery store to pick up a mix and try it for yourself!,faceless,english,video,#ad #REESES #BettyCrocker #baking #cookies ,,ale,1,,,#simplelunch,2,,,,,method,11
DiSA👩🏻,https://www.tiktok.com/@foodfromheaven2/video/7482764391713508630,9500000,260100,530,105000,67800,3 Pancake ideas with biscoff',Azul,Recipe on my Instagram ,faceless,english,slideshow,#ramadanrecipes #biscoff ,,alert',1,,,#simplerecipe,2,,,,,mixing,11
adrianna,https://www.tiktok.com/@acozykitchen/video/7437667086761086254,9500000,20400,96,2968,1177,apple cheddar grilled cheese,original sound,"#SargentoPartner Apple cheddar grilled cheese with delicious, caramelized onion and aged cheddar from @Sargento Cheese along with their aged gouda! so melty and flavorful, the perfect complement to the onions and apple. serve it with honeynut squash soup for ultimate coziness. recipe below! #ad   2 teaspoons olive oil 1 yellow onion, trimmed and thinly sliced Kosher salt 1/2 sourdough loaf (or bread of choice) 3 tablespoons softened butter Dijon mustard Sliced apple 4 slices of Sargento Reserve Series™ Aged Gouda  4 slices of Sargento Reserve Series™ Aged Cheddar    In a medium pan, set over medium heat, add a teaspoon or two of olive oil. When warm, add in the sliced onions and a generous pinch of kosher salt. Immediately cover the pan and cook for about 15 minutes, uncovering to mix every so often. Uncover the pan and stir continuously for the next 10-15 minutes, until the onions are caramelized and golden brown. Add a bit more olive oil or water if necessary. To assemble the grilled cheese: swipe softened butter on the outside pieces of bread. Flip them over and add a few swipes of Dijon mustard. Add a scoop of caramelized onions, slices of apple, two slices of gouda and two slices of cheddar to each sandwich. Place a medium skillet over medium heat. Add the sandwiches to the pan and cover. Cook on each side for 2-3 minutes, until medium golden brown. Slice and serve.   ",faceless,english,video,#SargentoPartner ,,alone,1,,,#smallbusiness,2,,,,,mozzarella,11
Petre-Andrei,https://www.tiktok.com/@petre.andrei.catana/video/7377814934077328673,9500000,1600000,7161,113100,141900,making Dr.Pepper,My Heart Will Go On,coke or dr.pepper? Whats better? ,face,english,video,#drpepper #recipe #softdrink ,,also,1,,,#smores,2,,,,,oregano,11
RecipesByAnne,https://www.tiktok.com/@recipesbyanne/video/7244184875069115674,9400000,320500,454,139300,36500,30-MINUTE DINNER BLITZ Day 5/30',Gorgeous (feat. Naila),"The Pizzadillas recipe is perfect quick and easy dinner that the whole family will love. It combines the comfort of pizza’s warm, gooey cheese and a quesadilla’s delightful crispness, which my family finds irresistible. Ingredients: 4 flour tortillas 4 tbsp pizza sauce 200gshredded cheese  1/2 red onion - thinly sliced 50g mushrooms - thinly sliced 1/2 green pepper - thinly sliced handful of olives 2 tsp dried basil Full instructions are on my blog! ",faceless,english,video,#easyrecipe #dinnerrecipe #pizzadilla #pizzadillas ,,always,1,,,#snackplate,2,,,,,parchment,11
The Good Bite,https://www.tiktok.com/@thegoodbite/video/7236744415815961882,9400000,723500,2051,274900,109000,Lower Calorie Garlic-Honey BBQ Chicken Burger 444 cals',Me Against The World,"Garlic-Honey BBQ Chicken Burger😍😍  This is such a banging little burger and only 444 calories! SAVE this recipe for later and tag a friend! ❤️ Here’s your shopping list: 2 chicken large breasts - butterflied. 1/2 tbsp of garlic granules. 1/2 tbsp of smoked paprika. Salt, to taste. 2 egg whites. 100g of cornflakes, break some up with hands.  3 tbsp of honey. 3 tbsp of BBQ sauce. Tbsp of soy sauce. Juice of 1/2 a lemon. Tsp of garlic granules.  4 brioche buns.  Tbsp of light mayonnaise. Chopped iceberg lettuce.  Full recipe is on our website. Link in bio.  ",faceless,english,video,#TheGoodBite #Chicken #Garlic #Honey #BBQ #Burger  #LightBites #Series #HighProtein #Food #Delicious #Easy,,amazon',1,,,#snackplatte,2,,,,,per,11
Vera's Home 🌸,https://www.tiktok.com/@veras.home/video/7361497268639386912,9400000,268300,1030,71900,16200,Charcuterie board',Somewhere Only We Know,Let's make some random snakeplatter ,faceless,english,video,#snackplatte #snackplate #snackplatter #cheeseplatter #charcuterieboard ,,are,1,,,#softcake,2,,,,,put,11
Here’s Your Bite,https://www.tiktok.com/@heresyourbite/video/7421714747441122590,9300000,633400,2529,355500,115000,Tortellini Sausage Soup,Linger,"Creamy Tortellini Sausage Soup 🎃 This was the first recipe of my fall soup series last year, and I’m back with an even better version! Here’s how to make it: 1 tbsp unsalted butter 1 tbsp olive oil (I use @Brightland rosemary) 1 lb Italian Sausage⁣, hot or mild 1 medium yellow onion⁣, finely diced 1/2 cup celery, finely diced 1/2 cup carrot, finely diced 6-8 cloves garlic, minced, to taste 1-2 tsp Italian Seasoning⁣, to taste Salt and black pepper, to taste 1 tsp red chili flakes, to taste 3 tbsp tomato paste 3 tbsp flour⁣ 1/2 cup dry white wine⁣ 28 oz. crushed tomatoes⁣ 4 cups low-sodium chicken broth⁣ Parmesan rind⁣, optional Bay leaf, optional 1/2 cup heavy cream⁣ 2 cups spinach⁣  1. In a large pot, heat your olive oil and butter. Add in your onion, celery, carrot, pinch of salt, black pepper, Italian seasoning, and red pepper. Saute for about 5-7 minutes or until tender and beginning to caramelize.⁣   2. Add in your Italian sausage and cook until no longer pink.  3. Clear a center in your pot. Add in your tomato paste and let it cook off in the pan for about a minute before incorporating with the rest. Then cook for another 2 minutes. 4. Sprinkle in your flour and stir. Cook for 1-2 minutes to cook out the raw taste.  5. Deglaze with white wine, scraping up any brown bits on the bottom of the pan. Let that cook for about 2 minutes. 6. Pour in your crushed tomatoes and chicken broth. Season with salt and pepper. Stir. 7.  Drop in your parmesan rind and bay leaf. Stir and simmer, uncovered, for 20-30 minutes.   8. Once finished, remove your parmesan rind (if you can find it) and bay leaf. Pour in your tortellini and spinach. Simmer for another 3-4 minutes, until your tortellini is tender.  9. Pour in your cream and parmesan. Stir until creamy. Serve immediately and enjoy!  ",faceless,english,video,#tortellinisoup #sausagesoup #creamytortellinisoup #creamytortellinisausagesoup #soup #soupseason #soupszn #fall #fallrecipes #fallsoup #soupweather #comfortfood #cozyfood #easydinner #dinner #dinnerideas #onepotmeals #souptok #foodtok #cooking #easyrecipes #easymeals ,,around,1,,,#softmochi,2,,,,,ready,11
Anthea,https://www.tiktok.com/@superhomecook/video/7464630054895488288,9300000,439800,1020,115000,50600,MARRY ME CHICKEN AND SPINACH JACKET POTATO',Are You Even Real,"“Love at first bite! 💕 Treat your Valentine to this irresistible Marry Me Chicken & Spinach Jacket Potato – creamy, flavorful, and made with love. Perfect for a romantic night in! ❤️”. Ingredients         •        2 large red jacket potatoes         •        2 chicken breasts         •        1 tbsp adobo seasoning         •        1 tbsp Italian herbs         •        2 cloves garlic, minced         •        2 tbsp butter         •        2 tsp olive oil         •        ½ tsp sea salt         •        1 shallot (or ½ white onion), finely chopped         •        1 tsp sun-dried tomato pesto         •        1 tsp tomato purée         •        ¼ cup sun-dried tomatoes, chopped         •        ¼ cup grated Parmesan cheese         •        ½ tsp Cajun seasoning         •        ¼ tsp salt & pepper each         •        1 cup double cream         •        1 cup spinach         •        2 tbsp garlic butter         •        1 tbsp parsley (for garnish) Instructions         1.        Jacket Potatoes Preheat oven to 180°C. Pierce potatoes, brush with olive oil, season with salt, wrap in foil, and bake for 50-60 min. Uncover for 15 min to crisp.         2.        Chicken Season chicken with adobo, Italian herbs, and garlic. Pan-sear in 1 tbsp butter until golden (3-4 min per side). Bake for 5 min, rest, then slice.         3.        Sauce In the same pan, melt 1 tbsp butter, sauté shallots and garlic (2-3 min). Add pesto, purée, sun-dried tomatoes, Cajun seasoning, Parmesan, salt, and pepper. Stir in cream and simmer until thick. Add spinach and cook until wilted.         4.        Assemble Open potatoes, mash with garlic butter, top with chicken slices, and spoon over sauce. Garnish with Parmesan and parsley. ",faceless,english,video,#foryoupagе #jacketpotato #spuds #phillycheesesteak #marrymechicken ,,arts,1,,,#soufflepancake,2,,,,,"sauce,",11
Sam Jose,https://www.tiktok.com/@_samjose_/video/7465009817569234222,9300000,643000,1371,26000,7664,it's not',original sound,We got Dubai at home 🍫  ,faceless,english,video,#dubaichocolate #cooking #recipe #food #foryoupage #fyp,,asalkan,1,,,#souprecipe,2,,,,,should,11
Sam Jose,https://www.tiktok.com/@_samjose_/video/7456850178159594798,9300000,764400,3064,24600,4472,Belgian waffles',original sound,What would you rate this breakfast? 🧇 recipe 👇🏻 Ingredients: 1 cup milk 1/2 cup warm water 1 package instant yeast 2 tablespoons sugar 3 tablespoons brown sugar  2 tablespoons honey 2 eggs 1 tablespoon vanilla extract  1/2 cup unsalted butter  6 cups flour 6 grams salt 2 cups pearl sugar ,faceless,english,video,#cooking #belgianwaffle #recipe #food #fyp #foryoupage ,,assim,1,,,#spicy,2,,,,,side,11
Birchberry,https://www.tiktok.com/@birchberryco/video/7385884869756276014,9300000,1400000,5482,239700,38500,The Sounds of Baking 😍❤️ocolate',Sixty Second Commercial 1 by Michael Reynolds,"BIRCHBERRY FAM - Let us know what baking videos you’d like to see next as we get ready to launch our first product!! 😊❤️🍫 Sounds of Baking | Part 1 🎧 FULL RECIPE: Click on ""RECIPES"" then ""Fudgy Brownies"" once you get to our site birchberryco.com (link in bio)💖 ",faceless,english,video,#brownies #chocolate #baking #bakingtherapy #bakingrecipe #baketok #aesthetic #asmr #cottagecore,,at',1,,,#sponsored,2,,,,,store,11
KWOOWK with Kevin,https://www.tiktok.com/@letskwoowk/video/7211569848525016326,9200000,856600,18400,53700,6141,Tortilla De Patatas 🇪🇸 Spain,original sound,What dish should I try next??,faceless,english,video,N/A,,atchaar,1,,,#stealthhealth,2,,,,,strawberry,11
recipesbyvictoria,https://www.tiktok.com/@recipesbyvictoria/video/7475249372859501831,9200000,233700,820,141200,37500,10 days of high protein meal prep recipes',original sound,"DAY 1: TUNACADO ONIGIRAZU🥑 10 days of high protein, low calorie meal prep ideas! See the link in my bio for the full recipe and video on how to make the tuna! 304 calories, 38g Protein per serve.",faceless,english,slideshow,N/A,,audition,1,,,#strawberrymochi,2,,,,,they,11
Mum Made Yum,https://www.tiktok.com/@mum_made_yum/video/7140874624396446978,9200000,575200,2814,41600,7442,you make my heart happy',original sound,"A simple Butterfly sandwich today to put a smile on Zoe’s face.  I used our butterfly sandwich cutter to make the sandwich, and cucumber for it’s body and whiskers. And of course, some eye food picks to finish it off.  All products shown are available on our online lunchbox shop- link in bio @mum_made_yum. Shop online www.mummadeyum.com.au  ",faceless,english,video,#ruok #ruokday #smile #butterfly  #asmr #asmrcommunity #asmrvideo #asmrorganizing #asmrsounds #organisedmum #lunchbox #lunchboxideas #lunchboxinspo #lunchboxforkids #schoollunch #lunchboxes #lunchboxinspiration #bento #bentobox #lunchboxshop #sandwichcutter #lunchboxoftheday #bentoboxlunch #satisfying #satisfyingvideos #melbournefoodie #aussiemum #melbournemum #fussyeaters #asmreating,,awaited',1,,,#streetfood,2,,,,,us,11
Erin O’Brien,https://www.tiktok.com/@erinnobrienn/video/7092660155237551406,9200000,704500,2022,111500,53700,Nana’s Crunchy Lemon Parmesan Salad 🥗🍋',Say So (Instrumental Version) [Originally Performed by Doja Cat],The easiest and most delicious salad you’ll ever make! 🥬🍋 ,face,english,video,#foodtok #salad #easyrecipe #fyp #grandmasrecipe,,ayam,1,,,#suga,2,,,,,using,11
doosi,https://www.tiktok.com/@doosifit/video/7064771205139582255,9200000,1100000,1295,74100,5069,Are you go Artist',So your an artist,"Plenty of low calorie, high protein recipes to help you with fat loss 😏 ",face,english,video,#fyp #fatloss,,back,1,,,#sugar,2,,,,,vegetable,11
Archersfood.com🍯FREE recipes,https://www.tiktok.com/@archersfood/video/7482127539234671894,9200000,400100,806,74700,55000,Dark chocolate mousse cake',Anxiety,"Dark chocolate mousse cake:  recipe https://archersfood.com/dark-chocolate-mousse-cake/ in our website, linked in our bio. ",faceless,english,video, #FoodTok #food #creatorinsights #moussecake #chocolatemousse #darkchocolate #chocolatedessert #darkchocolatemousse #EasyRecipes ,,baked,1,,,#sushi,2,,,,,wet,11
dapurmaretta,https://www.tiktok.com/@dapurmaretta/video/7478631031071837495,9200000,6135,220,875,516,Es Cincau Leci',suara asli - dapurmaretta,"Siapa yang setuju kalau bulan puasa tuh paling cocok bikin takjil yang seger? Kali ini aku bikin es leci cincau yang rasanya manis dan nyegerin banget. ES LECI CINCAU Bahan: 🌱 1 bungkus bubuk jelly rasa cincau (masak sesuai petunjuk kemasan) 🌱 Secukupnya kolang kaling 🌱 1 kaleng buah leci kalengan 🌱 Indofood Freiss Squash rasa Leci 🌱 Air putih secukupnya Cara membuat: Masak bubuk jelly cincau hingga mendidih. Tuang dalam cetakan dan biarkan set. Setelah set bisa dipotong dadu. Dalam gelas yang sudah berisi es batu, campurkan cincau, kolang kaling, dan potongan buah leci. Tambahkan Indofood Freiss Squash sesuai selera. Terakhir, tambahkan air secukupnya. Siap disajikan, selamat mencoba! 🥰 ",faceless,indonesian,video,#escincauleci #takjilramadhan #indofoodfreisssquash #30idemenuramadhan2025 ,,bakery,1,,,#sweet,2,,,,,"
",10
Robert Lucas,https://www.tiktok.com/@thesweetimpact/video/7317037113361321246,9200000,60000,283,995,198,#ad,original sound,"#Ad Calling all Beyhive members, this cake is for you because Beyonce has the most searched performance of all time! #yearinsearch Check out the Most Searched film on @Google's YouTube channel.",face,english,video,#Ad,,bakes,1,,,#sweettooth,2,,,,,(for,10
TIFFY COOKS 🥟,https://www.tiktok.com/@tiffycooks/video/7290957995012312326,9100000,336400,893,175900,24700,HERE IS MY GO TO',original sound,"You SERIOUSLY need to try this 10 minute Spicy Sweet and Sour Eggs, SO good and easy! ",faceless,english,video,#eggs #spicyfood #dinnerideas ,,bangkok!,1,,,#tacos,2,,,,,3-4,10
Ahmed Younes | احمد يونس,https://www.tiktok.com/@withyouness/video/7416013167026916615,9100000,273900,1682,126300,52300,Stuffed Onion',original sound,tiktokcookbook ,arabic,english,video,الدولمة العراقية او محشي البصل 😍 # #cookwithme ,,bank,1,,,#thanksgiving,2,,,,,9,10
Ermalinda | Home Cooked,https://www.tiktok.com/@perfectpalate/video/7158673806935051546,9100000,234000,539,106400,11100,"Quick, Healthy & Tasty BREAKFAST IDEA",Made You Look,"Quick, Healthy & Tasty Breakfast Ideas 💡 ",faceless,english,video,#fypシ #myfoodie #healthyrecipes #breakfastideas #healthy ,,baon,1,,,#tiktokfoodie,2,,,,,calories,10
joeywellness,https://www.tiktok.com/@joeywellness/video/7229810448512650502,9100000,512900,6913,42000,69500,HOW MUCH SUGAR COCA COLA,original sound,How Much Sugar in 2L of Coca Cola?,face,english,video, #suga #sugar #cocacola #soda #pop #health #awareness #nutrition #wellness #fyp ,,bark',1,,,#tiktokmom,2,,,,,check,10
Tasty Flash,https://www.tiktok.com/@tastyflash/video/6897001718077230337,9000000,961300,2224,73400,34700,butter 60g,Mad at Disney,How to make nougat at home? ,faceless,english,video,#fyp #foryou #tiktokfood #viral #foodtiktok #mashmellow #nougat,,bars,1,,,#top,2,,,,,chip,10
Юлия ✨ готовим вместе!,https://www.tiktok.com/@yulianna_food/video/7015956572501331202,9000000,228100,743,94700,25100,Завтрак за 5 минут',Life Goes On,Супер вкусный и быстрый завтрак ,faceless,russian,video,#завтрак #завтракза5минут #сэндвичсяйцом #бутерброд #рек #быстрыйзавтрак #готовимвкусно #вкусныйзавтрак,,bars!',1,,,#trend,2,,,,,completely,10
Sam Jose,https://www.tiktok.com/@_samjose_/video/7450167668671319338,9000000,609900,5467,23000,5377,breakfast',original sound,This is an interesting breakfast,faceless,english,video, #cooking #recipe #fyp #foryoupage #food #indianfood ,,base',1,,,#turkish,2,,,,,con,10
➷•˚ ༘♡⋆tastebyudr ੈ✩‧₊˚,https://www.tiktok.com/@tastebyudr/video/7350471180605754630,9000000,1000000,2567,295300,74900,Brownie Cookies,origineel geluid,—— brownie cookies🤎🍫 soooo guuuwwwddd✨ • • • • • • • • • ,faceless,english,video,#browniecookies #browniescookies #brownierecipe #baking #browniespanggang #cookiesrecipe #browniecookiesrecipe #ramadhan ,,bc,1,,,#turkishfood,2,,,,,crushed,10
foodbyarii,https://www.tiktok.com/@foodbyarii/video/7362860200497368352,9000000,501300,717,157000,43200,Berries CHEESECAKE',Forest / Nature / Birds / Environmental Sound(1403230),"🫐🍓cheesecake (20cm) 120g butter 200g cookies filling: 250g mascarpone 300g whipping cream 60g powdered sugar  4 tbsp condensed milk topping: 300g berries 70g sugar 2 tbsp cornstarch •If you don't want the seeds of the berries, sift them and cook them a little ",faceless,english,video,#cheesecake #nobakedessert ,,beach,1,,,#turkishpasta,2,,,,,don’t,10
tortentraum1,https://www.tiktok.com/@tortentraum.1/video/7348088760552213792,9000000,210300,867,102100,60100,PUDDING RÖLLCHEN',sunet original,"✨PUDDING RÖLLCHEN✨ Zutaten 1 Liter Milch 175 g Zucker 125 g Mehl 70 g Backkakao 1 Päckchen Vanillezucker 50 Butter 150 g Kokosraspeln 200 ml Sahne 2 Esslöffel Kokosraspeln 1 Esslöffel Zucker 1 Päckchen Sahnesteif Zubereitung Streuen Sie die Kokosraspeln auf ein großes Backblech. Milch, Zucker, Kakao und Mehl in einen Topf geben und zum Kochen bringen. Wenn es zu kochen beginnt, Butter und Vanille dazugeben, bei etwas geringerer Hitze kochen und vom Herd nehmen. Gießen Sie die auf dem Blech über Kokosnusraspeln und lassen Sie sie 2 Stunden lang im Kühlschrank abkühlen. Schlagsahne Zucker und Sahnesteif steif schlagen auf dem vollständig abgekühlten Blech über den Pudding verteilen, in 10 Stücke teilen. In Rollenform servieren. ",faceless,german,video,#saraylokumu #lokum #pudding #easy #yummy #einfacherezepte #tiktok ,,bear,1,,,#upsidedownpastry,2,,,,,family,10
Freya,https://www.tiktok.com/@ruefig/video/7276229138929798442,9000000,1000000,3291,178400,27500,STUFFED BROWNIES,"P.I.Tchaikovsky, Swan Lake (Swan Theme)","Stuffed brownies 🍫🤎 #baketok  Ingredients  for cookie dough  2 eggs 100g granulated sugar 180g light brown sugar 160g salted butter (melted) 1 teaspoon vanilla extract 1/2 teaspoon salt 1 teaspoon baking soda 285g bread flour or all-purpose flour 70g white chocolate chip 160g semi sweet chocolate chip FOR BROWNIE BATTER  2 eggs 95g granulated sugar 205g light brown sugar 200g salted butter (melted) 2 teaspoon vanilla extract 1/2 teaspoon salt 70g cocoa powder 125g bread flour or all-purpose flour 180g semi sweet chocolate chip FOR ASSEMLY  25 Oreo for layering Frozen sheet of nutella (optional) 8 Oreo for topping Full detailed recipe on my website, link in bye-o 💓 freyadish.com  ",faceless,english,video,#bakingrecipe #bakingvideo #bakewithfreya #sweet #desserts #cooking #cookingvideo #food #Foodie #chocolatelover #brownies ,,because...,1,,,#valentinesday,2,,,,,fat,10
Esterimelian,https://www.tiktok.com/@esterimelian/video/7075340158232546587,9000000,764400,1586,40700,4556,classic design',Hati-Hati di Jalan,#smallbusiness #bentocake #cakedecorating,faceless,english,slideshow,#smallbusiness #bentocake #cakedecorating,,beige,1,,,#vintagecake,2,,,,,freshly,10
Maja✨,https://www.tiktok.com/@majasrecipes/video/7447726654593469701,8900000,720300,2915,294800,60500,series',Come On Eileen - Single Edit,day 88/100: ANNA PAUL’S VIRAL TURKISH PASTA🔥 FULL RECIPE LINKED IN BIO orrr go comment on my ig post to have the full recipe sent to you 🫶🏻 this is the quickest & tastiest 15 minute meal ever!! Bound to become a family favorite! Enjoyy🥰 ,faceless,english,slideshow,#annapaul #turkishfood #turkishpasta #turkish #pastatiktok #pasta #pastalover #pastalovers #lunch #dinner #mealinspo #gainz #mealprep #foodtok #easyrecipes ,,belgian,1,,,#watermelon,2,,,,,fun,10
ELIXER,https://www.tiktok.com/@elixer.javier/video/7441515631226129682,8900000,380900,1189,80800,50200,POV: You tried adding water in the airfryer',Yours,"Don’t put too much, I suggest less than 1/2 cup to few tablespoon depending on how big your airfryer is or how high the heating element from the bottom. Again, always practice safety when trying this. ",faceless,english,video,#fyp #foryou #foryoupage #tiktok #tiktokph #tiktokphilippines #food #foodtok #foodtiktok #learnontiktok #airfryer #airfryerhack #elixer #airbaking #airbake #airbakingbyelixer ,,berries,1,,,#weightlosstransformation,2,,,,,help,10
Catherine Zhang,https://www.tiktok.com/@catherine.desserts/video/7399535616070847761,8900000,16100,256,1171,135,let's learn about AI with HP',original sound,"Come with me to learn about AI with @HP 🥳 With so much new tech coming out HP AI PCs unlock a whole new AI experience, it’s time for you to Ask for HP AI PC 😉 ",face,english,video,#sponsored #ad #HPAIPC #HPSpectre #IntelCoreUltra #IntelEvo ,,better,1,,,#wellness,2,,,,,instagram,10
kowanii,https://www.tiktok.com/@kowaniiofficial/video/7355139369897839915,8900000,127600,248,18700,3098,Practice Cream Reusable,Hey Tumbleweed,Reusable cream for piping technique practice ,faceless,english,video,#pipingtips #cakedecoratingtips #cakedecoratingtutorial #pipingbuttercream #pipingcream #pipingtechniques ,,big,1,,,#whattoeat,2,,,,,last,10
Masak di Rumah,https://www.tiktok.com/@masakrumahlawa/video/7229672464056470790,8800000,559100,3395,188600,37000,Asalkan kat rumah ada telur ayam mesti boleh buat kek fluffy ni,Aku gak mau jadi matahari mu,Kek fluffy ni cuma guna telur je 😬 ,faceless,malay,video,#masakdirumah #resepitiktok #resepisimple #foodiemy #kekfluffy #kek #telur ,,biggest,1,,,#whitesaucepasta,2,,,,,minute,10
Emily,https://www.tiktok.com/@emilyyons7/video/7457057670349098286,8800000,306100,1412,9426,3348,First lunch box of 2025 for my kid who do not like school lunch 🥐,original sound,"✨First lunch box of 2025✨  My son requested pasta, I didn’t  have pasta sauce on hands, but I thought we could do something about it. And It turned out to be so good! He really liked  Let me know if you want a full tutorial on how to make a single serving of pasta  ",faceless,english,video,#pasta #fyp #creatorsearchinsights #tiktokmom #lunchboxideas #schoollunch #easyrecipe ,,birthday,1,,,#бутерброд,2,,,,,natural,10
AMANY COOK 🇩🇿,https://www.tiktok.com/@amanycook/video/7444980893082455351,8800000,183600,1611,48400,30900,Collagène',son original,كولاجين طبيعي 100% ، فوائده لا تعد ولا تحصى اهمها الحفاظ على صحة البشرة ورطوبتها ، تقوية العظام والشعر و الاظافر و ازالة الم المفاصل الخ .. . جربوه واعتمدوه رح تستفادو بزااااااااااف 😍!   ,faceless,arabic,video,#كولاجين #كولاجان #كولاجين_طبيعي_للبشره,,biscoff',1,,,#вкуснокакумамы,2,,,,,pan.,10
healthy recipes & motivation,https://www.tiktok.com/@thehealthy_version/video/7214173102031310085,8800000,727100,540,172800,25500,me?',original sound,obsessed with nourishing food 🌱,faceless,english,video,#healthybreakfastrecipes #healthyrecipes #healthylunchideas #nourishingbowl #saladrecipes #veganbowl #healthysauces ,,bite',1,,,#горячееблюдо,2,,,,,prepared,10
bakeaway.id,https://www.tiktok.com/@bakeaway.id/video/7011705569656507675,8800000,987000,3868,27600,3172,Packing Order With Me',"깊은 밤을 날아서 Flying, Deep in the Night",Huhu first order 🙏🏻😭 ,faceless,english,video,#packingorders #packing #firstorder #fypシ #koreancake #cake #lunchboxcake #bentocake #cakedecorating,,bites,1,,,#завтракза5минут,2,,,,,same,10
Mei & Kyong,https://www.tiktok.com/@two.plaid.aprons/video/7380118184755596575,8700000,14600,58,1416,381,We're cooking with our nephew Finny today',original sound," [AD] Introducing SPAM® products to a 4-year-old Growing up, we both remember being picky eaters when we were about 4 years old. Right now, Finny, our little nephew, is right at that age where finding food that he’s interested in eating can be quite the challenge. So today we’re surprising him with one of our favorite snacks we grew up with for lunch — Spam rice balls!  It’s easy to make and fun to eat, so let’s see how he likes it! See below for our recipe. @SPAM®️ Brand  SPAM® Rice Balls  Yield: 12 servings Ingredients: - ½ can SPAM® Classic, diced into small cubes (6 oz)  - 1 egg, beaten  - 2 cups cooked hot white rice (medium or short grain rice)  - 1 sheet nori or 4 sheets seaweed snack, crushed  - 2 TBSP furikake (optional)  - 1 TBSP regular soy sauce  - 1 tsp toasted sesame oil  - Neutral oil for cooking Direction: 1. In a nonstick pan over medium heat, add a small amount of oil. Once the pan is hot, add the diced SPAM® product and stir fry until golden brown. Transfer the SPAM® Classic to a large heatproof bowl. 2. In the same pan over medium high heat, add a small amount of oil. Once the pan is hot again, add the beaten egg and scramble until just cooked. Break up the egg into tiny pieces while cooking and transfer to the bowl with the SPAM® product. 3. To the bowl, add the hot white rice, crushed nori, furikake, soy sauce, and toasted sesame oil. Mix until everything is evenly incorporated.   4. Scoop up about 2 to 3 tablespoons of the rice mixture and pack tightly. Shape the rice into a round ball and repeat with remaining rice mixture. Enjoy warm or at room temperature!",face,english,video,#PromotionWithSPAMBrand #SPAMBrandPartner #spam #easyrecipe,,bi̇m'e,1,,,#идеядлязавтрака,2,,,,,sargento®,10
Marlon & Camille,https://www.tiktok.com/@cmgetfit/video/7371144303181040938,8700000,7018,0,727,203,WHAT WE EAT IN A DAY',RINGS,"#AD Incorporating protein into your diet is important for maintaining muscle mass, especially if you are on a weight loss journey and promoting overall health💯 With Protality, you get the essentials in one convenient package🙌🏾 Each shake has 30 grams of high-quality protein, fiber to support digestive health and 8 essential B vitamins for energy metabolism, it's a delicious blend that supports your nutrition goals🔥 With 150 calories and 1 gram of sugar, it's a smart choice for anyone looking to optimize their nutrition without sacrificing taste or convenience.  Protality has 25 vitamins and minerals, but most importantly, it has protein to support muscle and your nutrition goals while you are on your weight loss journey, so your body has what it needs to #thrive Right now, get $4.00 Walmart Cash back when you purchase (1) Protality 4-pack, while supplies last!",face,english,video,#AD #thrive,,black,1,,,#макароны,2,,,,,sauté,10
foodie_lilly,https://www.tiktok.com/@foodie_lilly/video/7275740725747272992,8700000,208600,1117,69100,42800,shaved frozen tomato BURRATA',original sound,viral shaved frozen fruit - tomato & burrata ❄️🍅 been seeing versions of this everywhere and its absolutely worth the hype! 😮‍💨,faceless,english,video,N/A,,blitz,1,,,#рецепт,2,,,,,save,10
lovetastycook,https://www.tiktok.com/@lovetastycook/video/7012657742263373062,8700000,220900,554,34800,17600,PERFECT WRAP PERFECT MORNING,Baby Work It,Avocado egg wrap ,faceless,english,video,#wraphack #easyrecipe #breakfastchallenge #eggwrap #avocado #cookontiktok #leanontiktok #gotobreakfast,,blogger,1,,,#рецептбездуховки,2,,,,,simmer,10
iramsfoodstory,https://www.tiktok.com/@iramsfoodstory/video/7451360457102789931,8700000,591700,1566,289400,53000,HOW TO MAKE CHOCOLATE CHIP MUFFINS,original sound,"Chocolate Chip Muffins Recipe Ingredients: For the Muffins: - 1/2 cup (115g) unsalted butter, melted - 1 cup (200g) granulated sugar - 2 teaspoons baking powder - 1/2 teaspoon baking soda - Pinch of salt - 1 tablespoon vanilla bean paste or vanilla extract - 2 1/2 cups (315g) all-purpose flour - 2 eggs, room temperature - 1 cup (120g) semi-sweet chocolate chips + more for sprinkling on top - 1 cup (250ml) whole milk + 1 tablespoon vinegar, room temperature - 1/4 cup (65g) Greek yogurt,  room temp  - 2 tablespoons neutral oil Method: 1. Preheat the oven to 425°F (220°C). Prepare the baking tin by lining or greasing it. 2. In a glass, combine the milk and vinegar. Let it sit for 10 minutes or until it curdles. 3. In a mixing bowl, whisk together the melted butter and sugar until well combined. 4. Add the eggs and whisk for 2-3 minutes or until pale in color. 5. Add the milk mixture, vanilla extract, Greek yogurt, and oil. Mix until well combined. 6. In a separate bowl, combine the dry ingredients: flour, baking powder, baking soda, salt, and chocolate chips. 7. Pour the wet mixture into the dry ingredients and mix until just combined. Do not overmix the batter. 8. Divide the batter evenly among the muffin cups. 9. Bake for 5 minutes, then reduce the oven temperature to 375°F (190°C) without opening the oven door. Continue baking for an additional 13-15 minutes or until a toothpick inserted in the center comes out clean. 10. Allow the muffins to cool in the tin for 5 minutes before transferring them to a wire rack to cool completely. ",faceless,english,video,#chocolatemuffin #doublechocolatemuffin #muffins #chocolate #recipe ,,blondie,1,,,#рецептгода,2,,,,,soda,10
iremkiziltac,https://www.tiktok.com/@iremkiziltac/video/7381491171966602502,8700000,17500,42,1866,623,BEACH,original sound,Pentiyle enerjik bir yaza hazırım☀️ Tatil rotam neresi olursa olsun Penti her an yanımda🤍Modumu yansıtan kombinlerim tatil çantamın vazgeçilmezi.🤩 Pembe bayrağımla benim için yaz başladı 🌺🪸@Penti ,face,Turkish,video,#pembebayraklıplaj #isbirliği ,,blondies',1,,,#салат,2,,,,,soft,10
Cookwithme,https://www.tiktok.com/@cookwithme77777/video/7450179651823078678,8700000,122700,1013,30000,19100,🤩🍳,LIGHTWEIGHT FUNK,#beutiful #kochen #love #interestig #news #rek #following #neuheit ,faceless,english,video,#beutiful #kochen #love #interestig #news #rek #following #neuheit ,,blubbery,1,,,#чтобыприготовить,2,,,,,spoon,10
Catherine Zhang,https://www.tiktok.com/@catherine.desserts/video/7464774261585153298,8700000,731800,4288,201300,61700,2 Ingredient Mango Sorbet',Good parts,2 INGREDIENT MANGO SORBET 🥭 tell me an easier way to make sorbet ,face,english,video,#shorts #recipe #dessert #mango #hack #bakinghack #fruit #asian ,,blueberry,1,,,#وصفات,2,,,,,still,10
Giorgiafitfood,https://www.tiktok.com/@giorgiafitfood/video/7263479034875514145,8600000,470400,1336,245000,40600,4 Minute Brownies Only 3 Ingredients',(It Goes Like) Nanana - Edit,Recipe on IG “giorgiapaino” 🍫  ,faceless,english,video,#brownies #chocolate #3ingredientsrecipes,,board',1,,,#وصفات_سهله,2,,,,,super,10
Danilo Cortellini,https://www.tiktok.com/@danilocortellini/video/6985192979615157509,8600000,939300,5549,94000,84700,Upgraded pastachips',Spongebob Tomfoolery - Dante9k Remix,No #pastachips here 😁 ,face,english,video,#crispypasta #stuffedpasta #pastaviral #pastatrend #trending #pastatiktok #tiktokpasta #tiktokchef #foryou #foodontiktok #fypシ #pastachips,,body......,1,,,#먹방,2,,,,,sweet,10
Momma B,https://www.tiktok.com/@brookieervin/video/7264000519306284293,8600000,360500,3917,25300,285200,EXTREME EATERY CHALLENGE,sonido original,"Well , this sure made me happy ",faceless,english,video,#extremeeatery #caesar #massive #parksvillebc #vancouverisland #vacation,,boleh,1,,,.,2,,,,,temperature,10
The Meal Prep King,https://www.tiktok.com/@themealprepking/video/7008996676027354373,8600000,628200,1817,40100,12900,Don't you get bored of eating the same thing every day? 😳,original sound,Answer to @_raizel___ ,faceless,english,slideshow,#learnontiktok #healthy #mealprep #weightloss #fyp,,bombs,1,,,baking,2,,,,,toast,10
coaching.faststyle,https://www.tiktok.com/@coaching.faststyle/video/7351440145838509344,8600000,194900,1826,17300,15700,1200 calories 5 kilos' and '1242 calories 200g',End of Beginning,Attention à la densité calorique ! ,face,english,video,#foryou#coach #Pertedepoids#recette #nutrition #bienêtre #santé #pourtoi ,,book',1,,,cookie,2,,,,,whole,10
Andrea,https://www.tiktok.com/@andreanava.7/video/7445716099175320875,8600000,445700,724,102800,13600,OVERNIGHT OATS,"I Love You, I'm Sorry",Easy overnight oats recipe 🍓🫐🍯🥛 ,faceless,english,video,#overnightoats #oats #easyrecipes #mealprepideas #foryoupage #fyp ,,bored,1,,,"
#easyrecipe
#belgica
#quickeasymeals",1,,,,,yellow,10
Delaney & Shelby,https://www.tiktok.com/@yessidothecookingg/video/7441677940716408110,8600000,28100,245,8544,2483,#CampbellsPartner,original sound,"#CampbellsPartner Cheesy Potato Casserole is our game night hack—perfect for those holiday moments when board games are out, and everyone takes a break to dig into this delicious dish! @Campbell’s Soup #JoyofSidesSeason #Walmart #gamenight #easyrecipe  Cheesy Potatoes  Ingredients: 1 onion, diced 16 oz sour cream 1 can of Campbell’s® Cream of Chicken soup 1 stick of butter, melted 3 cup sharp cheddar cheese, shredded 16 oz frozen diced potatoes, thawed 2 c kettle chips, crushed  Salt and pepper, to taste    Directions: Preheat the oven to 350 degrees. Add a splash of oil to a pan over medium heat. Once hot, add in the onion and sauté until soft and fragrant, set aside. Add sour cream, Campbell’s® Cream of Chicken Soup, butter, 1 c cheddar cheese, and cooled onions to a large bowl. Mix until combined. Fold in the diced potatoes. Top with remaining cheddar cheese and potato chips. Bake uncovered for 50-60 minutes.",faceless,english,video,#CampbellsPartner,,bouquet',1,,,"
#easyrecipes",1,,,,,yogurt,10
joeywellness,https://www.tiktok.com/@joeywellness/video/7260161914414583046,8600000,278400,4761,22500,66100,HOW MUCH SUGAR KETCHUP,original sound,How Much Sugar in Ketchup? ,face,english,video,#suga #sugar #ketchup #health #awareness #food #wellness #fyp ,,bowl,1,,,#,1,,,,,¼,10
Kaye’J Channel,https://www.tiktok.com/@kayejchannel/video/7438836831367548178,8600000,233300,2439,109800,63500,Not your typical Coffee Jelly,original sound - Kaye’J Channel,Coffee Jelly Recipe for your Christmas Dessert ,faceless,english,video,#coffeejelly #dessert #easyrecipe,,bowl',1,,,#1,1,,,,,✨,10
The Good Bite,https://www.tiktok.com/@thegoodbite/video/7207367507542428934,8500000,429600,1313,220600,112100,Cajun Garlic Parmesan Alfredo,original sound,"You need to try this Cajun Garlic-Parmesan Alfredo 🤌 SAVE this one for later!  This is a delicious, quick and easy high protein meal that works perfectly for a weeknight dinner!  Here’s your shopping list:  3 chicken breasts. Tbsp of extra virgin olive oil. Tbsp of cajun seasoning. 20g of unsalted butter. 1 onion  3 cloves of garlic.  250ml of boiling chicken stock. 400ml of semi-skimmed milk. Tbsp of cajun seasoning. 50g of Parmesan  2 tbsp of light cream cheese. Black pepper. 50ml of single cream. Parsley 300g of spaghetti. Full recipe is on our website - link in bio 🙏 ",faceless,english,video,#TheGoodBite #HighProtein #Chicken #GarlicParemsan  #GoodFoodGoodFeels ,,box,1,,,#10minutemeals,1,,,,,15,9
Sentiasa lapar,https://www.tiktok.com/@syaridatulnabilah/video/7235191495257591041,8500000,492300,1170,175600,31700,Loaded Potato Bowl like KFC',girls like me don't cry (Sped Up),Craving a taste of KFC at home?🙋🏻‍♀️ Say hello to this mouthwatering Loaded Potato Bowl recipe inspired by KFC! 🙆🏻‍♀️❤️ It's a creamy mashed potatoes layered with crispy chicken popcorn and some mayo and cheese sauce 😍 It's a bowl that screams 'comfort' with every bite 😋 You wont able to resist cause it's everyone's favourite 😎 Here is the recipe for today: {Mashed potato} 1. 2 potatoes 2. 2 tbsp unsalted butter 3. Salt & black pepper 4. Milk {chicken popcorn} 1. Marinated chicken breast 2. Bestari kentucky flour Mayonnaise and cheese sauce. Can put as much as you want :) ,faceless,english,video,#easysnacksideas #snackbites #snackideas #malaysia #resepimudah ,,boyfriend,1,,,#1minuterecipe,1,,,,,also,9
Butter Dawg,https://www.tiktok.com/@_butter_dawg_/video/7240832653056920875,8500000,382600,7134,24100,91200,"Day of eating: 8,000 calories'",original sound,Day of eating: I’m constipated ,face,english,video,#wieiad #food #eating #calories #mukbang #foodtok #fyp #trending #viral #foryou ,,boyfriends,1,,,#2022,1,,,,,aside,9
iramsfoodstory,https://www.tiktok.com/@iramsfoodstory/video/7460615485671918891,8500000,457200,2782,259300,95900,chocolate chip walnut cookies',original sound,"Levain Chocolate Walnut Cookie 🍪  Yield:Approximately 8-10 large cookies Ingredients: 2 1/4 cups (313g) all-purpose flour 1 ½ teaspoons baking powder 1 teaspoon baking soda 1 teaspoon cornstarch 3/4 cup (150g) dark brown sugar 1/4 cup (50g) granulated sugar 2 cold eggs 2 teaspoons vanilla extract 1 cup (225g) unsalted butter, slightly softened Pinch of salt 2 cups (250g) semi-sweet chocolate chips 1 1/2 cups (190g) roasted walnuts, chopped Instructions: 1. Preheat the oven to 350°F (180°C). Line a baking sheet with parchment paper. 2. In a medium bowl, whisk together flour, baking powder, baking soda, and cornstarch. Set aside. 3. In a large bowl, use an electric mixer to cream together brown sugar, granulated sugar, and butter until light and fluffy. 4. Beat in eggs one at a time, followed by vanilla extract. For 3-4 minutes until the batter turns pale in color and the sugar is well incorporated. 5. Gradually mix in the dry ingredients (flour mixture) until just combined, being careful not to overmix. 6. Stir in chocolate chips and walnuts. 7. Scoop 2 tablespoon-sized balls of dough onto the prepared baking sheet, leaving about 4 inches of space between each cookie. Top it with more chocolate chips and walnuts. 8. Bake for 13-16 minutes or until the edges are lightly golden brown. 9. Remove from the oven and let cool on the baking sheet for 5 minutes before transferring to a wire rack to cool completely. ",faceless,english,video,#cookie #chocolatechip #chocolatechipcookies #levainbakerycookies #levainbakery #baking ,,brain,1,,,#2ingredientsrecipe,1,,,,,bacon,9
iramsfoodstory,https://www.tiktok.com/@iramsfoodstory/video/7449479380427967790,8500000,845300,1409,247400,90800,HOW TO MAKE chocolate chip s'mores cookies',original sound,"S'mores Cookies Recipe Yield: 9-10 cookies Ingredients: For the Cookies: - 1/2 cup (115g) unsalted butter, melted and cooled - 1/2 cup (100g) light brown sugar - 1/3 cup (67g) granulated sugar - 1 large egg, room temperature - 1 tablespoon (15g) vanilla extract - 1 1/4 cups (185g) all-purpose flour, spooned and leveled - 1/2 teaspoon baking soda - pinch of flaky sea salt - 1 cup (120g) semi-sweet chocolate chips For the S'mores Topping: - 1/2 cup (60g) milk chocolate wafers - 1/2 cup (30g) mini marshmallows or 9-10 large marshmallows - 4 sheets of graham crackers Instructions: 1. Preheat the oven to 350°F (175°C). Line a baking sheet with parchment paper. 2. In a bowl, mix the flour, baking soda, and salt. Set aside. 3. In a separate bowl, combine the melted butter, brown sugar, granulated sugar, egg, and vanilla extract. Whisk for 1-2 minutes until a smooth paste forms. 4. Combine the dry ingredients into the wet batter and gently fold until just combined. 5. Add the chocolate chips and mix with a spatula. Do not overmix. 6. Arrange the graham crackers on the prepared baking sheet. Top each cracker with a chocolate wafer, a few mini marshmallows (or one large marshmallow), and a spoonful of cookie dough. 7. Bake for 12-14 minutes or until the edges are golden and crispy, and the centers are gooey. 8. Remove from the oven. Allow the cookies to cool completely on the baking sheet before serving. NOTE:  As soon as cookies come out of the oven, place a round cookie cutter around each and gently spin to smooth uneven edges. ",faceless,english,video,#chocolatechip #smorescookies #cookies #baking #recipe ,,bread',1,,,#30idemenuramadhan2025,1,,,,,banana,9
Munkeys,https://www.tiktok.com/@munkeys_ph/video/7330540334826441990,8400000,170500,978,95700,47700,Stir Fry Chicken',"lofi, chill, hip hop(886723)",Stir Fry Chicken ,faceless,english,video,#foodie #foodtiktokph #chickenrecipe #stirfryrecipe #cooking #easyrecipes #fyp ,,breakfast',1,,,#30minmeals,1,,,,,"basil,",9
natalia,https://www.tiktok.com/@natsnourishments/video/7234182603706830106,8400000,649300,1509,346300,63300,and this time it's the spring summer edition',original sound,10 minute high protein spinach gnocchi!   ,face,english,video,#foodfyp #veganfyp #foodtok #vegantok #10minutemeals #spinachgnocchi,,broccoli',1,,,#30minutemeals,1,,,,,below,9
Cooking by Shabnam👩🏻‍🍳,https://www.tiktok.com/@cookingbyshabnam/video/7430789203979521288,8400000,96900,402,29200,33600,Идея для завтрака,Idea 10,Идея для завтрака✅ Breakfast ideas💡 ,faceless,russian,video,#tiktok #trend #top #tarifler #kahvalti #recipe #breakfastideas #breakfast #вкусноибыстро #завтрак #завтракза5минут #вкусноипросто #ппрецепты #yummyfood ,,brownies',1,,,#30thbirthday,1,,,,,both,9
Юлия ✨ готовим вместе!,https://www.tiktok.com/@yulianna_food/video/7061544994754071809,8300000,92700,275,31600,9194,Макароны в томатном соусе',Not About Us (Byjoemichael Remix),"Быстро, просто, вкусно",faceless,russian,video, #фрикадельки #спагетти #готовимдома #семейныйобед #стройныйрецепт #вкусноибыстро #готовимдома #рецептынакаждыйдень,,brownies),1,,,#3ingredients,1,,,,,bowl.,9
Freya,https://www.tiktok.com/@ruefig/video/7250903847118474542,8300000,1100000,1796,202400,31700,STRAWBERRY AND CREAM MUFFIN',"L'amore dice ciao (From ""La matriarca - The Libertine"") - Main Titles",Strawberry and cream muffins 🍓🤍 ,faceless,english,slideshow,#baketok #strawberry #dessert #baking #bakingvideo #food #foodie #cooking #cookingvideo #sweet #bakingasmr #bakewithfreya #strawberrymuffin ,,buat,1,,,#5daymealprep,1,,,,,breasts,9
AnnikaEats,https://www.tiktok.com/@annikapanikker/video/7404176417103056146,8300000,1300000,2774,171100,114400,girl therapy 🍪🍰☕️✨',original sound,"the only SKILLET chocolate chip cookie🍪recipe you need (shes eggless too). its ooey, gooey, rich and delicious. ",faceless,english,video,"#baking #bakingtiktok #bakingtok #bakingszn #bakingtok #baker #bakersoftiktok #baketok #skilletcookie #skilletchocolatechipcookie #chocolatechip #chocolatechipcookie #gilmoregirls #gilmoregirlstiktok #gilmoregirlsedits #eggless #egglessrecipe #egglessbaking #egglesscookies #foodtok #foodtiktok #foodblog #foodblogger #foodvideo #ooeygooey #cookie #cookies #cookiesoftiktok #cookievideo #girltherapy #bakingtherapy  Skillet cookie, skillet chocolate chip cookie, skillet cookie recipe, skillet, eggless cookie, eggless cookie recipe, ooey gooey cookie, eggless baking, eggless cookie, eggless recipe, baking tiktok, baking tok, baker",,buffalo,1,,,#5minutesandwich,1,,,,,broth,9
Mayra Wendolyne,https://www.tiktok.com/@lowcarblove/video/7405392091737640238,8200000,298000,858,134800,34700,Viral Cucumber Salad,original sound,TRYING THE VIRAL CUCUMBER SALAD! 🥒 @Logan ,faceless,english,video,#weightlosstransformation #weightlossfood #lowcarbrecipes #viralcucumbersalad #logancucumber ,,buldak,1,,,#6ix9nine,1,,,,,brown.,9
TIFFY COOKS 🥟,https://www.tiktok.com/@tiffycooks/video/7377414236005207301,8200000,571100,2352,156800,50600,OF MY DAD'S CHEMO CRAVINGS,original sound,"Welcome back to ep.3 of my dad’s chemo cravings, since we been back from Japan he has been CRAVING Japanese Egg Sandwich so let’s make it together! Even though chemo is hard, we actually get excited for my dad’s cravings because it’s always so fun eating together.  Sending love to anyone battling cancer, or if someone you love is battling. We got this ❤️ Full recipe link in bio :)  ",faceless,english,video,#japanesefood #egg #eggsandwich #dad #cancersucks #storytime #homecooking #cravingsatisfied ,,bun,1,,,#911pizza,1,,,,,brush,9
миллион алых роз,https://www.tiktok.com/@million.alich.ros/video/7480945102941130006,8200000,567600,4880,30800,19300,ASMR',"Peer Gynt Suite, Morning mood",#мукбанг ,face,english,video,#мукбанг ,,burgers',1,,,#@midssauce,1,,,,,"chicken,",9
миллион алых роз,https://www.tiktok.com/@petre.andrei.catana/video/7370019029668416801,8200000,591500,3949,57100,33900,making coke (coca cola) from scratch',Tchaikovsky-Waltz of the Flowers,everyone’s favourite drink ,face,english,video,#coke #cocacola #homemade #softdrink ,,burnt,1,,,#aeroplanejelly,1,,,,,cold,9
aymenacooks,https://vt.tiktok.com/ZSun12B23/,4800000,978.5K,3311,162.2K,42.6K,whats your favorite restaurant' idk probably my house,Little Life - Robert Gomotka,which one’s your favourite?? ib: @Claudia Harrington,faceless,english,slideshow,#FoodTok #aestheticfood #recipes #cooking #baking,,burrata',1,,,#aestheticfood,1,,,,,cooled,9
"
recipeincaption
",https://vt.tiktok.com/ZSun1tonH/,9800000,315.9K,3114,146.5K,62.3K,Dinners you'll actually make,Mr. Blue Sky - Electric Light Orchestra,"For ALL of you asking - the app link for Osta is in my bio or you can search “Osta Recipes” on the App Store or Google Play store ‼️🫶

Crispy buttermilk chicken tenders, addictive Cane’s sauce and fluffy texas toast… all at home! 

For the Chicken:
-2 lbs (0.9 kg) chicken breast, sliced into strips (or use tenderloins)
-2 cups buttermilk
-1/3 cup pickle juice
-Seasonings: 1 tsp garlic powder, 1 tsp paprika, 1 tsp onion powder, 1 tsp salt, 1 tsp black pepper
-Neutral oil, for frying
Flour Mixture:
-2 cups all-purpose flour +1/2 cup cornstarch
-1 tsp baking powder
-Seasonings: 2 tsp garlic powder, 2 tsp paprika, 2 tsp salt, 2 tsp black pepper
Cane’s Sauce
-1/2 cup mayonnaise
-1/4 cup ketchup
-2 tsp Worcestershire sauce
-Seasonings: 1 tsp garlic powder, 1 tsp onion powder, 1 tsp paprika, 1 tsp black pepper, 1 tsp seasoning salt

Instructions:
1. Slice the chicken breasts into strips about 1 inch thick and 3–4 inches long (roughly tender-sized).
In a bowl, whisk together the buttermilk, pickle juice, and chicken seasonings until fully combined.
Add the chicken and toss to coat. Cover and refrigerate for at least 2 hours, or overnight for extra tender chicken.
2. In a large bowl, combine the flour, cornstarch, baking powder, and flour mixture seasonings. Mix.
3. Add neutral oil to a large pot or deep skillet until it is about 2–3 inches deep. Heat the oil to 350°F / 175°C.  Keeping the oil around this temperature ensures crispy chicken without burning the coating.
4. Drizzle a little buttermilk marinade into the flour mixture and stir to create flaky, crispy bits. Shake excess marinade off the chicken, then coat each piece thoroughly in the flour mixture. Shake off any extra flour and gently place into the hot oil.
5. Don’t touch them for the first 1–2 mins, that’s how you get the perfect crust. Fry for 7–10 mins, or until golden brown and cooked through. Transfer the chicken to a paper towel-lined rack to drain.
6. In a bowl, combine all the sauce ingredients then refrigerate. 
7. Serve the chicken with a side of sauce, texas toast & crinkle fries… Enjoy :)",faceless,english,video,#dinner #raisingcanes #chicken #tiktokrecipe #recipesoftiktok #dinneridea #homecooking,,burritos,1,,,#aestheticvideos,1,,,,,cucumber,9
.nadyglxup,https://vt.tiktok.com/ZSunS3hXo/,9000000,129.4K,1845,22.9K,"1,786",Eat better,hypnotic - super slowed - isq,#healthyfood #recipe #fyp #viral #glowup ,faceless,english,video,#healthyfood #recipe #fyp #viral #glowup ,,burritos',1,,,#ai,1,,,,,double,9
mynavey_vibes,https://vt.tiktok.com/ZSunAmC4G/,6700000,342.4K,3037,54.3K,17.6K,N/A,original sound - lilisa_wang - 浩宇,Flan caramel ice coffee 🍮☕️,faceless,english,video,#algerie🇩🇿 #fyp #fypシ゚viral #naveyvibes #arianagrande ,,buy,1,,,#airbake,1,,,,,drain,9
moribyan,https://www.tiktok.com/@moribyan/video/7616108157886008590?is_from_webapp=1&sender_device=pc,3700000,206.8K,451,57K,26.9K,N/A,original sound,"Crispy Chicken Shawarma! I finally tried this back in January in LA and we’ve been craving it ever since but there’s no where to get it here so at home it is 🤎

Full recipe up on the blog as always - www.moribyan.com - or tap the link in bio!",face,english,video,#recipe #shawarma #food #dinner #cooking,,cajun,1,,,#airbaking,1,,,,,e,9
aflavorfulbite,https://www.tiktok.com/@aflavorfulbite/video/7566237194558491917?is_from_webapp=1&sender_device=pc,152900000,11.1M,30.8K,3.9M,2.6M,crispy beef tacos 🌮✨,Congratulations - Piano Version,"crispy beef tacos 🌮  - cheesy ground beef tacos with a crispy tortilla shell served with homemade cilantro lime sauce 

🔗 full recipe is on my website link in bio 💗",faceless,english,video,#beef #tacos #Recipes #Foodtok,,cake?,1,,,#airbakingbyelixer,1,,,,,eating,9
keilapacheco,https://www.tiktok.com/@keilapacheco/video/7612744885656931598?is_from_webapp=1&sender_device=pc,40700000,1.8M,12.7K,118.8K,417.6K,N/A,original sound,SMASH BURGER🍔 HAD TO COME BACK TO SEE IF IT WAS A ONE HIT WONDER😋 Whats ur fav burger spot?😊❤️,face,english,video,#tannersprimeburgers #burger#giantburger#burgermukbang#mukbang#mukbangeatingshow#mukbangfoodasmr#eatingshow#eatwithme#foodvideo#foodasmr#bigbites#asmrsounds#asmreating#asmrvideo   ,,cake?',1,,,#airfry,1,,,,,everything,9
emmasfooddiary,https://www.tiktok.com/@emmasfooddiaries/video/7600618522653314312?is_from_webapp=1&sender_device=pc,2800000,490.8K,1296,35.3K,7503,fortunately for my roommates I bake when I'm stressed,"l'amore dice ciao (from ""la matriarca the libertine"")",Freshly baking chocolate chip cookies 😍😍 >>> ,faceless,english,video,#girltherapy #baking #baketok #chocolatechipcookies #fyp ,,call,1,,,#airfryerchicken,1,,,,,half,9
cooking_recipescr,https://www.tiktok.com/@cooking_recipescr/video/7598662468918922510?is_from_webapp=1&sender_device=pc,10500000,115.3K,3361,13.4K,19K,N/A,original sound,#recipes #easyrecipe #cooking #dinnerideas #yummyfood #dinnermadeeasy #foodtok #homecooking #quickrecipes #simplemeals #easycooking #foodideas #whatsfordinner #familymeals #tasty #comfortfood #fyp #foryou #foryoupage #viralfood #foodtrend,faceless,english,video,#recipes #easyrecipe #cooking #dinnerideas #yummyfood #dinnermadeeasy #foodtok #homecooking #quickrecipes #simplemeals #easycooking #foodideas #whatsfordinner #familymeals #tasty #comfortfood #fyp #foryou #foryoupage #viralfood #foodtrend,,calling,1,,,#airfryercorn,1,,,,,"heat,",9
ayline.ea,https://www.tiktok.com/@ayline.ea/video/7611219493079010563?is_from_webapp=1&sender_device=pc,7100000,277.5K,749,134K,93.1K,N/A,original sound,"Smoky Chipotle Chicken Wrap

If you love bold, smoky flavors, this one’s for you. Using @Chosen Foods Classic Mayo and 100% Pure Avocado Oil makes this chipotle chicken wrap extra creamy, juicy, and delicious. ",face,english,video,#chosenpartner,,calorie,1,,,#airfryerdesserts,1,,,,,it's,9
colacoca0900,https://www.tiktok.com/@colacoca0900/video/7598025460680903966?is_from_webapp=1&sender_device=pc,4700000,777.5K,8467,50.6K,595.6K,Showing you food cuz im evil and want u to be hungry,original sound - COCA,#food #mukbang #tiktokfood #foryoupage #fypシ ,faceless,english,video,#food #mukbang #tiktokfood #foryoupage #fypシ ,,calories',1,,,#airfryergarlicbread,1,,,,,its,9
smar_ria,https://www.tiktok.com/@smar_ria/video/7595830770028006663?is_from_webapp=1&sender_device=pc,8000000,1M,2538,57K,77.8K,Cuando tu mamá cocina,WE ALL KNOW NO ONE - FACE NO ONE,🤯🫡,face,spanish,video,#comida #cocina #rico #humor #madre,,cals',1,,,#airfryerlasagne,1,,,,,keep,9
katieswaiting,https://www.tiktok.com/@katieswaiting/video/7616110376614219022?is_from_webapp=1&sender_device=pc,13600000,1.7M,35.1K,193.7K,278.6K,holy shit,Careless Whisper - George Michael,some life changing mac ,faceless,english,video,#macncheese #food #cheese #yumyum ,,came,1,,,#airfryerrecipe,1,,,,,knorr,9
beohaliglc8,https://www.tiktok.com/@beohaliglc8/video/7594546651650346260?is_from_webapp=1&sender_device=pc,4300000,183.4K,1046,18.7K,17.7K,N/A,original sound,SUB)매콤한 사천짜파게티에 뽀득뽀득 킬바사 먹방 (ft.파김치&겉절이) spicy chapagetti kielbasa mukbang ASMR,face,english,video,#大食い #mukbang #大胃王 #asmr #ryomaASMR #shorts #먹방 #음식 #asmr먹방 #대식가 #맛있다 #한식 #kfood #koreanfood #shots,,cannelloni,1,,,#airfryerseries,1,,,,,layer,9
aflavorfulbite,https://www.tiktok.com/@aflavorfulbite/video/7610410662052859149?is_from_webapp=1&sender_device=pc,5000000,261.9K,370,88.7K,56.4K,crispy cheesy beef taquitos ✨,original sound,"crispy cheesy beef taquitos ✨ - crispy beef and cheese taquitos with homemade avocado lime sauce 

🔗 full recipe is on my website link in bio ✨",faceless,english,video,#taquitos #EasyRecipe #foodtiktok,,can’t,1,,,#airfryersmores,1,,,,,lime,9
zainasalv,https://www.tiktok.com/@zainasalv/video/7617079027639127328?is_from_webapp=1&sender_device=pc,15800000,1.8M,3232,79.7K,378.4K,Me when I get kidnapped and they tell me to order a pizza but instead of calling 911 I actually call for pizza,original sound,#pizza #911pizza #fypppppppppppppp #pizzamukbang #relatable ,face,english,video,#pizza #911pizza #fypppppppppppppp #pizzamukbang #relatable ,,caramel',1,,,#airfyer,1,,,,,looking,9
cooking_with.kian,https://www.tiktok.com/@cooking_with.kian/video/7604176036208610574?is_from_webapp=1&sender_device=pc,1800000,215.4K,930,36.3K,19.6K,N/A,original sound,"Homemade Raising Cane’s!

Recipe on my YouTube",face,english,video,N/A,,caramelized,1,,,#ajiwokgisachallenge,1,,,,,makes,9
archersfood,https://www.tiktok.com/@archersfood/video/7609043578295192854?is_from_webapp=1&sender_device=pc,454400000,3.2M,22.9K,519.1K,630.7K,chocolate nutella pancakes archersfood.com,Sixty Second Commercial 1 by Michael Reynolds - malcolm,"Comment “YES” or “RECIPE” on this video on instagram and I’ll send you the link to the full free recipe!

Chocolate Nutella pancakes 

Where to find the recipe: 
- you can click the link in my bio, it will take you to my website and then, search Chocolate Nutella pancakes 
- or visit
🔗 https://archersfood.com/chocolate-nutella-pancakes/

(or comment YES or RECIPE on my instagram and I’ll DM the link to you!)

Search online: Chocolate Nutella pancakes 
 archersfood

Make sure you follow us or have the DMs open so we can send you the link, enjoy  
",faceless,english,video,#creatorsearchinsights #creatorinsights #nutellapancake #chocolatepancakes #pancakes,,carb,1,,,#alfredopasta,1,,,,,noodles,9
archersfood,https://www.tiktok.com/@archersfood/video/7610135716886056214?is_from_webapp=1&sender_device=pc,20000000,1.3M,6374,234.3K,445.7K,Nutella chocolate rolls archersfood.com,original sound - cherry,"Comment “YES” or “RECIPE” on this video on instagram and I’ll send you the link to the full free recipe!

Nutella chocolate rolls

Where to find the recipe: 
- you can click the link in my bio, it will take you to my website and then, search Nutella chocolate rolls
- or visit
🔗 https://archersfood.com/nutella-chocolate-rolls/

(or comment YES or RECIPE on my instagram and I’ll DM the link to you!)

Search online: Nutella chocolate rolls
 archersfood

Make sure you follow us or have the DMs open so we can send you the link, enjoy 
",faceless,english,video,#creatorsearchinsights #creatorinsights #nutellarolls #nutelladessert #chocolaterolls ,,carbo,1,,,#algerie🇩🇿,1,,,,,nutella,9
cookingwzainab,https://www.tiktok.com/@cookingwzainab/video/7548826611722833174?is_from_webapp=1&sender_device=pc,,122.2K,300,26K,26.3K,POV: you're home alone,original sound,It’s an addiction at this point ,faceless,english,video,#ramen  #dumplings  #steakramen  #lazygirl  #foodtok  ,,carnita,1,,,#alhamdulillah,1,,,,,off,9
nhinjasushi,https://www.tiktok.com/@nhinjasushi/video/7602042714913262879?is_from_webapp=1&sender_device=pc,3200000,266.9K,3174,12.6K,196.7K,you've been selected to buy me sushi 🤭,original sound - 🎧,Send this to someone that owes you sushi ,faceless,english,video,#sushi #funny #oklahoma #nhinja #okc ,,carrot,1,,,#almoco,1,,,,,onto,9
aflavorfulbite,https://www.tiktok.com/@aflavorfulbite/video/7615590207886331150?is_from_webapp=1&sender_device=pc,23800000,677.4K,1799,223.7K,176.9K,crispy honey chipotle chicken tacos 🍯🌶️✨,"Beanie - Piano Version - penguin piano
","crispy honey chipotle chicken tacos 🍯🌶️✨ - crispy tacos filled with honey chipotle chicken and cheese and served w/homemade chipotle crema sauce and homemade pico de gallo

🔗 full recipe is on my website link in bio 💗",faceless,english,video,#honey #chipotle #chickentacos #Recipe #foodtok,,carrots,1,,,#amazon,1,,,,,package,9
foodhello00,https://www.tiktok.com/@foodhello00/video/7604787989130087693?is_from_webapp=1&sender_device=pc,10100000,1.1M,5273,47.9K,393.5K,N/A,original sound,#foodtour #food #trending #fyp #streetfood ,faceless,english,video,#foodtour #food #trending #fyp #streetfood ,,case,1,,,#amazonblackfridayweek,1,,,,,part,9
stoney_choi,https://www.tiktok.com/@stoney_choi/video/7605161793777962260?is_from_webapp=1&sender_device=pc,12900000,390.4K,2627,26.7K,16.3K,🥫🧀🥐🥓🥚,Married Life - Gina Luciani,Sausage ,face,english,video,#mukbang #asmr #tiktokfood #fyp ,,casserole,1,,,#amazonfavorites,1,,,,,que,9
lolaa.mts,https://www.tiktok.com/@lolaa.mts/video/7592963725519277344?is_from_webapp=1&sender_device=pc,705900,103.9K,450,16.1K,4107,eat clean,оригінальний звук - 𒌐тракторꑭ,"eat clean, not less!🥗🌟🍵💖 ",faceless,english,video,#healthyfood #eatclean #fy #viral #foodtok ,,castella,1,,,#amazonfinds,1,,,,,roasted,9
iamsarah_sarah,https://www.tiktok.com/@iamsarah_sarah/video/7614568624233123086?is_from_webapp=1&sender_device=pc,3900000,230K,648,49.9K,12.5K,I'll be home in 15 minutes,Raindance - Dave & Tems,"One-Pan Creamy Tagliatelle

Ingredients:
200 g tagliatelle pasta
10-12 cherry tomatoes, cubed
½ red onion, sliced
1 handful fresh spinach
3 garlic cloves, grated 
2 tbsp pasta sauce 
2 tbsp olive oil
1 tsp Italian seasoning 
100 ml cooking cream
250-300 ml vegetable broth (add more if needed)
Salt & pepper to taste
Grated Parmesan, for topping
Shrimp 

Instructions:
1. In a large pan, layer the tagliatelle, cherry tomatoes, spinach, onion, and garlic.
2. Drizzle with olive oil, add pasta sauce, seasoning, cream, and vegetable broth.
3. Cover and cook over medium heat for about 15 minutes, stirring a few times.
4. Add a bit more broth if it gets too dry.
5. When the pasta is creamy and tender, top with Parmesan cheese and shrimp. 
6. Serve hot and enjoy!
",faceless,english,video,"#easyrecipeideas 
#easyrecipe
#belgica
#quickeasymeals 
#easyrecipes",,cats,1,,,#amazonfr,1,,,,,rolls,9
lifeofcian,https://www.tiktok.com/@lifeofcian/video/7619794258756750622?is_from_webapp=1&sender_device=pc,10900000,679.5K,3134,66K,69.2K,N/A,original audio,"Fruit Ice Cream In Paris 
@fruttiniparis ",face,english,video,#fyp #paris #foodreview #mukbang #foodtiktok,,cemetery,1,,,#amazonmusthaves,1,,,,,separate,9
choosingchia,https://www.tiktok.com/@choosingchia/video/7593090720253168917?is_from_webapp=1&sender_device=pc,3200000,249.6K,238,91K,21.8K,6 chia pudding recipes you need to try,Man I Need - Olivia Dean;,"They don’t call me choosing chia for nothing🫡

You can find all recipes on my blog!

👉🏻https://choosingchia.com/?s=Chia+pudding or just google search “choosing chia chia pudding” (",faceless,english,video,N/A,,challenge,1,,,#anda,1,,,,,stuffed,9
eatwbrooke,https://www.tiktok.com/@eatwbrooke/video/7610558893244042526?is_from_webapp=1&sender_device=pc,19800000,1.9M,5425,83.1K,206K,N/A,original sound,"Fried sushi burrito ☺️ this was SCRUMPTIOUS!!!! 😍🍣 I tried their white sauce and it was citrusy and really creamy, the perfect addition 🥹 I ate the whole thing this time lol it has salmon, white fish, cream cheese& avocado inside!!! 
But seriously please send tv series recs my way PLEASE!!! 😠😠",face,english,video,#sushiburrito #sushi #fyp #crunchy #friedsushi #asmr #mukbang #asmrmukbang #tiktokfoodie #foodie #crunch ,,challenge',1,,,#andiamoneiperte,1,,,,,teaspoons,9
louis.gantus,https://www.tiktok.com/@louis.gantus/video/7610889607672024350?is_from_webapp=1&sender_device=pc,1400000,124.3K,462,11.9K,3120,People always ask me what's your favorite food,original sound,I’m glad this exists ,faceless,english,video,#fyp #foryoupage #food #cooking #foodasmr ,,charcuterie,1,,,#annapaul,1,,,,,through,9
isabelmclurkin,https://www.tiktok.com/@isabelmclurkin/video/7596863722484763917?is_from_webapp=1&sender_device=pc,5600000,828.6K,2582,36.8K,97.9K,big ol pot of butter chicken,Cozy Autumn Days - Cafe Music BGM channel,i am working on perfecting my butter chicken everyone ,faceless ,english,video,#butterchicken #butterchickencurry #butterchickenrecipe ,,charlotte,1,,,#annapaulpasta,1,,,,,top.,9
_nada_dl,https://www.tiktok.com/@_nada_dl/video/7600411842388692246?is_from_webapp=1&sender_device=pc,7000000,941.2K,714,218K,199.7K,CHICKEN ALFREDO PASTA,,"Chicken Alfredo pasta 

المكونات:  (تكفي 3 أشخاص)

الدجاج:

3 شرائح صدر دجاج 
1 كوب فتات خبز
1/2 كوب طحين أبيض
1 ملعقة صغيرة ملح
1/2 ملعقة صغيرة فلفل أسود
1 ملعقة صغيرة بابريكا
1 بيضة
1 ملعقة كبيرة حليب
زيت نباتي للقلي 

الباستا:

200 غ باستا
1 ملعقة كبيرة زبدة
1/2 حبة بصل مفرومة ناعم
3 فصوص ثوم مفروم
250 مل كريمة طبخ سائلة
1 كوب من ماء سلق الباستا
1 ملعقة صغيرة ملح أو حسب الذوق
1/2 ملعقة صغيرة فلفل أسود
1/2 ملعقة صغيرة ثوم بودرة
1/2 ملعقة صغيرة أعشاب عطرية
1/2  كوب جبن مبشور حسب الرغبة

Ingredients: (Serves 3)

Chicken:

3 chicken breast slices
1 cup breadcrumbs
1/2 cup all-purpose flour
1 teaspoon salt
1/2 teaspoon black pepper
1 teaspoon paprika
1 egg
1 tablespoon milk
Vegetable oil for frying

Pasta:

200 g pasta
1 tablespoon butter
1/2 onion, finely chopped
3 cloves garlic, minced
250 ml heavy cream 
1 cup pasta cooking water
1 teaspoon salt, or to taste
1/2 teaspoon black pepper
1/2 teaspoon garlic powder
1/2 teaspoon dried herbs
1/2 cup grated cheese, as desired with ",faceless,arabic,video,#chicken #alfredopasta #pasta #recipe #food ,,cheater's,1,,,#anniversaire,1,,,,,turn,9
biteswithlily,https://www.tiktok.com/@biteswithlily/video/7598108209903127829?is_from_webapp=1&sender_device=pc,10500000,1.1M,1477,57.6K,33.5K,Everything I ate at the Train Night Market in Bangkok!,Mario like action game 2 - Jun Takahashi,"Everything I ate at the Train Night Market in Bangkok! 🚂🍜🔥 📍Train Night Market Srinagarindra, Bangkok, Thailand 🇹🇭",face,english,video, #nightmarket #foodmarket #bangkok #thailand #streetfood,,cheesecakes,1,,,#appetizer,1,,,,,vinegar,9
frnzimrie,https://www.tiktok.com/@franzimrbr/video/7600474212276391190?is_from_webapp=1&sender_device=pc,1500000,246.6K,701,46.4K,14.8K,healthaholic,original audio,#cleaneating #fyp #gym #healthycooking #protein,faceless,english,video,#cleaneating #fyp #gym #healthycooking #protein,,cheesecakes',1,,,#appetizers,1,,,,,well.,9
abbymartinez179,https://www.tiktok.com/@abbymartinez179/video/7608694006133886238?is_from_webapp=1&sender_device=pc,20000000,1.8M,13.2K,90.2K,315.3K,N/A,13.2K,Se me antojó de nuevo y hize Quesabirria ,face,spanish,video,#mukbang #foodie #eatingshow #quesabirria #birriatacos ,,cheesy,1,,,#applepancakes,1,,,,,whipped,9
,,,,,,,,,,,,,,,chef,1,,,#applepie,1,,,,,wrap,9
,,,,,,,,,,,,,,,chef',1,,,#applepiecookies,1,,,,,yolk,9
,,,,,,,,,,,,,,,chemo,1,,,#applerecipes,1,,,,,ملعقة,9
,,,,,,,,,,,,,,,chez,1,,,#arianagrande,1,,,,,❤️,9
,,,,,,,,,,,,,,,chia,1,,,#artsandcrafts,1,,,,,#fyp,8
,,,,,,,,,,,,,,,chicken!',1,,,#artwork,1,,,,,(,8
,,,,,,,,,,,,,,,chilli,1,,,#asian,1,,,,,12,8
,,,,,,,,,,,,,,,chipotle,1,,,#asianfood,1,,,,,_,8
,,,,,,,,,,,,,,,chips',1,,,#asmrcommunity,1,,,,,after,8
,,,,,,,,,,,,,,,christmas,1,,,#asmreatingsounds,1,,,,,boil,8
,,,,,,,,,,,,,,,cincau,1,,,#asmrlunch,1,,,,,coat,8
,,,,,,,,,,,,,,,class',1,,,#asmrlunchbox,1,,,,,days,8
,,,,,,,,,,,,,,,classic,1,,,#asmrmukbang,1,,,,,dough.,8
,,,,,,,,,,,,,,,clean,1,,,#asmrorganizing,1,,,,,et,8
,,,,,,,,,,,,,,,close',1,,,#asmrvideo,1,,,,,evenly,8
,,,,,,,,,,,,,,,clouds,1,,,#asmr먹방,1,,,,,excess,8
,,,,,,,,,,,,,,,clusters,1,,,#astuce,1,,,,,flakes,8
,,,,,,,,,,,,,,,coca,1,,,#astucecuisine,1,,,,,freezer,8
,,,,,,,,,,,,,,,cocina,1,,,#aussiemum,1,,,,,grams,8
,,,,,,,,,,,,,,,cocoa,1,,,#australia,1,,,,,greek,8
,,,,,,,,,,,,,,,coffee,1,,,#avocadopasta,1,,,,,healthy,8
,,,,,,,,,,,,,,,cola,1,,,#avocadopesto,1,,,,,homemade,8
,,,,,,,,,,,,,,,cola),1,,,#babyfood,1,,,,,inch,8
,,,,,,,,,,,,,,,collagène',1,,,#babyledeating,1,,,,,jacket,8
,,,,,,,,,,,,,,,colored,1,,,#babyledweaning,1,,,,,kinder,8
,,,,,,,,,,,,,,,come,1,,,#baka,1,,,,,lasagne,8
,,,,,,,,,,,,,,,comfort,1,,,#bakersoftiktok,1,,,,,le,8
,,,,,,,,,,,,,,,coming,1,,,#bakery,1,,,,,let’s,8
,,,,,,,,,,,,,,,comment,1,,,#bakingaesthetic,1,,,,,microwave,8
,,,,,,,,,,,,,,,conchitas,1,,,#bakingasmr,1,,,,,mixture.,8
,,,,,,,,,,,,,,,cook,1,,,#bakinghack,1,,,,,night,8
,,,,,,,,,,,,,,,cooker,1,,,#bakinghacks,1,,,,,overnight,8
,,,,,,,,,,,,,,,cookie.,1,,,#bakingszn,1,,,,,paper,8
,,,,,,,,,,,,,,,cookies!',1,,,#bakingthursdays,1,,,,,pastry,8
,,,,,,,,,,,,,,,cooking,1,,,#bakingvideos,1,,,,,pop,8
,,,,,,,,,,,,,,,cottage,1,,,#bananacroissant,1,,,,,recipe:,8
,,,,,,,,,,,,,,,craving,1,,,#banananutella,1,,,,,salt.,8
,,,,,,,,,,,,,,,cravings,1,,,#bananapastry,1,,,,,salted,8
,,,,,,,,,,,,,,,creation,1,,,#bangkok,1,,,,,"seasoning,",8
,,,,,,,,,,,,,,,crinkle,1,,,#bbq,1,,,,,seeds,8
,,,,,,,,,,,,,,,croissants,1,,,#bearini_recipes,1,,,,,slightly,8
,,,,,,,,,,,,,,,crossiant,1,,,#beautiful,1,,,,,steak,8
,,,,,,,,,,,,,,,crunch,1,,,#beefwellington,1,,,,,strips,8
,,,,,,,,,,,,,,,crunchy,1,,,#beetrootsalad,1,,,,,t,8
,,,,,,,,,,,,,,,crêpes',1,,,#belgianwaffle,1,,,,,take,8
,,,,,,,,,,,,,,,cuando,1,,,#bentoboxlunch,1,,,,,temp,8
,,,,,,,,,,,,,,,cuisson,1,,,#bestchocolatechipcookies,1,,,,,through.,8
,,,,,,,,,,,,,,,cupcake,1,,,#bettycrocker,1,,,,,toss,8
,,,,,,,,,,,,,,,cups!',1,,,#beutiful,1,,,,,website,8
,,,,,,,,,,,,,,,curried,1,,,#bf,1,,,,,wine,8
,,,,,,,,,,,,,,,cuz,1,,,#bienêtre,1,,,,,without,8
,,,,,,,,,,,,,,,dad's,1,,,#bigmac,1,,,,,|,8
,,,,,,,,,,,,,,,date,1,,,#bigmactacos,1,,,,,и,8
,,,,,,,,,,,,,,,day!',1,,,#birriatacos,1,,,,,▪️1,8
,,,,,,,,,,,,,,,day',1,,,#biscoffcookies,1,,,,,😋,8
,,,,,,,,,,,,,,,day?,1,,,#biteofjoy,1,,,,,😍,8
,,,,,,,,,,,,,,,deeze)',1,,,#bitesize,1,,,,,(1,7
,,,,,,,,,,,,,,,definitely,1,,,#blackpink,1,,,,,100,7
,,,,,,,,,,,,,,,deliciosa',1,,,#blandtobam,1,,,,,30g,7
,,,,,,,,,,,,,,,density,1,,,#blink,1,,,,,adobo,7
,,,,,,,,,,,,,,,desert,1,,,#blueberries,1,,,,,apple,7
,,,,,,,,,,,,,,,deserve,1,,,#bluecollar,1,,,,,bio!,7
,,,,,,,,,,,,,,,design',1,,,#bluecollarbabe,1,,,,,boiling,7
,,,,,,,,,,,,,,,dessert!!,1,,,#bluecollarboys,1,,,,,bottom,7
,,,,,,,,,,,,,,,di,1,,,#bluecollarwife,1,,,,,browned,7
,,,,,,,,,,,,,,,didn't,1,,,#blwideas,1,,,,,brownie,7
,,,,,,,,,,,,,,,diml',1,,,#blwinspiration,1,,,,,butter.,7
,,,,,,,,,,,,,,,dinner',1,,,#blwjourney,1,,,,,craving,7
,,,,,,,,,,,,,,,dinners,1,,,#blwrecipes,1,,,,,cream.,7
,,,,,,,,,,,,,,,dip,1,,,#bouquetcupcakes,1,,,,,create,7
,,,,,,,,,,,,,,,dip',1,,,#bowl,1,,,,,crème,7
,,,,,,,,,,,,,,,dirt,1,,,#boxmixbrownies,1,,,,,cup),7
,,,,,,,,,,,,,,,discovered,1,,,#bread,1,,,,,dish.,7
,,,,,,,,,,,,,,,dish,1,,,#breadtok,1,,,,,down,7
,,,,,,,,,,,,,,,doesn’t,1,,,#breakfastbar,1,,,,,drained,7
,,,,,,,,,,,,,,,dog,1,,,#breakfastchallenge,1,,,,,dumpling,7
,,,,,,,,,,,,,,,done,1,,,#breakfasthack,1,,,,,"egg,",7
,,,,,,,,,,,,,,,donut,1,,,#breakfastrecipe,1,,,,,even,7
,,,,,,,,,,,,,,,doritos,1,,,#british,1,,,,,fettuccine,7
,,,,,,,,,,,,,,,down,1,,,#broccolicheddar,1,,,,,freeze,7
,,,,,,,,,,,,,,,dr.pepper,1,,,#broccolicheddarsoup,1,,,,,gently,7
,,,,,,,,,,,,,,,dream,1,,,#brookies,1,,,,,give,7
,,,,,,,,,,,,,,,duper,1,,,#brotdose,1,,,,,going,7
,,,,,,,,,,,,,,,each',1,,,#brotdosefürkinder,1,,,,,got,7
,,,,,,,,,,,,,,,easiest,1,,,#brownbutter,1,,,,,graham,7
,,,,,,,,,,,,,,,"easy,",1,,,#browniecake,1,,,,,immediately,7
,,,,,,,,,,,,,,,eatery,1,,,#browniecakesicles,1,,,,,instructions:,7
,,,,,,,,,,,,,,,eating:,1,,,#browniecookies,1,,,,,i’m,7
,,,,,,,,,,,,,,,edition',1,,,#browniecookiesrecipe,1,,,,,know,7
,,,,,,,,,,,,,,,eggplant,1,,,#browniemugcake,1,,,,,min,7
,,,,,,,,,,,,,,,eggs,1,,,#browniepops,1,,,,,mochi,7
,,,,,,,,,,,,,,,ensaladas,1,,,#browniescookies,1,,,,,parsley.,7
,,,,,,,,,,,,,,,era',1,,,#browniespanggang,1,,,,,peanut,7
,,,,,,,,,,,,,,,es,1,,,#brunchgirls,1,,,,,pickle,7
,,,,,,,,,,,,,,,espresso,1,,,#brunchideas,1,,,,,rest,7
,,,,,,,,,,,,,,,esta,1,,,#bubbles,1,,,,,salsa,7
,,,,,,,,,,,,,,,everything,1,,,#buddyvalastro,1,,,,,sandwich,7
,,,,,,,,,,,,,,,evil,1,,,#budgeting,1,,,,,sea,7
,,,,,,,,,,,,,,,expect,1,,,#bukapuasa,1,,,,,series,7
,,,,,,,,,,,,,,,extreme,1,,,#buldak,1,,,,,serving,7
,,,,,,,,,,,,,,,facile,1,,,#bulk,1,,,,,since,7
,,,,,,,,,,,,,,,fait,1,,,#burger,1,,,,,spicy,7
,,,,,,,,,,,,,,,family,1,,,#burger#giantburger#burgermukbang#mukbang#mukbangeatingshow#mukbangfoodasmr#eatingshow#eatwithme#foodvideo#foodasmr#bigbites#asmrsounds#asmreating#asmrvideo,1,,,,,tasty,7
,,,,,,,,,,,,,,,faço,1,,,#burrito,1,,,,,tender,7
,,,,,,,,,,,,,,,february',1,,,#burritomealprep,1,,,,,tsp),7
,,,,,,,,,,,,,,,feijão,1,,,#butter,1,,,,,ultimate,7
,,,,,,,,,,,,,,,feta,1,,,#butterchicken,1,,,,,video,7
,,,,,,,,,,,,,,,fettuccine,1,,,#butterchickencurry,1,,,,,water.,7
,,,,,,,,,,,,,,,"fiber,",1,,,#butterchickenrecipe,1,,,,,yeast,7
,,,,,,,,,,,,,,,find',1,,,#buttercookies,1,,,,,صغيرة,7
,,,,,,,,,,,,,,,fingers,1,,,#butterfly,1,,,,,🌱,7
,,,,,,,,,,,,,,,finny,1,,,#cakeart,1,,,,,100g,6
,,,,,,,,,,,,,,,first,1,,,#cakeboss,1,,,,,1tsp,6
,,,,,,,,,,,,,,,flag:,1,,,#cakebusiness,1,,,,,25,6
,,,,,,,,,,,,,,,flavor-time,1,,,#cakedecoratingtips,1,,,,,350,6
,,,,,,,,,,,,,,,flipping,1,,,#cakedecoratingtutorial,1,,,,,45,6
,,,,,,,,,,,,,,,flirty,1,,,#cakeorreal,1,,,,,50g,6
,,,,,,,,,,,,,,,floats,1,,,#caketok,1,,,,,according,6
,,,,,,,,,,,,,,,fluffy,1,,,#caketutorial,1,,,,,again,6
,,,,,,,,,,,,,,,flummery',1,,,#cakevideo,1,,,,,around,6
,,,,,,,,,,,,,,,follow,1,,,#calories,1,,,,,baked,6
,,,,,,,,,,,,,,,following,1,,,#campbellspartner,1,,,,,between,6
,,,,,,,,,,,,,,,food?',1,,,#cancersucks,1,,,,,bio.,6
,,,,,,,,,,,,,,,foot,1,,,#candy,1,,,,,bit,6
,,,,,,,,,,,,,,,forever,1,,,#canessauce,1,,,,,blend,6
,,,,,,,,,,,,,,,fortunately,1,,,#canneloni,1,,,,,break,6
,,,,,,,,,,,,,,,frame.,1,,,#canneloni#recipe,1,,,,,bueno,6
,,,,,,,,,,,,,,,france,1,,,#cantgetknafehofit,1,,,,,burrito,6
,,,,,,,,,,,,,,,free,1,,,#capcut,1,,,,,caramelized,6
,,,,,,,,,,,,,,,fresh,1,,,#caramel,1,,,,,center,6
,,,,,,,,,,,,,,,friday,1,,,#carbonoodles,1,,,,,cheesecake,6
,,,,,,,,,,,,,,,fridge,1,,,#carlosbakery,1,,,,,cherry,6
,,,,,,,,,,,,,,,friends,1,,,#carnation,1,,,,,choice,6
,,,,,,,,,,,,,,,"friendsgiving,",1,,,#carne,1,,,,,cilantro,6
,,,,,,,,,,,,,,,friend’s,1,,,#carnemechada,1,,,,,click,6
,,,,,,,,,,,,,,,fry,1,,,#carnivore,1,,,,,come,6
,,,,,,,,,,,,,,,ft,1,,,#carros,1,,,,,cookbook,6
,,,,,,,,,,,,,,,fudgey,1,,,#carrot,1,,,,,cooker,6
,,,,,,,,,,,,,,,fudgy,1,,,#carrotcake,1,,,,,corn,6
,,,,,,,,,,,,,,,full,1,,,#carrotsalad,1,,,,,crispy.,6
,,,,,,,,,,,,,,,game',1,,,#castellacake,1,,,,,cucumbers,6
,,,,,,,,,,,,,,,garlic-honey,1,,,#catmeme,1,,,,,degrees,6
,,,,,,,,,,,,,,,gelmi̇şş,1,,,#catsoftiktok,1,,,,,depending,6
,,,,,,,,,,,,,,,geode,1,,,#celery,1,,,,,dijon,6
,,,,,,,,,,,,,,,gluten,1,,,#chaofan,1,,,,,does,6
,,,,,,,,,,,,,,,goat,1,,,#charcuterieboard,1,,,,,doritos,6
,,,,,,,,,,,,,,,golden,1,,,#charlotte,1,,,,,"eggs,",6
,,,,,,,,,,,,,,,good,1,,,#cheapdinnerideas,1,,,,,eggs.,6
,,,,,,,,,,,,,,,gourmand,1,,,#cheapmealsonabudget,1,,,,,ever,6
,,,,,,,,,,,,,,,gummies,1,,,#cheesebread,1,,,,,every,6
,,,,,,,,,,,,,,,hack,1,,,#cheeseburger,1,,,,,favorite,6
,,,,,,,,,,,,,,,hack',1,,,#cheesegarlicrolls,1,,,,,feta,6
,,,,,,,,,,,,,,,hair,1,,,#cheeselover,1,,,,,follow,6
,,,,,,,,,,,,,,,ham,1,,,#cheeseplatter,1,,,,,freezing,6
,,,,,,,,,,,,,,,hambungen,1,,,#cheesepull,1,,,,,ginger,6
,,,,,,,,,,,,,,,hancurin?,1,,,#cheesewheel,1,,,,,"hot,",6
,,,,,,,,,,,,,,,happened,1,,,#cheesewheelpasta,1,,,,,hours,6
,,,,,,,,,,,,,,,happens,1,,,#chefcuisinier,1,,,,,ice,6
,,,,,,,,,,,,,,,happy,1,,,#chefmode,1,,,,,it.,6
,,,,,,,,,,,,,,,happy',1,,,#chewybrownies,1,,,,,it:,6
,,,,,,,,,,,,,,,he,1,,,#chezkarima,1,,,,,jelly,6
,,,,,,,,,,,,,,,healthaholic,1,,,#chezkarimacuisine,1,,,,,kids,6
,,,,,,,,,,,,,,,heart,1,,,#chickenalfredopastarecipe,1,,,,,later,6
,,,,,,,,,,,,,,,hello,1,,,#chickenbowl,1,,,,,leave,6
,,,,,,,,,,,,,,,helper',1,,,#chickencaesarsalad,1,,,,,line,6
,,,,,,,,,,,,,,,her',1,,,#chickencrustpizza,1,,,,,loaf,6
,,,,,,,,,,,,,,,here,1,,,#chickencutlets,1,,,,,lunch,6
,,,,,,,,,,,,,,,he’ll,1,,,#chickenkatsu,1,,,,,mac,6
,,,,,,,,,,,,,,,he’s,1,,,#chickenkatsucurry,1,,,,,many,6
,,,,,,,,,,,,,,,him,1,,,#chickenpotpie,1,,,,,mash,6
,,,,,,,,,,,,,,,holding,1,,,#chickensliders,1,,,,,mixed,6
,,,,,,,,,,,,,,,holy,1,,,#chickensoup,1,,,,,mixer,6
,,,,,,,,,,,,,,,home',1,,,#chickentacos,1,,,,,"mozzarella,",6
,,,,,,,,,,,,,,,hope,1,,,#chickentok,1,,,,,oat,6
,,,,,,,,,,,,,,,horchata!',1,,,#chipotle,1,,,,,open,6
,,,,,,,,,,,,,,,house,1,,,#chipshack,1,,,,,paper.,6
,,,,,,,,,,,,,,,hp',1,,,#chocolatebar,1,,,,,"paprika,",6
,,,,,,,,,,,,,,,hurry',1,,,#chocolatebark,1,,,,,paprika.,6
,,,,,,,,,,,,,,,hurting,1,,,#chocolatecake,1,,,,,post,6
,,,,,,,,,,,,,,,husband,1,,,#chocolatechipcookie,1,,,,,"pot,",6
,,,,,,,,,,,,,,,husband:,1,,,#chocolatechiprecipe,1,,,,,powdered,6
,,,,,,,,,,,,,,,hyperpigmentation,1,,,#chocolatedessert,1,,,,,preps,6
,,,,,,,,,,,,,,,ice,1,,,#chocolatedesserts,1,,,,,really,6
,,,,,,,,,,,,,,,icing,1,,,#chocolatemousse,1,,,,,say,6
,,,,,,,,,,,,,,,idea✨✨',1,,,#chocolatemuffin,1,,,,,semi-sweet,6
,,,,,,,,,,,,,,,idk,1,,,#chocolatepancakes,1,,,,,send,6
,,,,,,,,,,,,,,,if,1,,,#chocolaterecipe,1,,,,,serves,6
,,,,,,,,,,,,,,,illegal,1,,,#chocolaterolls,1,,,,,sheets,6
,,,,,,,,,,,,,,,im,1,,,#chocolatestrawberries,1,,,,,sit,6
,,,,,,,,,,,,,,,important,1,,,#chocolatetruffles,1,,,,,slagroom,6
,,,,,,,,,,,,,,,in-laws,1,,,#chosenpartner,1,,,,,slow,6
,,,,,,,,,,,,,,,incoming',1,,,#chowking,1,,,,,smooth.,6
,,,,,,,,,,,,,,,increases,1,,,#christmasinspo,1,,,,,spam®,6
,,,,,,,,,,,,,,,ingredienser',1,,,#christmasrecipe,1,,,,,spinach,6
,,,,,,,,,,,,,,,ingredients?',1,,,#christmasrecipes,1,,,,,start,6
,,,,,,,,,,,,,,,inspired,1,,,#christmastok,1,,,,,stay,6
,,,,,,,,,,,,,,,inspo,1,,,#christmastree,1,,,,,steam,6
,,,,,,,,,,,,,,,instead,1,,,#churros,1,,,,,stock,6
,,,,,,,,,,,,,,,isn’t,1,,,#cilantrolime,1,,,,,such,6
,,,,,,,,,,,,,,,italian,1,,,#cinnabun,1,,,,,sun,6
,,,,,,,,,,,,,,,japanese,1,,,#cinnamonbuns,1,,,,,tacos,6
,,,,,,,,,,,,,,,jellouglygood,1,,,#cinnamonfrenchtoast,1,,,,,taste.,6
,,,,,,,,,,,,,,,job,1,,,#cinnamonfrenchtoastrecipe,1,,,,,tin,6
,,,,,,,,,,,,,,,just...,1,,,#cinnamonfrenchtoastrolls,1,,,,,topping,6
,,,,,,,,,,,,,,,kat,1,,,#cinnamonfrenchtoaststicks,1,,,,,un,6
,,,,,,,,,,,,,,,katsu,1,,,#cinnamonroll,1,,,,,und,6
,,,,,,,,,,,,,,,kcals,1,,,#cinnamonrollrecipe,1,,,,,vegetables,6
,,,,,,,,,,,,,,,kebabs,1,,,#cleaneating,1,,,,,veggies,6
,,,,,,,,,,,,,,,keens,1,,,#cocina,1,,,,,which,6
,,,,,,,,,,,,,,,kek,1,,,#cocinaconmigo,1,,,,,whites,6
,,,,,,,,,,,,,,,ketchup,1,,,#coffeejelly,1,,,,,worcestershire,6
,,,,,,,,,,,,,,,keto,1,,,#coke,1,,,,,x,6
,,,,,,,,,,,,,,,kfc',1,,,#coleman,1,,,,,you’ll,6
,,,,,,,,,,,,,,,kid's,1,,,#colemanpartner,1,,,,,для,6
,,,,,,,,,,,,,,,"kid,",1,,,#comebien,1,,,,,⬇️,6
,,,,,,,,,,,,,,,kidnapped,1,,,#comidacaseira,1,,,,,🍝,6
,,,,,,,,,,,,,,,kids,1,,,#comidamexicana,1,,,,,#food,5
,,,,,,,,,,,,,,,kids!,1,,,#comidasaludable,1,,,,,#pasta,5
,,,,,,,,,,,,,,,kilos',1,,,#cookiebites,1,,,,,(200g),5
,,,,,,,,,,,,,,,kirbyyy,1,,,#cookiedoughbark,1,,,,,(link,5
,,,,,,,,,,,,,,,kit!',1,,,#cookiemonster,1,,,,,10-15,5
,,,,,,,,,,,,,,,know,1,,,#cookiepie,1,,,,,150,5
,,,,,,,,,,,,,,,kok,1,,,#cookierecipe,1,,,,,16,5
,,,,,,,,,,,,,,,korean,1,,,#cookiesoftiktok,1,,,,,160g,5
,,,,,,,,,,,,,,,kue,1,,,#cookiesrecipe,1,,,,,180c,5
,,,,,,,,,,,,,,,l'as,1,,,#cookievideo,1,,,,,200,5
,,,,,,,,,,,,,,,language,1,,,#cookingathometiktoktv,1,,,,,4-5,5
,,,,,,,,,,,,,,,lasagna,1,,,#cookingforlove,1,,,,,5-7,5
,,,,,,,,,,,,,,,lasagne,1,,,#cookinghack,1,,,,,6-8,5
,,,,,,,,,,,,,,,last,1,,,#cookinghacks,1,,,,,70g,5
,,,,,,,,,,,,,,,learn,1,,,#cookingskills,1,,,,,additional,5
,,,,,,,,,,,,,,,learned,1,,,#cookontiktok,1,,,,,ai,5
,,,,,,,,,,,,,,,lechuga,1,,,#cornsalad,1,,,,,"beans,",5
,,,,,,,,,,,,,,,leci',1,,,#couple,1,,,,,beat,5
,,,,,,,,,,,,,,,left,1,,,#cozy,1,,,,,becomes,5
,,,,,,,,,,,,,,,lemonies,1,,,#cozyfood,1,,,,,"breast,",5
,,,,,,,,,,,,,,,let’s,1,,,#cozymeals,1,,,,,brownies,5
,,,,,,,,,,,,,,,levain,1,,,#cravingsatisfied,1,,,,,buns,5
,,,,,,,,,,,,,,,lexus,1,,,#creamychickenalfredo,1,,,,,cajun,5
,,,,,,,,,,,,,,,life-changing,1,,,#creamychickenpasta,1,,,,,calorie,5
,,,,,,,,,,,,,,,liking,1,,,#creamygarlicpasta,1,,,,,cane’s,5
,,,,,,,,,,,,,,,long,1,,,#creamytortellinisausagesoup,1,,,,,carefully,5
,,,,,,,,,,,,,,,longest,1,,,#creamytortellinisoup,1,,,,,carne,5
,,,,,,,,,,,,,,,looked,1,,,#crispypasta,1,,,,,"carrots,",5
,,,,,,,,,,,,,,,love,1,,,#crockpot,1,,,,,chips.,5
,,,,,,,,,,,,,,,love',1,,,#croissant,1,,,,,chocolate.,5
,,,,,,,,,,,,,,,low,1,,,#croquemonsieur,1,,,,,"cloves,",5
,,,,,,,,,,,,,,,lower,1,,,#crumblcookies,1,,,,,comfort,5
,,,,,,,,,,,,,,,lumpiang,1,,,#crunch,1,,,,,continue,5
,,,,,,,,,,,,,,,lunchbox,1,,,#cuestadeenero,1,,,,,cool.,5
,,,,,,,,,,,,,,,m&m,1,,,#cupcakebouquet,1,,,,,cracker,5
,,,,,,,,,,,,,,,mac,1,,,#dad,1,,,,,"creamy,",5
,,,,,,,,,,,,,,,mac&cheese,1,,,#darkarts,1,,,,,"delicious,",5
,,,,,,,,,,,,,,,mad,1,,,#darkchocolate,1,,,,,dessert,5
,,,,,,,,,,,,,,,makes,1,,,#darkchocolatemousse,1,,,,,dip,5
,,,,,,,,,,,,,,,mamá,1,,,#dates,1,,,,,du,5
,,,,,,,,,,,,,,,market,1,,,#december,1,,,,,edges,5
,,,,,,,,,,,,,,,matcha,1,,,#deliciousfood,1,,,,,el,5
,,,,,,,,,,,,,,,mayo!),1,,,#delmonte,1,,,,,eno,5
,,,,,,,,,,,,,,,mayo',1,,,#dessertfacile,1,,,,,es,5
,,,,,,,,,,,,,,,mccormick,1,,,#dessertrecipe,1,,,,,filling:,5
,,,,,,,,,,,,,,,me:',1,,,#dessertsanscuisson,1,,,,,fold,5
,,,,,,,,,,,,,,,me?',1,,,#diddyparty,1,,,,,fragrant.,5
,,,,,,,,,,,,,,,mean,1,,,#diet,1,,,,,frying,5
,,,,,,,,,,,,,,,mechada,1,,,#dinnermadeeasy,1,,,,,game,5
,,,,,,,,,,,,,,,mediterranean,1,,,#dinnerrecipe,1,,,,,garlic.,5
,,,,,,,,,,,,,,,meringue,1,,,#dips,1,,,,,garnish),5
,,,,,,,,,,,,,,,mess,1,,,#disney,1,,,,,guys,5
,,,,,,,,,,,,,,,message,1,,,#diycandy,1,,,,,he,5
,,,,,,,,,,,,,,,mesti,1,,,#doritosloaded,1,,,,,het,5
,,,,,,,,,,,,,,,miahomecatfe',1,,,#doritosrecipes,1,,,,,holiday,5
,,,,,,,,,,,,,,,milk!',1,,,#doublechocolatemuffin,1,,,,,home,5
,,,,,,,,,,,,,,,min,1,,,#dough,1,,,,,hour.,5
,,,,,,,,,,,,,,,min',1,,,#drpepper,1,,,,,"hungry,",5
,,,,,,,,,,,,,,,minikeksit,1,,,#dubaichocolate,1,,,,,icing,5
,,,,,,,,,,,,,,,mins,1,,,#dyi,1,,,,,i’ve,5
,,,,,,,,,,,,,,,minutes,1,,,#easiestrecipe,1,,,,,kerrygold,5
,,,,,,,,,,,,,,,minutes',1,,,#easteregg,1,,,,,knead,5
,,,,,,,,,,,,,,,mixtape,1,,,#easyappetizer,1,,,,,layers,5
,,,,,,,,,,,,,,,mochi,1,,,#easycook,1,,,,,least,5
,,,,,,,,,,,,,,,mojito',1,,,#easycooking,1,,,,,leaving,5
,,,,,,,,,,,,,,,monster,1,,,#easymealprep,1,,,,,less,5
,,,,,,,,,,,,,,,month,1,,,#easymeals,1,,,,,lightly,5
,,,,,,,,,,,,,,,months,1,,,#easyrecipeideas,1,,,,,liquid,5
,,,,,,,,,,,,,,,montrer,1,,,#easyrecipetutorials,1,,,,,long,5
,,,,,,,,,,,,,,,more,1,,,#easysalmonrecipe,1,,,,,look,5
,,,,,,,,,,,,,,,"morning,",1,,,#easysnack,1,,,,,mangoes,5
,,,,,,,,,,,,,,,mousse,1,,,#easysnacksideas,1,,,,,marinade,5
,,,,,,,,,,,,,,,muffin',1,,,#easysweetrecipes,1,,,,,mayonnaise,5
,,,,,,,,,,,,,,,muffins,1,,,#eatclean,1,,,,,"milk,",5
,,,,,,,,,,,,,,,mukbanger',1,,,#eathealthy,1,,,,,mustard,5
,,,,,,,,,,,,,,,must,1,,,#eating,1,,,,,next,5
,,,,,,,,,,,,,,,naan,1,,,#eatmeerecipes,1,,,,,nutrition,5
,,,,,,,,,,,,,,,nacho,1,,,#ediblecookiedough,1,,,,,"onions,",5
,,,,,,,,,,,,,,,nachos.',1,,,#effortiseverything,1,,,,,oreo,5
,,,,,,,,,,,,,,,nana’s,1,,,#eggless,1,,,,,pancakes,5
,,,,,,,,,,,,,,,national,1,,,#egglessbaking,1,,,,,pancetta,5
,,,,,,,,,,,,,,,need',1,,,#egglesscookies,1,,,,,panko,5
,,,,,,,,,,,,,,,nephew,1,,,#egglessrecipe,1,,,,,"pasta,",5
,,,,,,,,,,,,,,,nerds,1,,,#eggplantsalad,1,,,,,pasta.,5
,,,,,,,,,,,,,,,network,1,,,#eggwrap,1,,,,,peppers,5
,,,,,,,,,,,,,,,next,1,,,#einfacherezepte,1,,,,,pesto,5
,,,,,,,,,,,,,,,ni,1,,,#elixer,1,,,,,plain,5
,,,,,,,,,,,,,,,ninja,1,,,#enokimushroom,1,,,,,purpose,5
,,,,,,,,,,,,,,,nobody,1,,,#ensalada,1,,,,,ranch,5
,,,,,,,,,,,,,,,noodle,1,,,#entertaining,1,,,,,"recipe,",5
,,,,,,,,,,,,,,,noodles',1,,,#envisiongreatness,1,,,,,repeat,5
,,,,,,,,,,,,,,,not',1,,,#escincauleci,1,,,,,reserved,5
,,,,,,,,,,,,,,,nous,1,,,#everyday,1,,,,,right,5
,,,,,,,,,,,,,,,nutellakakor,1,,,#extremeeatery,1,,,,,saucepan,5
,,,,,,,,,,,,,,,nutribullet,1,,,#facile,1,,,,,se,5
,,,,,,,,,,,,,,,nutrients,1,,,#falldinner,1,,,,,search,5
,,,,,,,,,,,,,,,nya,1,,,#fallrecipe,1,,,,,sent,5
,,,,,,,,,,,,,,,oat,1,,,#fallseason,1,,,,,shake,5
,,,,,,,,,,,,,,,oatmeal',1,,,#fallsoup,1,,,,,simply,5
,,,,,,,,,,,,,,,oats,1,,,#falltreats,1,,,,,slowly,5
,,,,,,,,,,,,,,,oil,1,,,#familymeals,1,,,,,"soda,",5
,,,,,,,,,,,,,,,oil',1,,,#fancyrestaurantsmelbourne,1,,,,,"spinach,",5
,,,,,,,,,,,,,,,ol,1,,,#fasrfoodlover,1,,,,,stick,5
,,,,,,,,,,,,,,,one',1,,,#fastrecipe,1,,,,,string,5
,,,,,,,,,,,,,,,onigiri',1,,,#fathersday,1,,,,,sweetcorn,5
,,,,,,,,,,,,,,,onion,1,,,#feijao,1,,,,,sweetener,5
,,,,,,,,,,,,,,,onion',1,,,#feijaocomlegumes,1,,,,,tastes,5
,,,,,,,,,,,,,,,onto,1,,,#festive,1,,,,,tasty!,5
,,,,,,,,,,,,,,,oops,1,,,#fettuccinealfredo,1,,,,,tbsp.,5
,,,,,,,,,,,,,,,oozing,1,,,#filipinofoodmovement,1,,,,,their,5
,,,,,,,,,,,,,,,organisation,1,,,#finediningmelbourne,1,,,,,thick,5
,,,,,,,,,,,,,,,our,1,,,#firstfoods,1,,,,,this?,5
,,,,,,,,,,,,,,,over,1,,,#firstorder,1,,,,,together.,5
,,,,,,,,,,,,,,,pack,1,,,#flipping,1,,,,,tortellini,5
,,,,,,,,,,,,,,,painting,1,,,#floralcupcaketutorial,1,,,,,tortillas,5
,,,,,,,,,,,,,,,pan',1,,,#following,1,,,,,turmeric,5
,,,,,,,,,,,,,,,pancake,1,,,#fondant,1,,,,,ur,5
,,,,,,,,,,,,,,,papa',1,,,#foodart,1,,,,,"vinegar,",5
,,,,,,,,,,,,,,,papas,1,,,#foodasmr,1,,,,,wash,5
,,,,,,,,,,,,,,,paper,1,,,#foodblog,1,,,,,"water,",5
,,,,,,,,,,,,,,,parmesan',1,,,#foodbylaila,1,,,,,week,5
,,,,,,,,,,,,,,,part4/cheat's,1,,,#fooddolls,1,,,,,work,5
,,,,,,,,,,,,,,,passion,1,,,#foodfyp,1,,,,,yang,5
,,,,,,,,,,,,,,,"pasta?""",1,,,#foodhacks,1,,,,,yes,5
,,,,,,,,,,,,,,,pastachips',1,,,#foodideas,1,,,,,"yogurt,",5
,,,,,,,,,,,,,,,pasta😋',1,,,#foodiemy,1,,,,,yolks,5
,,,,,,,,,,,,,,,patatas,1,,,#foodieph,1,,,,,идея,5
,,,,,,,,,,,,,,,peach,1,,,#foodietokph,1,,,,,ثوم,5
,,,,,,,,,,,,,,,peanut,1,,,#foodmarket,1,,,,,→,5
,,,,,,,,,,,,,,,peel,1,,,#foodontiktok,1,,,,,🍫,5
,,,,,,,,,,,,,,,people,1,,,#foodporn,1,,,,,😂,5
,,,,,,,,,,,,,,,pepper,1,,,#foodrecipes,1,,,,,🥰,5
,,,,,,,,,,,,,,,pepper',1,,,#foodreview,1,,,,,#easyrecipe,4
,,,,,,,,,,,,,,,"pepper,",1,,,#foodreviewph,1,,,,,#foryou,4
,,,,,,,,,,,,,,,picanha',1,,,#foodsounds,1,,,,,(6,4
,,,,,,,,,,,,,,,pies',1,,,#foodtiktokph,1,,,,,(about,4
,,,,,,,,,,,,,,,pimentée😱😱',1,,,#foodtour,1,,,,,(and,4
,,,,,,,,,,,,,,,pinakbet',1,,,#foodvideo,1,,,,,(melted),4
,,,,,,,,,,,,,,,pineapple,1,,,#foodwaste,1,,,,,(optional,4
,,,,,,,,,,,,,,,pistachio,1,,,#football,1,,,,,(we,4
,,,,,,,,,,,,,,,pizza',1,,,#for,1,,,,,),4
,,,,,,,,,,,,,,,planet,1,,,#forher,1,,,,,0.5,4
,,,,,,,,,,,,,,,please,1,,,#foru,1,,,,,100+,4
,,,,,,,,,,,,,,,popcorn,1,,,#foryou#coach,1,,,,,15-20,4
,,,,,,,,,,,,,,,popular,1,,,#foryoupage❤️❤️,1,,,,,170°c,4
,,,,,,,,,,,,,,,posting',1,,,#foyoupage,1,,,,,180°c.,4
,,,,,,,,,,,,,,,potatoes,1,,,#frenchtoast,1,,,,,200c,4
,,,,,,,,,,,,,,,potatoes',1,,,#frenchtoastrecipe,1,,,,,25-30,4
,,,,,,,,,,,,,,,pourrais,1,,,#fridgeorganization,1,,,,,250,4
,,,,,,,,,,,,,,,practice,1,,,#fridgerestock,1,,,,,250g,4
,,,,,,,,,,,,,,,pretty,1,,,#friedrice,1,,,,,300g,4
,,,,,,,,,,,,,,,private,1,,,#friedsushi,1,,,,,350°f,4
,,,,,,,,,,,,,,,pro,1,,,#fries,1,,,,,500g,4
,,,,,,,,,,,,,,,pro',1,,,#frosting,1,,,,,8-10,4
,,,,,,,,,,,,,,,probably,1,,,#frozenburrito,1,,,,,@knorr,4
,,,,,,,,,,,,,,,professional,1,,,#fruitpeel,1,,,,,actually,4
,,,,,,,,,,,,,,,pub,1,,,#frühstückfürkinder,1,,,,,"again,",4
,,,,,,,,,,,,,,,puffs,1,,,#fudgy,1,,,,,aged,4
,,,,,,,,,,,,,,,pumpkin,1,,,#fudgybrownies,1,,,,,air-fryer,4
,,,,,,,,,,,,,,,python,1,,,#fussyeaters,1,,,,,airfryer,4
,,,,,,,,,,,,,,,på,1,,,#futuremenus,1,,,,,al,4
,,,,,,,,,,,,,,,que,1,,,#futuremenus2024,1,,,,,aleppo,4
,,,,,,,,,,,,,,,queda,1,,,#fypdongggggggg,1,,,,,am,4
,,,,,,,,,,,,,,,"quick,",1,,,#fypindonesia,1,,,,,anything,4
,,,,,,,,,,,,,,,ramadan,1,,,#fypppppppppppppp,1,,,,,app,4
,,,,,,,,,,,,,,,ranch,1,,,#fyppppppppppppppppppppppp,1,,,,,asmr,4
,,,,,,,,,,,,,,,random,1,,,#fypシ゚,1,,,,,available,4
,,,,,,,,,,,,,,,randy,1,,,#galric,1,,,,,"avocado,",4
,,,,,,,,,,,,,,,ratatouille,1,,,#game,1,,,,,avoid,4
,,,,,,,,,,,,,,,ratio,1,,,#ganache,1,,,,,bag,4
,,,,,,,,,,,,,,,react,1,,,#garlicbread,1,,,,,beautiful,4
,,,,,,,,,,,,,,,real?',1,,,#garlichoney,1,,,,,because,4
,,,,,,,,,,,,,,,realistic,1,,,#garlicnaan,1,,,,,bechamel,4
,,,,,,,,,,,,,,,reason,1,,,#garlicparemsan,1,,,,,big,4
,,,,,,,,,,,,,,,red,1,,,#garlicpotatoes,1,,,,,blender,4
,,,,,,,,,,,,,,,relajar',1,,,#garlicrolls,1,,,,,blender.,4
,,,,,,,,,,,,,,,restaurant',1,,,#gateau,1,,,,,bloomed,4
,,,,,,,,,,,,,,,restock',1,,,#gilmoregirlsedits,1,,,,,bouillon,4
,,,,,,,,,,,,,,,restocks,1,,,#gilmoregirlstiktok,1,,,,,breakfast?,4
,,,,,,,,,,,,,,,reusable,1,,,#gimmedelicious,1,,,,,build,4
,,,,,,,,,,,,,,,rice',1,,,#ginger,1,,,,,burger,4
,,,,,,,,,,,,,,,rich,1,,,#gingerjuice,1,,,,,burritos),4
,,,,,,,,,,,,,,,roasted,1,,,#gingerlemonshot,1,,,,,caesar,4
,,,,,,,,,,,,,,,roll,1,,,#gingershot,1,,,,,call,4
,,,,,,,,,,,,,,,rolls',1,,,#girldinner,1,,,,,chicken.,4
,,,,,,,,,,,,,,,roommates,1,,,#girlvsfood,1,,,,,chili,4
,,,,,,,,,,,,,,,round,1,,,#glowup,1,,,,,chinese,4
,,,,,,,,,,,,,,,routine',1,,,#glutenfree,1,,,,,"chocolate,",4
,,,,,,,,,,,,,,,rumah,1,,,#gnocchi,1,,,,,christmas,4
,,,,,,,,,,,,,,,röllchen',1,,,#goodeats,1,,,,,cincau,4
,,,,,,,,,,,,,,,s'mores,1,,,#goodfood,1,,,,,combine.,4
,,,,,,,,,,,,,,,sago',1,,,#goodmorning,1,,,,,comes,4
,,,,,,,,,,,,,,,salads',1,,,#gotobreakfast,1,,,,,cornflour,4
,,,,,,,,,,,,,,,sale,1,,,#grandmasrecipe,1,,,,,"cornstarch,",4
,,,,,,,,,,,,,,,"salmon',",1,,,#granola,1,,,,,crumbs,4
,,,,,,,,,,,,,,,salted,1,,,#graza,1,,,,,crust,4
,,,,,,,,,,,,,,,same,1,,,#grillamericano,1,,,,,cumin,4
,,,,,,,,,,,,,,,sand,1,,,#grow,1,,,,,db,4
,,,,,,,,,,,,,,,sandwich',1,,,#gummy,1,,,,,deep,4
,,,,,,,,,,,,,,,sans,1,,,#gummyclusters,1,,,,,dipping,4
,,,,,,,,,,,,,,,santel,1,,,#gymfood,1,,,,,dishes,4
,,,,,,,,,,,,,,,sauce.',1,,,#hacks,1,,,,,dl,4
,,,,,,,,,,,,,,,sausages',1,,,#halloweenideas,1,,,,,dm,4
,,,,,,,,,,,,,,,school',1,,,#halloweenrecipe,1,,,,,done,4
,,,,,,,,,,,,,,,sea,1,,,#halloweenvibes,1,,,,,easier,4
,,,,,,,,,,,,,,,second,1,,,#hamburgerhelper,1,,,,,easiest,4
,,,,,,,,,,,,,,,seconds,1,,,#happyholidays,1,,,,,enough,4
,,,,,,,,,,,,,,,selected,1,,,#harrypotter,1,,,,,fan,4
,,,,,,,,,,,,,,,send',1,,,#hate,1,,,,,far,4
,,,,,,,,,,,,,,,series',1,,,#healthfood,1,,,,,feel,4
,,,,,,,,,,,,,,,sesame,1,,,#healthybreakfastrecipes,1,,,,,finally,4
,,,,,,,,,,,,,,,shakshuka,1,,,#healthydinner,1,,,,,fingers,4
,,,,,,,,,,,,,,,share,1,,,#healthyeating,1,,,,,finish,4
,,,,,,,,,,,,,,,shaved,1,,,#healthylunchideas,1,,,,,flip,4
,,,,,,,,,,,,,,,shawarma',1,,,#healthypancakes,1,,,,,flour.,4
,,,,,,,,,,,,,,,sheba',1,,,#healthysauces,1,,,,,foil,4
,,,,,,,,,,,,,,,sheet,1,,,#healthysnackideas,1,,,,,friends,4
,,,,,,,,,,,,,,,shit,1,,,#healthysnackrecipes,1,,,,,fruit,4
,,,,,,,,,,,,,,,shots,1,,,#heartcake,1,,,,,fudgy,4
,,,,,,,,,,,,,,,should,1,,,#hellmannspartner,1,,,,,fully,4
,,,,,,,,,,,,,,,show,1,,,#holidaycountdown,1,,,,,giorgiapaino,4
,,,,,,,,,,,,,,,showing,1,,,#holidayfood,1,,,,,glutinous,4
,,,,,,,,,,,,,,,shrimp,1,,,#holidayinspo,1,,,,,good!,4
,,,,,,,,,,,,,,,sign,1,,,#homebaker,1,,,,,google,4
,,,,,,,,,,,,,,,single,1,,,#homebaking,1,,,,,gradually,4
,,,,,,,,,,,,,,,sisig',1,,,#homecookedfood,1,,,,,grease,4
,,,,,,,,,,,,,,,slices,1,,,#homefinds,1,,,,,had,4
,,,,,,,,,,,,,,,slider,1,,,#homehacks,1,,,,,happy,4
,,,,,,,,,,,,,,,slow,1,,,#honestreview,1,,,,,hazelnut,4
,,,,,,,,,,,,,,,smashed,1,,,#honeychicken,1,,,,,head,4
,,,,,,,,,,,,,,,snack',1,,,#honeygarlic,1,,,,,ideas,4
,,,,,,,,,,,,,,,snackplatte',1,,,#hot,1,,,,,im,4
,,,,,,,,,,,,,,,snickers,1,,,#hotdogbun,1,,,,,important,4
,,,,,,,,,,,,,,,soft,1,,,#hothoney,1,,,,,incorporated.,4
,,,,,,,,,,,,,,,solid!',1,,,#hothoneychicken,1,,,,,ingredient,4
,,,,,,,,,,,,,,,someone’s,1,,,#howtobake,1,,,,,instant,4
,,,,,,,,,,,,,,,something',1,,,#howtomakerice,1,,,,,jack,4
,,,,,,,,,,,,,,,sonunda,1,,,#hpaipc,1,,,,,je,4
,,,,,,,,,,,,,,,sopa,1,,,#hpspectre,1,,,,,"juice,",4
,,,,,,,,,,,,,,,sorbet',1,,,#humor,1,,,,,ketchup,4
,,,,,,,,,,,,,,,sounds,1,,,#hungry,1,,,,,layer:,4
,,,,,,,,,,,,,,,spaghetti,1,,,#husbandslunch,1,,,,,leci,4
,,,,,,,,,,,,,,,spain,1,,,#hyperpigmentation,1,,,,,lettuce,4
,,,,,,,,,,,,,,,speaks,1,,,#idea,1,,,,,lid,4
,,,,,,,,,,,,,,,spiderwebs,1,,,#ideerecette,1,,,,,life,4
,,,,,,,,,,,,,,,spinach,1,,,#idolcheesedog,1,,,,,lined,4
,,,,,,,,,,,,,,,spooky,1,,,#idolicious,1,,,,,liquide,4
,,,,,,,,,,,,,,,spring,1,,,#idéerecette,1,,,,,list:,4
,,,,,,,,,,,,,,,squid,1,,,#indianfood,1,,,,,loaded,4
,,,,,,,,,,,,,,,stack,1,,,#indofoodfreisssquash,1,,,,,longer,4
,,,,,,,,,,,,,,,started,1,,,#inoxtag,1,,,,,macros,4
,,,,,,,,,,,,,,,station',1,,,#instagood,1,,,,,maja,4
,,,,,,,,,,,,,,,steak',1,,,#intelcoreultra,1,,,,,make!,4
,,,,,,,,,,,,,,,"steak,",1,,,#intelevo,1,,,,,mango,4
,,,,,,,,,,,,,,,steak:,1,,,#interestig,1,,,,,marshmallows,4
,,,,,,,,,,,,,,,still,1,,,#isbirliği,1,,,,,may,4
,,,,,,,,,,,,,,,stir,1,,,#istanbul,1,,,,,mayo,4
,,,,,,,,,,,,,,,stitch,1,,,#işbirliği,1,,,,,meringue,4
,,,,,,,,,,,,,,,stop,1,,,#jellobrain,1,,,,,min.,4
,,,,,,,,,,,,,,,stp?',1,,,#jellouglygood,1,,,,,"mixture,",4
,,,,,,,,,,,,,,,strawberries,1,,,#jellygoodtimes,1,,,,,mixture:,4
,,,,,,,,,,,,,,,street,1,,,#jordan,1,,,,,más,4
,,,,,,,,,,,,,,,stress,1,,,#juice,1,,,,,needed,4
,,,,,,,,,,,,,,,stressed,1,,,#juicerecipe,1,,,,,needs,4
,,,,,,,,,,,,,,,stromboli',1,,,#juiceshot,1,,,,,neutral,4
,,,,,,,,,,,,,,,strong,1,,,#juicing,1,,,,,note:,4
,,,,,,,,,,,,,,,super,1,,,#kahvalti,1,,,,,now,4
,,,,,,,,,,,,,,,supreme',1,,,#kaka,1,,,,,optional,4
,,,,,,,,,,,,,,,sushi,1,,,#katinaeatskilos,1,,,,,other,4
,,,,,,,,,,,,,,,sweetcorn,1,,,#kek,1,,,,,ounces,4
,,,,,,,,,,,,,,,só,1,,,#kekfluffy,1,,,,,outside,4
,,,,,,,,,,,,,,,taco,1,,,#keksitaikina,1,,,,,overmix.,4
,,,,,,,,,,,,,,,tacos?',1,,,#ketchup,1,,,,,own,4
,,,,,,,,,,,,,,,take,1,,,#ketocookies,1,,,,,pack,4
,,,,,,,,,,,,,,,taquitos,1,,,#kidsbreakfast,1,,,,,packed,4
,,,,,,,,,,,,,,,tarts,1,,,#kidslunchideas,1,,,,,para,4
,,,,,,,,,,,,,,,tasty,1,,,#kidssnack,1,,,,,"parmesan,",4
,,,,,,,,,,,,,,,taught,1,,,#kinderbuenotiramisu,1,,,,,paste.,4
,,,,,,,,,,,,,,,teddy,1,,,#kindercheesecake,1,,,,,peel,4
,,,,,,,,,,,,,,,tell,1,,,#kirbyyy,1,,,,,perfectly,4
,,,,,,,,,,,,,,,telur,1,,,#kitchenhack,1,,,,,pistachio,4
,,,,,,,,,,,,,,,tempering',1,,,#kitkat,1,,,,,platform,4
,,,,,,,,,,,,,,,tempura',1,,,#knafeh#whatsyourfix#fixdessertchocolatierlate,1,,,,,please,4
,,,,,,,,,,,,,,,temu,1,,,#knorrpartner,1,,,,,plus,4
,,,,,,,,,,,,,,,tested,1,,,#knorrtwist #chillilime,1,,,,,pot.,4
,,,,,,,,,,,,,,,thank,1,,,#knorrçabuk,1,,,,,"potatoes,",4
,,,,,,,,,,,,,,,that's,1,,,#kookmutsjes,1,,,,,powder.,4
,,,,,,,,,,,,,,,them,1,,,#korean,1,,,,,prepping,4
,,,,,,,,,,,,,,,thing..,1,,,#koreanfood,1,,,,,rack,4
,,,,,,,,,,,,,,,"thirty,",1,,,#koreanfriedchicken,1,,,,,refrigerate,4
,,,,,,,,,,,,,,,this?,1,,,#koreanpopcornchicken,1,,,,,reserve,4
,,,,,,,,,,,,,,,thriving!',1,,,#kpop,1,,,,,rise,4
,,,,,,,,,,,,,,,tickling,1,,,#krogerholiday,1,,,,,scoop,4
,,,,,,,,,,,,,,,tiktok,1,,,#krogersharefoodsharelove,1,,,,,seasoned,4
,,,,,,,,,,,,,,,tiktok',1,,,#lalecherausa,1,,,,,seconds,4
,,,,,,,,,,,,,,,time,1,,,#lazygirl,1,,,,,serve.,4
,,,,,,,,,,,,,,,time?',1,,,#leanontiktok,1,,,,,shallots,4
,,,,,,,,,,,,,,,tinga',1,,,#leivontavinkit,1,,,,,shape,4
,,,,,,,,,,,,,,,to',1,,,#leivontavinkki,1,,,,,share,4
,,,,,,,,,,,,,,,toasts,1,,,#lemoncake,1,,,,,shop,4
,,,,,,,,,,,,,,,today',1,,,#lemondessert,1,,,,,shopping,4
,,,,,,,,,,,,,,,tofu,1,,,#lemonies,1,,,,,show,4
,,,,,,,,,,,,,,,tomate,1,,,#lemonmeringue,1,,,,,shred,4
,,,,,,,,,,,,,,,tomate',1,,,#lemonpasta,1,,,,,sides.,4
,,,,,,,,,,,,,,,tomorrow,1,,,#levainbakery,1,,,,,sie,4
,,,,,,,,,,,,,,,took,1,,,#levainbakerycookies,1,,,,,single,4
,,,,,,,,,,,,,,,top,1,,,#lexuspartner,1,,,,,"skillet,",4
,,,,,,,,,,,,,,,toppings',1,,,#lightbites,1,,,,,skip,4
,,,,,,,,,,,,,,,tortilla,1,,,#liloandstitch,1,,,,,smash,4
,,,,,,,,,,,,,,,train,1,,,#loadednachos,1,,,,,snack,4
,,,,,,,,,,,,,,,tree,1,,,#loadedpotato,1,,,,,someone,4
,,,,,,,,,,,,,,,tried,1,,,#logancucumber,1,,,,,something,4
,,,,,,,,,,,,,,,truffle,1,,,#lokum,1,,,,,spices,4
,,,,,,,,,,,,,,,très,1,,,#londontiktok,1,,,,,squash,4
,,,,,,,,,,,,,,,typical,1,,,#lotus,1,,,,,sticky,4
,,,,,,,,,,,,,,,u,1,,,#lotusbiscoff,1,,,,,stir.,4
,,,,,,,,,,,,,,,ultimate,1,,,#lovestory,1,,,,,stock.,4
,,,,,,,,,,,,,,,under,1,,,#lowcaloriemeals,1,,,,,stored,4
,,,,,,,,,,,,,,,until,1,,,#lowcalorierecipes,1,,,,,tag,4
,,,,,,,,,,,,,,,up,1,,,#lowcarb,1,,,,,tenders,4
,,,,,,,,,,,,,,,up!,1,,,#lunchboxes,1,,,,,thank,4
,,,,,,,,,,,,,,,upgraded,1,,,#lunchboxforkids,1,,,,,there,4
,,,,,,,,,,,,,,,upside,1,,,#lunchboxinspiration,1,,,,,they’re,4
,,,,,,,,,,,,,,,ur,1,,,#lunchboxinspo,1,,,,,thin,4
,,,,,,,,,,,,,,,vegan,1,,,#lunchboxoftheday,1,,,,,thyme,4
,,,,,,,,,,,,,,,vegetable,1,,,#lunchboxshop,1,,,,,tinga,4
,,,,,,,,,,,,,,,veggie,1,,,#lutongbahay,1,,,,,toasted,4
,,,,,,,,,,,,,,,very,1,,,#lutotayo,1,,,,,tops,4
,,,,,,,,,,,,,,,views,1,,,#macncheese,1,,,,,tried,4
,,,,,,,,,,,,,,,vinegar,1,,,#macrofriendlymealprep,1,,,,,una,4
,,,,,,,,,,,,,,,w,1,,,#macrofriendlyrecipe,1,,,,,uncovered,4
,,,,,,,,,,,,,,,waffles',1,,,#macrofriendlyrecipes,1,,,,,under,4
,,,,,,,,,,,,,,,wagyu,1,,,#madewithai,1,,,,,vanilla.,4
,,,,,,,,,,,,,,,walnut,1,,,#madre,1,,,,,veggie,4
,,,,,,,,,,,,,,,want,1,,,#magickitchen38,1,,,,,veggies.,4
,,,,,,,,,,,,,,,wasn't',1,,,#malaysia,1,,,,,very,4
,,,,,,,,,,,,,,,water,1,,,#marrymechicken,1,,,,,virgin,4
,,,,,,,,,,,,,,,way,1,,,#masakdirumah,1,,,,,whipping,4
,,,,,,,,,,,,,,,we'll,1,,,#mashmellow,1,,,,,whisking,4
,,,,,,,,,,,,,,,wedges',1,,,#massive,1,,,,,why,4
,,,,,,,,,,,,,,,weeks,1,,,#mccormickasia,1,,,,,wooden,4
,,,,,,,,,,,,,,,welcome,1,,,#meal,1,,,,,working,4
,,,,,,,,,,,,,,,welcome....,1,,,#mealplan,1,,,,,zucker,4
,,,,,,,,,,,,,,,wellington',1,,,#mealpreprecipes,1,,,,,à,4
,,,,,,,,,,,,,,,whats,1,,,#meals,1,,,,,كوب,4
,,,,,,,,,,,,,,,wild,1,,,#mealsonabudget,1,,,,,▪️1/2,4
,,,,,,,,,,,,,,,will,1,,,#meatybusogeveryday,1,,,,,▪️2,4
,,,,,,,,,,,,,,,wings',1,,,#melbournedatenight,1,,,,,♥️👩🏻‍🍳,4
,,,,,,,,,,,,,,,within,1,,,#melbournedessert,1,,,,,❤️‍🔥,4
,,,,,,,,,,,,,,,work,1,,,#melbournedesserts,1,,,,,🇮🇹,4
,,,,,,,,,,,,,,,would,1,,,#melbournefood,1,,,,,👇🏻,4
,,,,,,,,,,,,,,,year',1,,,#melbournefoodie,1,,,,,🥒,4
,,,,,,,,,,,,,,,yogurt,1,,,#melbournemum,1,,,,,🧈,4
,,,,,,,,,,,,,,,you'll,1,,,#meme,1,,,,,"
-",3
,,,,,,,,,,,,,,,you?,1,,,#mexicanfood,1,,,,,#dinnerideas,3
,,,,,,,,,,,,,,,yummy!),1,,,#mexicantiktok,1,,,,,#foodtiktok,3
,,,,,,,,,,,,,,,|,1,,,#miel,1,,,,,#healthycooking,3
,,,,,,,,,,,,,,,баварский,1,,,#milwaukeebusiness,1,,,,,#sargentopartner,3
,,,,,,,,,,,,,,,быстрый,1,,,#miniapplepies,1,,,,,#viral,3
,,,,,,,,,,,,,,,в,1,,,#minibananapancakes,1,,,,,(120g),3
,,,,,,,,,,,,,,,вкусный,1,,,#minicheesecake,1,,,,,(brand:,3
,,,,,,,,,,,,,,,за,1,,,#minicookies,1,,,,,(depends,3
,,,,,,,,,,,,,,,завтрак',1,,,#minikeksit,1,,,,,(fresh,3
,,,,,,,,,,,,,,,завтрака',1,,,#mke,1,,,,,(if,3
,,,,,,,,,,,,,,,и,1,,,#mochirecipe,1,,,,,(serves,3
,,,,,,,,,,,,,,,идеальный,1,,,#mommysfood,1,,,,,",",3
,,,,,,,,,,,,,,,картошка',1,,,#mommytime,1,,,,,-add,3
,,,,,,,,,,,,,,,крошка,1,,,#morning,1,,,,,-pour,3
,,,,,,,,,,,,,,,курицей',1,,,#morningroutine,1,,,,,-use,3
,,,,,,,,,,,,,,,любимый,1,,,#motherhood,1,,,,,1.5,3
,,,,,,,,,,,,,,,минут',1,,,#mothersday,1,,,,,1/8,3
,,,,,,,,,,,,,,,овощами',1,,,#moussecake,1,,,,,100ml,3
,,,,,,,,,,,,,,,перекус',1,,,#mozzarellabread,1,,,,,120g,3
,,,,,,,,,,,,,,,салатик,1,,,#muffins,1,,,,,180g,3
,,,,,,,,,,,,,,,салатик',1,,,#mukbangeatingshow,1,,,,,20-30,3
,,,,,,,,,,,,,,,сосисками',1,,,#mukbangkorea,1,,,,,200ml,3
,,,,,,,,,,,,,,,соусе',1,,,#mukbangs,1,,,,,24,3
,,,,,,,,,,,,,,,томатном,1,,,#musclegain,1,,,,,2–3,3
,,,,,,,,,,,,,,,ужин',1,,,#mushroom,1,,,,,3-5,3
,,,,,,,,,,,,,,,фаршем,1,,,#mushrooms,1,,,,,375,3
,,,,,,,,,,,,,,,"صيام""",1,,,#my,1,,,,,40g,3
,,,,,,,,,,,,,,,✨,1,,,#myfoodie,1,,,,,5-6,3
,,,,,,,,,,,,,,,❤️,1,,,#naan,1,,,,,50,3
,,,,,,,,,,,,,,,🇪🇸,1,,,#nastha,1,,,,,50ml,3
,,,,,,,,,,,,,,,🌈咀嚼彩虹咀嚼玩具!咀嚼彩虹咀嚼玩具!咀嚼彩虹咀嚼玩具!咀嚼彩虹咀嚼玩具!咀嚼彩虹咀嚼玩具!咀嚼彩虹咀嚼玩具!咀嚼彩虹咀嚼玩具!咀嚼彩虹咀嚼玩具!咀嚼彩虹咀嚼玩具!咀嚼彩虹咀嚼玩具!咀嚼彩虹咀嚼玩具!咀嚼彩虹咀嚼玩具!咀嚼彩虹咀嚼玩具!咀嚼彩虹咀嚼玩具!咀嚼彩虹咀嚼玩具!咀嚼彩虹咀嚼玩具!咀嚼彩虹咀嚼玩具!咀嚼彩虹咀嚼玩具!咀嚼彩虹咀嚼玩具!咀嚼彩虹咀嚼玩具!咀嚼彩虹咀嚼玩具!咀嚼彩虹咀嚼玩具!咀嚼彩虹咀嚼玩具!咀嚼彩虹咀嚼玩具!咀嚼彩虹咀嚼玩具!咀嚼彩虹咀嚼玩具!咀嚼彩虹咀嚼玩具!咀嚼彩虹咀嚼玩具!咀嚼彩虹咀嚼玩具!咀嚼彩虹咀嚼玩具!咀嚼彩虹咀嚼玩具!咀嚼彩虹咀嚼玩具!咀嚼彩虹咀嚼玩具!咀嚼彩虹咀嚼玩具!咀嚼彩虹咀嚼玩具!咀嚼彩虹咀嚼玩具!咀嚼彩虹咀嚼玩具!咀嚼彩虹咀嚼玩具!咀嚼彩虹咀嚼玩具!咀嚼彩虹咀嚼玩具!咀嚼彩虹咀嚼玩具!咀嚼彩虹咀嚼玩具!咀嚼彩虹咀嚼玩具!咀嚼彩虹咀嚼玩具!咀嚼彩虹咀嚼玩具!咀嚼彩虹咀嚼玩具!咀嚼彩虹咀嚼玩具!咀嚼彩虹咀嚼玩具!咀嚼彩虹咀嚼玩具!咀嚼彩虹咀嚼玩具!咀嚼彩虹咀嚼玩具!咀嚼彩虹咀嚼玩具!咀嚼彩虹咀嚼玩具!咀嚼彩虹咀嚼玩具!咀嚼彩虹咀嚼玩具!咀嚼彩虹咀嚼玩具!咀嚼彩虹咀嚼玩具!咀嚼彩虹咀嚼玩具!咀嚼彩虹咀嚼玩具!咀嚼彩虹咀嚼玩具!咀嚼彩虹咀嚼玩具!咀嚼彩虹咀嚼玩具!咀嚼彩虹咀嚼玩具!咀嚼彩虹咀嚼玩具!咀嚼彩虹咀嚼玩具!咀嚼彩虹咀嚼玩具!咀嚼彩虹咀嚼玩具!咀嚼彩虹咀嚼玩具!咀嚼彩虹咀嚼玩具!咀嚼彩虹咀嚼玩具!咀嚼彩虹咀嚼玩具!咀嚼彩虹咀嚼玩具!咀嚼彩虹,1,,,#nasthanastha,1,,,,,6-7,3
,,,,,,,,,,,,,,,🌭',1,,,#naturemadepartner,1,,,,,65g,3
,,,,,,,,,,,,,,,🌮✨,1,,,#naturemadevitamins,1,,,,,9x9,3
,,,,,,,,,,,,,,,🌮🍔✨,1,,,#naveyvibes,1,,,,,:),3
,,,,,,,,,,,,,,,🌶💕👨‍🍳',1,,,#neuheit,1,,,,,@,3
,,,,,,,,,,,,,,,🌸🍪❤️',1,,,#news,1,,,,,above,3
,,,,,,,,,,,,,,,🌿',1,,,#newyearnewme,1,,,,,adjust,3
,,,,,,,,,,,,,,,🍁🍫🍂✨❤️',1,,,#nextlevelkitchen,1,,,,,agrega,3
,,,,,,,,,,,,,,,🍋,1,,,#nfl,1,,,,,allows,3
,,,,,,,,,,,,,,,🍎🍱✨,1,,,#nhinja,1,,,,,almost,3
,,,,,,,,,,,,,,,🍒✨',1,,,#nightmarket,1,,,,,along,3
,,,,,,,,,,,,,,,🍓',1,,,#ninjacreami,1,,,,,amount,3
,,,,,,,,,,,,,,,🍓✨,1,,,#ninjadualairfryer#ninjadualbasketairfryer,1,,,,,anna,3
,,,,,,,,,,,,,,,🍓🍫',1,,,#ninjaswirl,1,,,,,anyone,3
,,,,,,,,,,,,,,,🍓🍰',1,,,#nobake,1,,,,,arrange,3
,,,,,,,,,,,,,,,🍞,1,,,#nobakekinderbuenocheesecake,1,,,,,ask,3
,,,,,,,,,,,,,,,🍞',1,,,#nobakeoreocheesecake,1,,,,,assemble,3
,,,,,,,,,,,,,,,🍪❤️🌸,1,,,#nobodysgonnaknow,1,,,,,ate,3
,,,,,,,,,,,,,,,🍪🍰☕️✨',1,,,#nomediocre,1,,,,,au,3
,,,,,,,,,,,,,,,🍪🥤',1,,,#nongshim,1,,,,,auf,3
,,,,,,,,,,,,,,,🍯',1,,,#nooil,1,,,,,"bacon,",3
,,,,,,,,,,,,,,,🍯🌶️✨,1,,,#northpole,1,,,,,bagel,3
,,,,,,,,,,,,,,,🍽️',1,,,#nougat,1,,,,,ball,3
,,,,,,,,,,,,,,,🎃🕸️,1,,,#nourishingbowl,1,,,,,balls,3
,,,,,,,,,,,,,,,🐍🐍🐍',1,,,#nowaste,1,,,,,bay,3
,,,,,,,,,,,,,,,🐻',1,,,#nutellachallenge,1,,,,,bbq,3
,,,,,,,,,,,,,,,🐻🎀😊',1,,,#nutellacheesecake,1,,,,,become,3
,,,,,,,,,,,,,,,👀🍪,1,,,#nutelladessert,1,,,,,being,3
,,,,,,,,,,,,,,,💀',1,,,#nutellalover,1,,,,,believe,3
,,,,,,,,,,,,,,,😊',1,,,#nutellalovers,1,,,,,below!,3
,,,,,,,,,,,,,,,😋,1,,,#nutellapancakes,1,,,,,below👇🏽,3
,,,,,,,,,,,,,,,😍',1,,,#nutellarolls,1,,,,,"bio,",3
,,,,,,,,,,,,,,,😍❤️ocolate',1,,,#nutellastuffedpancake,1,,,,,bits,3
,,,,,,,,,,,,,,,😍🌽,1,,,#oatbars,1,,,,,blueberries,3
,,,,,,,,,,,,,,,😘',1,,,#oatmeal,1,,,,,"boil,",3
,,,,,,,,,,,,,,,😭🍰😂',1,,,#oatmealrecipes,1,,,,,boil.,3
,,,,,,,,,,,,,,,😭💔',1,,,#obsessed,1,,,,,bon,3
,,,,,,,,,,,,,,,😱',1,,,#okc,1,,,,,breadcrumbs,3
,,,,,,,,,,,,,,,😱💦,1,,,#oklahoma,1,,,,,"broccoli,",3
,,,,,,,,,,,,,,,😳,1,,,#omlet,1,,,,,broth.,3
,,,,,,,,,,,,,,,🙌',1,,,#onepotpasta,1,,,,,bulk,3
,,,,,,,,,,,,,,,🤩🍳,1,,,#onion,1,,,,,bunch,3
,,,,,,,,,,,,,,,🤭,1,,,#oniondip,1,,,,,burn.,3
,,,,,,,,,,,,,,,🤷‍♂️,1,,,#onionrings,1,,,,,buttermilk,3
,,,,,,,,,,,,,,,🥐,1,,,#ooeygooey,1,,,,,c,3
,,,,,,,,,,,,,,,🥗❤️,1,,,#openfirecooking,1,,,,,can’t,3
,,,,,,,,,,,,,,,🥗🍋',1,,,#oregano,1,,,,,caramel,3
,,,,,,,,,,,,,,,🥟,1,,,#oreobiscuitcake,1,,,,,carb,3
,,,,,,,,,,,,,,,🥩',1,,,#oreocake,1,,,,,"carrot,",3
,,,,,,,,,,,,,,,🥫🧀🥐🥓🥚,1,,,#oreocheesecake,1,,,,,casserole,3
,,,,,,,,,,,,,,,🥭❤️',1,,,#organisedmum,1,,,,,cayenne,3
,,,,,,,,,,,,,,,🧠',1,,,#organization,1,,,,,"celery,",3
,,,,,,,,,,,,,,,,,,,#organized,1,,,,,centre,3
,,,,,,,,,,,,,,,,,,,#organizedhome,1,,,,,chia,3
,,,,,,,,,,,,,,,,,,,#packing,1,,,,,chill,3
,,,,,,,,,,,,,,,,,,,#packinglunchformyhusband,1,,,,,chocolade,3
,,,,,,,,,,,,,,,,,,,#packingorders,1,,,,,chop,3
,,,,,,,,,,,,,,,,,,,#packlunchformyhusband,1,,,,,"chopped
",3
,,,,,,,,,,,,,,,,,,,#paint,1,,,,,circular,3
,,,,,,,,,,,,,,,,,,,#paleodesserts,1,,,,,classic,3
,,,,,,,,,,,,,,,,,,,#palmbeach,1,,,,,clear,3
,,,,,,,,,,,,,,,,,,,#panaceapalm,1,,,,,coat.,3
,,,,,,,,,,,,,,,,,,,#parati,1,,,,,coated.,3
,,,,,,,,,,,,,,,,,,,#paris,1,,,,,coconut,3
,,,,,,,,,,,,,,,,,,,#parksvillebc,1,,,,,color,3
,,,,,,,,,,,,,,,,,,,#partyfood,1,,,,,combined,3
,,,,,,,,,,,,,,,,,,,#partysnacks,1,,,,,coming,3
,,,,,,,,,,,,,,,,,,,#pastachips,1,,,,,comments,3
,,,,,,,,,,,,,,,,,,,#pastalovers,1,,,,,content,3
,,,,,,,,,,,,,,,,,,,#pastanight,1,,,,,"cooked,",3
,,,,,,,,,,,,,,,,,,,#pastarecipes,1,,,,,cost,3
,,,,,,,,,,,,,,,,,,,#pastasauce,1,,,,,could,3
,,,,,,,,,,,,,,,,,,,#pastatrend,1,,,,,"cover,",3
,,,,,,,,,,,,,,,,,,,#pastaviral,1,,,,,cracked,3
,,,,,,,,,,,,,,,,,,,#pastrychef,1,,,,,crackers,3
,,,,,,,,,,,,,,,,,,,#pate,1,,,,,creamy.,3
,,,,,,,,,,,,,,,,,,,#patisserie,1,,,,,"crispy,",3
,,,,,,,,,,,,,,,,,,,#patrocinadopor,1,,,,,cubes,3
,,,,,,,,,,,,,,,,,,,#pausenbrot,1,,,,,curd,3
,,,,,,,,,,,,,,,,,,,#pembebayraklıplaj,1,,,,,curry,3
,,,,,,,,,,,,,,,,,,,#pepperph,1,,,,,cutter,3
,,,,,,,,,,,,,,,,,,,#perte,1,,,,,dan,3
,,,,,,,,,,,,,,,,,,,#pertedepoids#recette,1,,,,,deglaze,3
,,,,,,,,,,,,,,,,,,,#perteee,1,,,,,delicious!,3
,,,,,,,,,,,,,,,,,,,#perteeee,1,,,,,delicious.,3
,,,,,,,,,,,,,,,,,,,#phillycheesesteak,1,,,,,di,3
,,,,,,,,,,,,,,,,,,,#phyllocrinklecake,1,,,,,did,3
,,,,,,,,,,,,,,,,,,,#picahna,1,,,,,different,3
,,,,,,,,,,,,,,,,,,,#pickles,1,,,,,dms,3
,,,,,,,,,,,,,,,,,,,#pink,1,,,,,dough:,3
,,,,,,,,,,,,,,,,,,,#pinoycooking,1,,,,,draw,3
,,,,,,,,,,,,,,,,,,,#pipingbuttercream,1,,,,,dubai,3
,,,,,,,,,,,,,,,,,,,#pipingcream,1,,,,,easter,3
,,,,,,,,,,,,,,,,,,,#pipingtechniques,1,,,,,een,3
,,,,,,,,,,,,,,,,,,,#pipingtips,1,,,,,end,3
,,,,,,,,,,,,,,,,,,,#pistachio,1,,,,,ensure,3
,,,,,,,,,,,,,,,,,,,#pizzacrustrecipes,1,,,,,entire,3
,,,,,,,,,,,,,,,,,,,#pizzadilla,1,,,,,equal,3
,,,,,,,,,,,,,,,,,,,#pizzadillas,1,,,,,espresso,3
,,,,,,,,,,,,,,,,,,,#pizzamukbang,1,,,,,everyone,3
,,,,,,,,,,,,,,,,,,,#pizzatok,1,,,,,extract.,3
,,,,,,,,,,,,,,,,,,,#planetfood,1,,,,,fav,3
,,,,,,,,,,,,,,,,,,,#planetfood #foodtok,1,,,,,favourite,3
,,,,,,,,,,,,,,,,,,,#poems,1,,,,,fiesta™,3
,,,,,,,,,,,,,,,,,,,#pommes,1,,,,,fill,3
,,,,,,,,,,,,,,,,,,,#pop,1,,,,,filling.,3
,,,,,,,,,,,,,,,,,,,#potato,1,,,,,finished,3
,,,,,,,,,,,,,,,,,,,#potatocheese,1,,,,,flavor,3
,,,,,,,,,,,,,,,,,,,#potatok,1,,,,,florets,3
,,,,,,,,,,,,,,,,,,,#potatotiktok,1,,,,,fluffy,3
,,,,,,,,,,,,,,,,,,,#preppedfortomorrow,1,,,,,followed,3
,,,,,,,,,,,,,,,,,,,#primalgourmet,1,,,,,foods,3
,,,,,,,,,,,,,,,,,,,#promotionwithspambrand,1,,,,,form,3
,,,,,,,,,,,,,,,,,,,#protein,1,,,,,forms,3
,,,,,,,,,,,,,,,,,,,#proteinburrito,1,,,,,"fragrant,",3
,,,,,,,,,,,,,,,,,,,#publicidad,1,,,,,friendly,3
,,,,,,,,,,,,,,,,,,,#publicidadpagada,1,,,,,frittata,3
,,,,,,,,,,,,,,,,,,,#publicité,1,,,,,further,3
,,,,,,,,,,,,,,,,,,,#pudding,1,,,,,gelatine,3
,,,,,,,,,,,,,,,,,,,#pumpkin,1,,,,,gesmolten,3
,,,,,,,,,,,,,,,,,,,#quesabirria,1,,,,,gets,3
,,,,,,,,,,,,,,,,,,,#queso,1,,,,,getting,3
,,,,,,,,,,,,,,,,,,,#quesodip,1,,,,,go-to,3
,,,,,,,,,,,,,,,,,,,#quesorecipe,1,,,,,goal,3
,,,,,,,,,,,,,,,,,,,#quickandeasyrecipe,1,,,,,goat,3
,,,,,,,,,,,,,,,,,,,#quickmeals,1,,,,,gouda,3
,,,,,,,,,,,,,,,,,,,#quickrecipe,1,,,,,grab,3
,,,,,,,,,,,,,,,,,,,#ramadan2023,1,,,,,gram,3
,,,,,,,,,,,,,,,,,,,#ramadan2024,1,,,,,grew,3
,,,,,,,,,,,,,,,,,,,#ramadhan,1,,,,,grill,3
,,,,,,,,,,,,,,,,,,,#randysantel,1,,,,,half),3
,,,,,,,,,,,,,,,,,,,#ratatouille,1,,,,,halved,3
,,,,,,,,,,,,,,,,,,,#reaction,1,,,,,having,3
,,,,,,,,,,,,,,,,,,,#realisticcakes,1,,,,,here's,3
,,,,,,,,,,,,,,,,,,,#realorcake,1,,,,,his,3
,,,,,,,,,,,,,,,,,,,#reception,1,,,,,"honey,",3
,,,,,,,,,,,,,,,,,,,#recetafacil,1,,,,,honey.,3
,,,,,,,,,,,,,,,,,,,#recetasaludable,1,,,,,"hour,",3
,,,,,,,,,,,,,,,,,,,#recetasfaciles,1,,,,,i'm,3
,,,,,,,,,,,,,,,,,,,#recettefacile,1,,,,,il,3
,,,,,,,,,,,,,,,,,,,#recetterapide,1,,,,,inches,3
,,,,,,,,,,,,,,,,,,,#recipeidea,1,,,,,incorporating,3
,,,,,,,,,,,,,,,,,,,#recipeoftheday,1,,,,,ingredients.,3
,,,,,,,,,,,,,,,,,,,#recipeshare,1,,,,,inspired,3
,,,,,,,,,,,,,,,,,,,#recipetok,1,,,,,jar,3
,,,,,,,,,,,,,,,,,,,#recipevideos,1,,,,,journey,3
,,,,,,,,,,,,,,,,,,,#reels,1,,,,,kataifi,3
,,,,,,,,,,,,,,,,,,,#reeses,1,,,,,keeps,3
,,,,,,,,,,,,,,,,,,,#rek,1,,,,,kitchen,3
,,,,,,,,,,,,,,,,,,,#relationshipgoals,1,,,,,kochen,3
,,,,,,,,,,,,,,,,,,,#resepimudah,1,,,,,kokosraspeln,3
,,,,,,,,,,,,,,,,,,,#resepisimple,1,,,,,korean,3
,,,,,,,,,,,,,,,,,,,#resepitiktok,1,,,,,kosher,3
,,,,,,,,,,,,,,,,,,,#restockasmr,1,,,,,lait,3
,,,,,,,,,,,,,,,,,,,#restocking,1,,,,,lange,3
,,,,,,,,,,,,,,,,,,,#ricecooker,1,,,,,lasagna,3
,,,,,,,,,,,,,,,,,,,#ricepaper,1,,,,,leveled,3
,,,,,,,,,,,,,,,,,,,#ricetteperbambini,1,,,,,like),3
,,,,,,,,,,,,,,,,,,,#rico,1,,,,,loss,3
,,,,,,,,,,,,,,,,,,,#roseaustincooks,1,,,,,love.,3
,,,,,,,,,,,,,,,,,,,#ruok,1,,,,,loved,3
,,,,,,,,,,,,,,,,,,,#ruokday,1,,,,,lucky,3
,,,,,,,,,,,,,,,,,,,#ryomaasmr,1,,,,,m&ms,3
,,,,,,,,,,,,,,,,,,,#sadpoems,1,,,,,"make,",3
,,,,,,,,,,,,,,,,,,,#sago,1,,,,,market,3
,,,,,,,,,,,,,,,,,,,#saladrecipes,1,,,,,mascarpone,3
,,,,,,,,,,,,,,,,,,,#salads,1,,,,,mashed,3
,,,,,,,,,,,,,,,,,,,#saladtiktok,1,,,,,mayonnaise.,3
,,,,,,,,,,,,,,,,,,,#salmondinnerideas,1,,,,,medium-low,3
,,,,,,,,,,,,,,,,,,,#salmonrecipe,1,,,,,melk,3
,,,,,,,,,,,,,,,,,,,#salmonrice,1,,,,,mexican,3
,,,,,,,,,,,,,,,,,,,#salsa,1,,,,,milk.,3
,,,,,,,,,,,,,,,,,,,#samyang,1,,,,,mine,3
,,,,,,,,,,,,,,,,,,,#sandwichcutter,1,,,,,"mins,",3
,,,,,,,,,,,,,,,,,,,#sandwichlover,1,,,,,molida,3
,,,,,,,,,,,,,,,,,,,#santé,1,,,,,months,3
,,,,,,,,,,,,,,,,,,,#saraylokumu,1,,,,,months.,3
,,,,,,,,,,,,,,,,,,,#sargentocheese,1,,,,,morning,3
,,,,,,,,,,,,,,,,,,,#satisfyingsounds,1,,,,,mostly,3
,,,,,,,,,,,,,,,,,,,#sausagepasta,1,,,,,mozzarella),3
,,,,,,,,,,,,,,,,,,,#sausagesoup,1,,,,,much!,3
,,,,,,,,,,,,,,,,,,,#scalpadvanced,1,,,,,muffins,3
,,,,,,,,,,,,,,,,,,,#scalpcare,1,,,,,muscle,3
,,,,,,,,,,,,,,,,,,,#series,1,,,,,n/a,3
,,,,,,,,,,,,,,,,,,,#shakshuka,1,,,,,never,3
,,,,,,,,,,,,,,,,,,,#shebabistro,1,,,,,nice,3
,,,,,,,,,,,,,,,,,,,#shinramyun,1,,,,,non,3
,,,,,,,,,,,,,,,,,,,#shots,1,,,,,noodle,3
,,,,,,,,,,,,,,,,,,,#showerwithmoxie,1,,,,,obsessed,3
,,,,,,,,,,,,,,,,,,,#shrimpkebabs,1,,,,,"oregano,",3
,,,,,,,,,,,,,,,,,,,#shutdown,1,,,,,original,3
,,,,,,,,,,,,,,,,,,,#side,1,,,,,"out,",3
,,,,,,,,,,,,,,,,,,,#sides,1,,,,,p,3
,,,,,,,,,,,,,,,,,,,#simplebreskfast,1,,,,,papa,3
,,,,,,,,,,,,,,,,,,,#simpledessert,1,,,,,parm,3
,,,,,,,,,,,,,,,,,,,#simpledinner,1,,,,,paul’s,3
,,,,,,,,,,,,,,,,,,,#simplemeals,1,,,,,pico,3
,,,,,,,,,,,,,,,,,,,#single,1,,,,,pink.,3
,,,,,,,,,,,,,,,,,,,#singleserverecipe,1,,,,,"plate,",3
,,,,,,,,,,,,,,,,,,,#sisig,1,,,,,popcorn,3
,,,,,,,,,,,,,,,,,,,#sisighack,1,,,,,pork,3
,,,,,,,,,,,,,,,,,,,#skilletchocolatechipcookie,1,,,,,"potato,",3
,,,,,,,,,,,,,,,,,,,#skilletcookie,1,,,,,potatoes.,3
,,,,,,,,,,,,,,,,,,,#sliders,1,,,,,preheated,3
,,,,,,,,,,,,,,,,,,,#slidersrecipe,1,,,,,press,3
,,,,,,,,,,,,,,,,,,,#slowcooker,1,,,,,"protein,",3
,,,,,,,,,,,,,,,,,,,#slowcookerrecipes,1,,,,,purchase,3
,,,,,,,,,,,,,,,,,,,#smashedtacos,1,,,,,pure,3
,,,,,,,,,,,,,,,,,,,#smile,1,,,,,"quick,",3
,,,,,,,,,,,,,,,,,,,#smoothie,1,,,,,quicker,3
,,,,,,,,,,,,,,,,,,,#smoothie#smoothieideas#mangosmoothie,1,,,,,quite,3
,,,,,,,,,,,,,,,,,,,#smorescookies,1,,,,,real,3
,,,,,,,,,,,,,,,,,,,#smoresdip,1,,,,,recipe),3
,,,,,,,,,,,,,,,,,,,#snackbites,1,,,,,recipe.,3
,,,,,,,,,,,,,,,,,,,#snackidea,1,,,,,reduced,3
,,,,,,,,,,,,,,,,,,,#snackplatter,1,,,,,"rest,",3
,,,,,,,,,,,,,,,,,,,#sneakers,1,,,,,"rice,",3
,,,,,,,,,,,,,,,,,,,#soda,1,,,,,ricotta,3
,,,,,,,,,,,,,,,,,,,#softcakebase,1,,,,,rid,3
,,,,,,,,,,,,,,,,,,,#souffle,1,,,,,rind,3
,,,,,,,,,,,,,,,,,,,#soupdumplings,1,,,,,ripe,3
,,,,,,,,,,,,,,,,,,,#soupszn,1,,,,,roll,3
,,,,,,,,,,,,,,,,,,,#soupweather,1,,,,,rolling,3
,,,,,,,,,,,,,,,,,,,#southafricatiktok,1,,,,,rosemary,3
,,,,,,,,,,,,,,,,,,,#soyummy,1,,,,,round,3
,,,,,,,,,,,,,,,,,,,#spam,1,,,,,rounds,3
,,,,,,,,,,,,,,,,,,,#spambrandpartner,1,,,,,sal,3
,,,,,,,,,,,,,,,,,,,#spicyfood,1,,,,,salads,3
,,,,,,,,,,,,,,,,,,,#spicymayo,1,,,,,salmon,3
,,,,,,,,,,,,,,,,,,,#spicypasta,1,,,,,sauce:,3
,,,,,,,,,,,,,,,,,,,#spicysausagepasta,1,,,,,"sausage,",3
,,,,,,,,,,,,,,,,,,,#spinachgnocchi,1,,,,,saute,3
,,,,,,,,,,,,,,,,,,,#spookyrecipes,1,,,,,school,3
,,,,,,,,,,,,,,,,,,,#spookyseason,1,,,,,seasoning.,3
,,,,,,,,,,,,,,,,,,,#spudman,1,,,,,seasonings,3
,,,,,,,,,,,,,,,,,,,#squidgame,1,,,,,seasonings.,3
,,,,,,,,,,,,,,,,,,,#squidgame2,1,,,,,"seconds,",3
,,,,,,,,,,,,,,,,,,,#squidgames,1,,,,,section,3
,,,,,,,,,,,,,,,,,,,#starving,1,,,,,seeing,3
,,,,,,,,,,,,,,,,,,,#steak,1,,,,,semi,3
,,,,,,,,,,,,,,,,,,,#steakramen,1,,,,,series!,3
,,,,,,,,,,,,,,,,,,,#stickychicken,1,,,,,seriously,3
,,,,,,,,,,,,,,,,,,,#stirfryrecipe,1,,,,,served,3
,,,,,,,,,,,,,,,,,,,#stitch,1,,,,,set.,3
,,,,,,,,,,,,,,,,,,,#strawberrybites,1,,,,,shallot,3
,,,,,,,,,,,,,,,,,,,#strawberryclusters,1,,,,,sheet.,3
,,,,,,,,,,,,,,,,,,,#strawberrymuffin,1,,,,,she’s,3
,,,,,,,,,,,,,,,,,,,#stromboli,1,,,,,"side,",3
,,,,,,,,,,,,,,,,,,,#stuffedchickenbreast,1,,,,,"simmer,",3
,,,,,,,,,,,,,,,,,,,#stuffedpasta,1,,,,,simmer.,3
,,,,,,,,,,,,,,,,,,,#succulentbite,1,,,,,skin,3
,,,,,,,,,,,,,,,,,,,#suklaahippukeksit,1,,,,,smoky,3
,,,,,,,,,,,,,,,,,,,#suklaakeksit,1,,,,,soft.,3
,,,,,,,,,,,,,,,,,,,#summeractivities,1,,,,,softened.,3
,,,,,,,,,,,,,,,,,,,#summerroll,1,,,,,son,3
,,,,,,,,,,,,,,,,,,,#summersalad,1,,,,,space,3
,,,,,,,,,,,,,,,,,,,#sundaybrunch,1,,,,,spend,3
,,,,,,,,,,,,,,,,,,,#sushibake,1,,,,,spoon.,3
,,,,,,,,,,,,,,,,,,,#sushiburrito,1,,,,,spooned,3
,,,,,,,,,,,,,,,,,,,#sweetcorn,1,,,,,spray,3
,,,,,,,,,,,,,,,,,,,#sweetpotato,1,,,,,squeeze,3
,,,,,,,,,,,,,,,,,,,#sweets,1,,,,,starts,3
,,,,,,,,,,,,,,,,,,,#sweettreats,1,,,,,stocked,3
,,,,,,,,,,,,,,,,,,,#tajikistan,1,,,,,stockpile,3
,,,,,,,,,,,,,,,,,,,#takjilramadhan,1,,,,,stovetop,3
,,,,,,,,,,,,,,,,,,,#tamagoyaki,1,,,,,strain,3
,,,,,,,,,,,,,,,,,,,#tannersprimeburgers,1,,,,,sucré,3
,,,,,,,,,,,,,,,,,,,#taquitos,1,,,,,suitable,3
,,,,,,,,,,,,,,,,,,,#tastyfood,1,,,,,sun-dried,3
,,,,,,,,,,,,,,,,,,,#tastymealprep,1,,,,,sunflower,3
,,,,,,,,,,,,,,,,,,,#telur,1,,,,,sur,3
,,,,,,,,,,,,,,,,,,,#temu,1,,,,,takes,3
,,,,,,,,,,,,,,,,,,,#temufinds,1,,,,,tastiest,3
,,,,,,,,,,,,,,,,,,,#temumusthave,1,,,,,tender.,3
,,,,,,,,,,,,,,,,,,,#teriyakichicken,1,,,,,thanks,3
,,,,,,,,,,,,,,,,,,,#teriyakisalmon,1,,,,,thaw,3
,,,,,,,,,,,,,,,,,,,#texmex,1,,,,,"then,",3
,,,,,,,,,,,,,,,,,,,#thailand,1,,,,,think,3
,,,,,,,,,,,,,,,,,,,#thanksgivingdinner,1,,,,,"through,",3
,,,,,,,,,,,,,,,,,,,#thanksgivingfood,1,,,,,"time,",3
,,,,,,,,,,,,,,,,,,,#thanksgivingsides,1,,,,,today,3
,,,,,,,,,,,,,,,,,,,#theloveylife,1,,,,,tomorrow,3
,,,,,,,,,,,,,,,,,,,#thrive,1,,,,,toothpick,3
,,,,,,,,,,,,,,,,,,,#tiktokacademie,1,,,,,topping),3
,,,,,,,,,,,,,,,,,,,#tiktokchef,1,,,,,topping:,3
,,,,,,,,,,,,,,,,,,,#tiktokcookbook,1,,,,,truffles,3
,,,,,,,,,,,,,,,,,,,#tiktokcooks,1,,,,,très,3
,,,,,,,,,,,,,,,,,,,#tiktokeatsph,1,,,,,tu,3
,,,,,,,,,,,,,,,,,,,#tiktokmoms,1,,,,,turkish,3
,,,,,,,,,,,,,,,,,,,#tiktokpasta,1,,,,,turned,3
,,,,,,,,,,,,,,,,,,,#tiktokph,1,,,,,twist,3
,,,,,,,,,,,,,,,,,,,#tiktokphilippines,1,,,,,udon,3
,,,,,,,,,,,,,,,,,,,#tiktokviral,1,,,,,uncooked,3
,,,,,,,,,,,,,,,,,,,#tiltokfood,1,,,,,up.,3
,,,,,,,,,,,,,,,,,,,#tmobilepaidmeforthis,1,,,,,velveeta,3
,,,,,,,,,,,,,,,,,,,#tn,1,,,,,vingers,3
,,,,,,,,,,,,,,,,,,,#toast,1,,,,,voeg,3
,,,,,,,,,,,,,,,,,,,#toastideas,1,,,,,"warm,",3
,,,,,,,,,,,,,,,,,,,#toddlerbreakfast,1,,,,,wedges,3
,,,,,,,,,,,,,,,,,,,#toddlerlife,1,,,,,"week,",3
,,,,,,,,,,,,,,,,,,,#toddlerrecipes,1,,,,,welcome,3
,,,,,,,,,,,,,,,,,,,#tomato,1,,,,,"well,",3
,,,,,,,,,,,,,,,,,,,#tortellinisoup,1,,,,,where,3
,,,,,,,,,,,,,,,,,,,#tottenham,1,,,,,who,3
,,,,,,,,,,,,,,,,,,,#tradition,1,,,,,wi,3
,,,,,,,,,,,,,,,,,,,#trendingrecipe,1,,,,,within,3
,,,,,,,,,,,,,,,,,,,#trendycake,1,,,,,worth,3
,,,,,,,,,,,,,,,,,,,#tteokbokki,1,,,,,you're,3
,,,,,,,,,,,,,,,,,,,#turkeysausage,1,,,,,youtube,3
,,,,,,,,,,,,,,,,,,,#turkishrecipe,1,,,,,you’d,3
,,,,,,,,,,,,,,,,,,,#tuscanchicken,1,,,,,çabuk,3
,,,,,,,,,,,,,,,,,,,#tutorial,1,,,,,в,3
,,,,,,,,,,,,,,,,,,,#tutoriel,1,,,,,вкусный,3
,,,,,,,,,,,,,,,,,,,#ukfoodie,1,,,,,завтрака💡,3
,,,,,,,,,,,,,,,,,,,#uktiktok,1,,,,,ужин,3
,,,,,,,,,,,,,,,,,,,#ulamideas,1,,,,,طبيعي,3
,,,,,,,,,,,,,,,,,,,#unistudent,1,,,,,فلفل,3
,,,,,,,,,,,,,,,,,,,#vacation,1,,,,,ليمون,3
,,,,,,,,,,,,,,,,,,,#valentinesdaygift,1,,,,,م,3
,,,,,,,,,,,,,,,,,,,#vancouverisland,1,,,,,ملح,3
,,,,,,,,,,,,,,,,,,,#veganbowl,1,,,,,“giorgiapaino”,3
,,,,,,,,,,,,,,,,,,,#veganbreakfast,1,,,,,▪️handful,3
,,,,,,,,,,,,,,,,,,,#veganfyp,1,,,,,▪️pour,3
,,,,,,,,,,,,,,,,,,,#vegantok,1,,,,,▪️preheat,3
,,,,,,,,,,,,,,,,,,,#vegemite,1,,,,,▫️3,3
,,,,,,,,,,,,,,,,,,,#veggie,1,,,,,🍪,3
,,,,,,,,,,,,,,,,,,,#velveeta,1,,,,,👀,3
,,,,,,,,,,,,,,,,,,,#viral_video,1,,,,,💕,3
,,,,,,,,,,,,,,,,,,,#viralcake,1,,,,,💗,3
,,,,,,,,,,,,,,,,,,,#viralcrinklecake,1,,,,,🤍,3
,,,,,,,,,,,,,,,,,,,#viralcucumbersalad,1,,,,,🥛,3
,,,,,,,,,,,,,,,,,,,#viraldubaichocolate,1,,,,,🥺,3
,,,,,,,,,,,,,,,,,,,#viralfood,1,,,,,﻿﻿2,3
,,,,,,,,,,,,,,,,,,,#viralllllll,1,,,,,	•	add,2
,,,,,,,,,,,,,,,,,,,#viralsnack,1,,,,,"

🔗",2
,,,,,,,,,,,,,,,,,,,#viralvideos,1,,,,,#capcut,2
,,,,,,,,,,,,,,,,,,,#vodka,1,,,,,#cookwithme,2
,,,,,,,,,,,,,,,,,,,#wadirum,1,,,,,#cuisine,2
,,,,,,,,,,,,,,,,,,,#wanderlust,1,,,,,#dessertideas,2
,,,,,,,,,,,,,,,,,,,#watermelonsticks,1,,,,,#dinner,2
,,,,,,,,,,,,,,,,,,,#watermelon🍉,1,,,,,#dinnerinspo,2
,,,,,,,,,,,,,,,,,,,#wbtourlondon,1,,,,,#foryoupage,2
,,,,,,,,,,,,,,,,,,,#weeknightdinner,1,,,,,#fypage,2
,,,,,,,,,,,,,,,,,,,#weeknightmeals,1,,,,,#fypシ,2
,,,,,,,,,,,,,,,,,,,#weightlossfood,1,,,,,#healthyrecipes,2
,,,,,,,,,,,,,,,,,,,#weightlossjourney,1,,,,,#lunch,2
,,,,,,,,,,,,,,,,,,,#wellington,1,,,,,#lunchideas,2
,,,,,,,,,,,,,,,,,,,#wellnessshot,1,,,,,#mealideas,2
,,,,,,,,,,,,,,,,,,,#westpalmbeach,1,,,,,#pastaideas,2
,,,,,,,,,,,,,,,,,,,#whatmybabyeats,1,,,,,#quickdessert,2
,,,,,,,,,,,,,,,,,,,#whatmytoddlereats,1,,,,,#quickrecipes,2
,,,,,,,,,,,,,,,,,,,#whatsfordinner,1,,,,,#recipe,2
,,,,,,,,,,,,,,,,,,,#whatsyourfix,1,,,,,#recipes,2
,,,,,,,,,,,,,,,,,,,#whitechocolate,1,,,,,#simplelunch,2
,,,,,,,,,,,,,,,,,,,#whiterice,1,,,,,#snacks,2
,,,,,,,,,,,,,,,,,,,#whitericerecipe,1,,,,,#tiktokfood,2
,,,,,,,,,,,,,,,,,,,#wieiad,1,,,,,#viralvideo,2
,,,,,,,,,,,,,,,,,,,#wifematerial,1,,,,,#whattoeat,2
,,,,,,,,,,,,,,,,,,,#wifeskills,1,,,,,#نادك_كله_خير,2
,,,,,,,,,,,,,,,,,,,#wifey,1,,,,,%,2
,,,,,,,,,,,,,,,,,,,#wiwiwi,1,,,,,(115g),2
,,,,,,,,,,,,,,,,,,,#worklife,1,,,,,(150g),2
,,,,,,,,,,,,,,,,,,,#worklunch,1,,,,,(170g),2
,,,,,,,,,,,,,,,,,,,#wraphack,1,,,,,(225g),2
,,,,,,,,,,,,,,,,,,,#yeni,1,,,,,(227g),2
,,,,,,,,,,,,,,,,,,,#youtuber,1,,,,,(250g),2
,,,,,,,,,,,,,,,,,,,#yumyum,1,,,,,(3/4,2
,,,,,,,,,,,,,,,,,,,#zmorgebox_mami,1,,,,,(30g),2
,,,,,,,,,,,,,,,,,,,#znüni,1,,,,,(340°f),2
,,,,,,,,,,,,,,,,,,,#znünibox,1,,,,,(3g),2
,,,,,,,,,,,,,,,,,,,#баварскийсалат,1,,,,,(42g),2
,,,,,,,,,,,,,,,,,,,#блюдоза10минут,1,,,,,(49,2
,,,,,,,,,,,,,,,,,,,#быстрыйзавтрак,1,,,,,(4g),2
,,,,,,,,,,,,,,,,,,,#быстрыйрецепт,1,,,,,(60g),2
,,,,,,,,,,,,,,,,,,,#вкусноипросто,1,,,,,(al,2
,,,,,,,,,,,,,,,,,,,#вкусноября,1,,,,,(api,2
,,,,,,,,,,,,,,,,,,,#вкусныйзавтрак,1,,,,,(easy,2
,,,,,,,,,,,,,,,,,,,#вкусянваря,1,,,,,(f),2
,,,,,,,,,,,,,,,,,,,#день_повара,1,,,,,(makes,2
,,,,,,,,,,,,,,,,,,,#еда,1,,,,,"(optional),",2
,,,,,,,,,,,,,,,,,,,#идея,1,,,,,(room,2
,,,,,,,,,,,,,,,,,,,#картошка,1,,,,,(see,2
,,,,,,,,,,,,,,,,,,,#картошкарецепт,1,,,,,(you,2
,,,,,,,,,,,,,,,,,,,#крошкакартошка,1,,,,,(⅔,2
,,,,,,,,,,,,,,,,,,,#мукбанг,1,,,,,-1/2,2
,,,,,,,,,,,,,,,,,,,#нетольконановыйгод,1,,,,,-1/4,2
,,,,,,,,,,,,,,,,,,,#новогодниерецепты2022,1,,,,,-2x,2
,,,,,,,,,,,,,,,,,,,#новогоднийтиктокнакухне,1,,,,,-lemon,2
,,,,,,,,,,,,,,,,,,,#обед,1,,,,,-mix,2
,,,,,,,,,,,,,,,,,,,#омлет,1,,,,,-paprika,2
,,,,,,,,,,,,,,,,,,,#перекус,1,,,,,-preheat,2
,,,,,,,,,,,,,,,,,,,#пицца,1,,,,,-عصير,2
,,,,,,,,,,,,,,,,,,,#позднийзавтрак,1,,,,,10+,2
,,,,,,,,,,,,,,,,,,,#полезныесоветы,1,,,,,10/10,2
,,,,,,,,,,,,,,,,,,,#полезныйобед,1,,,,,100%,2
,,,,,,,,,,,,,,,,,,,#пп,1,,,,,11,2
,,,,,,,,,,,,,,,,,,,#ппзавтрак,1,,,,,120,2
,,,,,,,,,,,,,,,,,,,#ппрецепт,1,,,,,120f,2
,,,,,,,,,,,,,,,,,,,#ппрецепты,1,,,,,125,2
,,,,,,,,,,,,,,,,,,,#простоивкусно,1,,,,,150c,2
,,,,,,,,,,,,,,,,,,,#рек,1,,,,,150g,2
,,,,,,,,,,,,,,,,,,,#рецептза5минут,1,,,,,15g,2
,,,,,,,,,,,,,,,,,,,#рецептосени,1,,,,,170g,2
,,,,,,,,,,,,,,,,,,,#рецептынакаждыйдень,1,,,,,175,2
,,,,,,,,,,,,,,,,,,,#салатза5минут,1,,,,,18,2
,,,,,,,,,,,,,,,,,,,#салатсананасом,1,,,,,1:,2
,,,,,,,,,,,,,,,,,,,#семейныйобед,1,,,,,1g,2
,,,,,,,,,,,,,,,,,,,#сендвич,1,,,,,1tbsp,2
,,,,,,,,,,,,,,,,,,,#сендвичизапятьминут,1,,,,,2/3,2
,,,,,,,,,,,,,,,,,,,#спагетти,1,,,,,2025✨,2
,,,,,,,,,,,,,,,,,,,#стройныйрецепт,1,,,,,20ml,2
,,,,,,,,,,,,,,,,,,,#сыр,1,,,,,21,2
,,,,,,,,,,,,,,,,,,,#сырнаяяичница,1,,,,,22g,2
,,,,,,,,,,,,,,,,,,,#сэндвичсяйцом,1,,,,,250ml,2
,,,,,,,,,,,,,,,,,,,#тиктокготовит,1,,,,,25g,2
,,,,,,,,,,,,,,,,,,,#топкулинар,1,,,,,28g,2
,,,,,,,,,,,,,,,,,,,#ужинза15минут,1,,,,,30-40,2
,,,,,,,,,,,,,,,,,,,#фарш,1,,,,,320,2
,,,,,,,,,,,,,,,,,,,#фрикадельки,1,,,,,350g,2
,,,,,,,,,,,,,,,,,,,#фудблогер,1,,,,,35g,2
,,,,,,,,,,,,,,,,,,,#чтоготовить,1,,,,,4-6,2
,,,,,,,,,,,,,,,,,,,#яичница,1,,,,,400,2
,,,,,,,,,,,,,,,,,,,#المغرب🇲🇦,1,,,,,400f,2
,,,,,,,,,,,,,,,,,,,#باذنجان,1,,,,,425°f,2
,,,,,,,,,,,,,,,,,,,#دجاج,1,,,,,4oz,2
,,,,,,,,,,,,,,,,,,,#سلطات,1,,,,,5-10,2
,,,,,,,,,,,,,,,,,,,#سلطات_سهلة,1,,,,,50-60,2
,,,,,,,,,,,,,,,,,,,#سلطات_لذيذه,1,,,,,500,2
,,,,,,,,,,,,,,,,,,,#سلطة_الباذنجان,1,,,,,5g,2
,,,,,,,,,,,,,,,,,,,#سلطة_الشمندر,1,,,,,60g,2
,,,,,,,,,,,,,,,,,,,#شاورما,1,,,,,70,2
,,,,,,,,,,,,,,,,,,,#طبخ,1,,,,,750g,2
,,,,,,,,,,,,,,,,,,,#كولاجان,1,,,,,9-10,2
,,,,,,,,,,,,,,,,,,,#كولاجين,1,,,,,<3,2
,,,,,,,,,,,,,,,,,,,#كولاجين_طبيعي_للبشره,1,,,,,?,2
,,,,,,,,,,,,,,,,,,,#نادك_كله_خير,1,,,,,@chips,2
,,,,,,,,,,,,,,,,,,,#وصفات_رمضان,1,,,,,@keen’s,2
,,,,,,,,,,,,,,,,,,,#お弁当,1,,,,,@kerrygoldusa,2
,,,,,,,,,,,,,,,,,,,#セロリの酢の物,1,,,,,@sargento,2
,,,,,,,,,,,,,,,,,,,#卵焼き,1,,,,,able,2
,,,,,,,,,,,,,,,,,,,#大胃王,1,,,,,absolutely,2
,,,,,,,,,,,,,,,,,,,#大食い,1,,,,,aceite,2
,,,,,,,,,,,,,,,,,,,#弁当,1,,,,,active,2
,,,,,,,,,,,,,,,,,,,#肉団子,1,,,,,ad,2
,,,,,,,,,,,,,,,,,,,#대식가,1,,,,,aggiungete,2
,,,,,,,,,,,,,,,,,,,#도시락,1,,,,,ahora,2
,,,,,,,,,,,,,,,,,,,#도시락반찬,1,,,,,ahoy!,2
,,,,,,,,,,,,,,,,,,,#도시락싸기,1,,,,,aji-ginisa,2
,,,,,,,,,,,,,,,,,,,#맛있다,1,,,,,already,2
,,,,,,,,,,,,,,,,,,,#버터,1,,,,,"alternately,",2
,,,,,,,,,,,,,,,,,,,#버터쿠키,1,,,,,amazing,2
,,,,,,,,,,,,,,,,,,,#베이킹,1,,,,,angle,2
,,,,,,,,,,,,,,,,,,,#빵,1,,,,,answer,2
,,,,,,,,,,,,,,,,,,,#음식,1,,,,,appetizer,2
,,,,,,,,,,,,,,,,,,,#쿠키,1,,,,,approximately,2
,,,,,,,,,,,,,,,,,,,#토스트,1,,,,,"archersfood

make",2
,,,,,,,,,,,,,,,,,,,#한식,1,,,,,"aside,",2
,,,,,,,,,,,,,,,,,,,#홈베이킹,1,,,,,australia,2
,,,,,,,,,,,,,,,,,,,baker,1,,,,,babies,2
,,,,,,,,,,,,,,,,,,,"baking,",1,,,,,baby,2
,,,,,,,,,,,,,,,,,,,chip,1,,,,,bagel.,2
,,,,,,,,,,,,,,,,,,,chocolate,1,,,,,bagels,2
,,,,,,,,,,,,,,,,,,,gooey,1,,,,,bahan,2
,,,,,,,,,,,,,,,,,,,hashtags,1,,,,,balsamic,2
,,,,,,,,,,,,,,,,,,,now!,1,,,,,bar,2
,,,,,,,,,,,,,,,,,,,ooey,1,,,,,bars,2
,,,,,,,,,,,,,,,,,,,"skillet,",1,,,,,based,2
,,,,,,,,,,,,,,,,,,,"tiktok,",1,,,,,"batter,",2
,,,,,,,,,,,,,,,,,,,"tok,",1,,,,,batter.,2
,,,,,,,,,,,,,,,,,,,اعلان,1,,,,,batter:,2
,,,,,,,,,,,,,,,,,,,البصل,1,,,,,batters,2
,,,,,,,,,,,,,,,,,,,الدولمة,1,,,,,bavette,2
,,,,,,,,,,,,,,,,,,,العراقية,1,,,,,bawah),2
,,,,,,,,,,,,,,,,,,,او,1,,,,,bean,2
,,,,,,,,,,,,,,,,,,,محشي,1,,,,,beans,2
,,,,,,,,,,,,,,,,,,,😍,1,,,,,beaten,2
,,,,,,,,,,,,,,,,,,,,,,,,,"beef,",2
,,,,,,,,,,,,,,,,,,,,,,,,,bell,2
,,,,,,,,,,,,,,,,,,,,,,,,,bellissimo!,2
,,,,,,,,,,,,,,,,,,,,,,,,,"better,",2
,,,,,,,,,,,,,,,,,,,,,,,,,bikin,2
,,,,,,,,,,,,,,,,,,,,,,,,,bim’e,2
,,,,,,,,,,,,,,,,,,,,,,,,,bio!!,2
,,,,,,,,,,,,,,,,,,,,,,,,,bio),2
,,,,,,,,,,,,,,,,,,,,,,,,,birchberryco.com,2
,,,,,,,,,,,,,,,,,,,,,,,,,biscoff,2
,,,,,,,,,,,,,,,,,,,,,,,,,biscuits,2
,,,,,,,,,,,,,,,,,,,,,,,,,bite,2
,,,,,,,,,,,,,,,,,,,,,,,,,blech,2
,,,,,,,,,,,,,,,,,,,,,,,,,blended,2
,,,,,,,,,,,,,,,,,,,,,,,,,blog,2
,,,,,,,,,,,,,,,,,,,,,,,,,blue,2
,,,,,,,,,,,,,,,,,,,,,,,,,"blueberries,",2
,,,,,,,,,,,,,,,,,,,,,,,,,blueberry,2
,,,,,,,,,,,,,,,,,,,,,,,,,body,2
,,,,,,,,,,,,,,,,,,,,,,,,,boiled,2
,,,,,,,,,,,,,,,,,,,,,,,,,bolognese,2
,,,,,,,,,,,,,,,,,,,,,,,,,"boneless,",2
,,,,,,,,,,,,,,,,,,,,,,,,,bones,2
,,,,,,,,,,,,,,,,,,,,,,,,,bottom.,2
,,,,,,,,,,,,,,,,,,,,,,,,,box,2
,,,,,,,,,,,,,,,,,,,,,,,,,"bread,",2
,,,,,,,,,,,,,,,,,,,,,,,,,breast.,2
,,,,,,,,,,,,,,,,,,,,,,,,,breasts.,2
,,,,,,,,,,,,,,,,,,,,,,,,,brioche,2
,,,,,,,,,,,,,,,,,,,,,,,,,broccoli:,2
,,,,,,,,,,,,,,,,,,,,,,,,,"broth,",2
,,,,,,,,,,,,,,,,,,,,,,,,,buah,2
,,,,,,,,,,,,,,,,,,,,,,,,,bubuk,2
,,,,,,,,,,,,,,,,,,,,,,,,,budget,2
,,,,,,,,,,,,,,,,,,,,,,,,,bueno.,2
,,,,,,,,,,,,,,,,,,,,,,,,,bulb,2
,,,,,,,,,,,,,,,,,,,,,,,,,buldak,2
,,,,,,,,,,,,,,,,,,,,,,,,,"buns,",2
,,,,,,,,,,,,,,,,,,,,,,,,,burning,2
,,,,,,,,,,,,,,,,,,,,,,,,,butterfly,2
,,,,,,,,,,,,,,,,,,,,,,,,,"buttermilk,",2
,,,,,,,,,,,,,,,,,,,,,,,,,buttermilk.,2
,,,,,,,,,,,,,,,,,,,,,,,,,c).,2
,,,,,,,,,,,,,,,,,,,,,,,,,cake!,2
,,,,,,,,,,,,,,,,,,,,,,,,,cakes,2
,,,,,,,,,,,,,,,,,,,,,,,,,"calorie,",2
,,,,,,,,,,,,,,,,,,,,,,,,,calories!,2
,,,,,,,,,,,,,,,,,,,,,,,,,campbell’s®,2
,,,,,,,,,,,,,,,,,,,,,,,,,cannot,2
,,,,,,,,,,,,,,,,,,,,,,,,,"caramelizing,",2
,,,,,,,,,,,,,,,,,,,,,,,,,carbonara,2
,,,,,,,,,,,,,,,,,,,,,,,,,carbs,2
,,,,,,,,,,,,,,,,,,,,,,,,,carrot,2
,,,,,,,,,,,,,,,,,,,,,,,,,casing,2
,,,,,,,,,,,,,,,,,,,,,,,,,cebolla,2
,,,,,,,,,,,,,,,,,,,,,,,,,celery,2
,,,,,,,,,,,,,,,,,,,,,,,,,challenge,2
,,,,,,,,,,,,,,,,,,,,,,,,,"cheddar,",2
,,,,,,,,,,,,,,,,,,,,,,,,,chemo,2
,,,,,,,,,,,,,,,,,,,,,,,,,chicken:,2
,,,,,,,,,,,,,,,,,,,,,,,,,childhood,2
,,,,,,,,,,,,,,,,,,,,,,,,,chilies,2
,,,,,,,,,,,,,,,,,,,,,,,,,"chilli,",2
,,,,,,,,,,,,,,,,,,,,,,,,,"chips,",2
,,,,,,,,,,,,,,,,,,,,,,,,,chives,2
,,,,,,,,,,,,,,,,,,,,,,,,,"chives,",2
,,,,,,,,,,,,,,,,,,,,,,,,,"choice,",2
,,,,,,,,,,,,,,,,,,,,,,,,,chopsticks,2
,,,,,,,,,,,,,,,,,,,,,,,,,chunks.,2
,,,,,,,,,,,,,,,,,,,,,,,,,cider,2
,,,,,,,,,,,,,,,,,,,,,,,,,"cinnamon,",2
,,,,,,,,,,,,,,,,,,,,,,,,,club,2
,,,,,,,,,,,,,,,,,,,,,,,,,coated,2
,,,,,,,,,,,,,,,,,,,,,,,,,cocida,2
,,,,,,,,,,,,,,,,,,,,,,,,,code*dpy7472*,2
,,,,,,,,,,,,,,,,,,,,,,,,,coffee,2
,,,,,,,,,,,,,,,,,,,,,,,,,color.,2
,,,,,,,,,,,,,,,,,,,,,,,,,colour.,2
,,,,,,,,,,,,,,,,,,,,,,,,,"combined,",2
,,,,,,,,,,,,,,,,,,,,,,,,,combines,2
,,,,,,,,,,,,,,,,,,,,,,,,,combo,2
,,,,,,,,,,,,,,,,,,,,,,,,,completely.,2
,,,,,,,,,,,,,,,,,,,,,,,,,concentré,2
,,,,,,,,,,,,,,,,,,,,,,,,,conchitas,2
,,,,,,,,,,,,,,,,,,,,,,,,,condensed,2
,,,,,,,,,,,,,,,,,,,,,,,,,continuously,2
,,,,,,,,,,,,,,,,,,,,,,,,,convenient,2
,,,,,,,,,,,,,,,,,,,,,,,,,cookbooks,2
,,,,,,,,,,,,,,,,,,,,,,,,,cooked.,2
,,,,,,,,,,,,,,,,,,,,,,,,,cookie.,2
,,,,,,,,,,,,,,,,,,,,,,,,,"cooking,",2
,,,,,,,,,,,,,,,,,,,,,,,,,coriander,2
,,,,,,,,,,,,,,,,,,,,,,,,,corners,2
,,,,,,,,,,,,,,,,,,,,,,,,,cornflakes.,2
,,,,,,,,,,,,,,,,,,,,,,,,,cornstarch.,2
,,,,,,,,,,,,,,,,,,,,,,,,,cottage,2
,,,,,,,,,,,,,,,,,,,,,,,,,couple,2
,,,,,,,,,,,,,,,,,,,,,,,,,course,2
,,,,,,,,,,,,,,,,,,,,,,,,,crack,2
,,,,,,,,,,,,,,,,,,,,,,,,,cream -,2
,,,,,,,,,,,,,,,,,,,,,,,,,creating,2
,,,,,,,,,,,,,,,,,,,,,,,,,crinkle,2
,,,,,,,,,,,,,,,,,,,,,,,,,crisp,2
,,,,,,,,,,,,,,,,,,,,,,,,,cucharada,2
,,,,,,,,,,,,,,,,,,,,,,,,,"cumin,",2
,,,,,,,,,,,,,,,,,,,,,,,,,cups),2
,,,,,,,,,,,,,,,,,,,,,,,,,da,2
,,,,,,,,,,,,,,,,,,,,,,,,,dad’s,2
,,,,,,,,,,,,,,,,,,,,,,,,,dalam,2
,,,,,,,,,,,,,,,,,,,,,,,,,dans,2
,,,,,,,,,,,,,,,,,,,,,,,,,darker,2
,,,,,,,,,,,,,,,,,,,,,,,,,date,2
,,,,,,,,,,,,,,,,,,,,,,,,,dates,2
,,,,,,,,,,,,,,,,,,,,,,,,,"day,",2
,,,,,,,,,,,,,,,,,,,,,,,,,day.,2
,,,,,,,,,,,,,,,,,,,,,,,,,decorate,2
,,,,,,,,,,,,,,,,,,,,,,,,,del,2
,,,,,,,,,,,,,,,,,,,,,,,,,dem,2
,,,,,,,,,,,,,,,,,,,,,,,,,dente).,2
,,,,,,,,,,,,,,,,,,,,,,,,,"dente,",2
,,,,,,,,,,,,,,,,,,,,,,,,,desired,2
,,,,,,,,,,,,,,,,,,,,,,,,,"dessert,",2
,,,,,,,,,,,,,,,,,,,,,,,,,desserts,2
,,,,,,,,,,,,,,,,,,,,,,,,,didnt,2
,,,,,,,,,,,,,,,,,,,,,,,,,didn’t,2
,,,,,,,,,,,,,,,,,,,,,,,,,die,2
,,,,,,,,,,,,,,,,,,,,,,,,,directions:,2
,,,,,,,,,,,,,,,,,,,,,,,,,dish!,2
,,,,,,,,,,,,,,,,,,,,,,,,,dissolved,2
,,,,,,,,,,,,,,,,,,,,,,,,,dissolved.,2
,,,,,,,,,,,,,,,,,,,,,,,,,dissolves,2
,,,,,,,,,,,,,,,,,,,,,,,,,divide,2
,,,,,,,,,,,,,,,,,,,,,,,,,dms🥰,2
,,,,,,,,,,,,,,,,,,,,,,,,,dog,2
,,,,,,,,,,,,,,,,,,,,,,,,,dollops,2
,,,,,,,,,,,,,,,,,,,,,,,,,don't,2
,,,,,,,,,,,,,,,,,,,,,,,,,"done,",2
,,,,,,,,,,,,,,,,,,,,,,,,,doubled,2
,,,,,,,,,,,,,,,,,,,,,,,,,down.,2
,,,,,,,,,,,,,,,,,,,,,,,,,dredge,2
,,,,,,,,,,,,,,,,,,,,,,,,,dressing,2
,,,,,,,,,,,,,,,,,,,,,,,,,dried),2
,,,,,,,,,,,,,,,,,,,,,,,,,drip,2
,,,,,,,,,,,,,,,,,,,,,,,,,drop,2
,,,,,,,,,,,,,,,,,,,,,,,,,drops,2
,,,,,,,,,,,,,,,,,,,,,,,,,dumplings,2
,,,,,,,,,,,,,,,,,,,,,,,,,during,2
,,,,,,,,,,,,,,,,,,,,,,,,,dyeing,2
,,,,,,,,,,,,,,,,,,,,,,,,,each.,2
,,,,,,,,,,,,,,,,,,,,,,,,,"easy,",2
,,,,,,,,,,,,,,,,,,,,,,,,,edges.,2
,,,,,,,,,,,,,,,,,,,,,,,,,egg.,2
,,,,,,,,,,,,,,,,,,,,,,,,,eggland’s,2
,,,,,,,,,,,,,,,,,,,,,,,,,either,2
,,,,,,,,,,,,,,,,,,,,,,,,,electric,2
,,,,,,,,,,,,,,,,,,,,,,,,,ends.,2
,,,,,,,,,,,,,,,,,,,,,,,,,english,2
,,,,,,,,,,,,,,,,,,,,,,,,,enjoy! ,2
,,,,,,,,,,,,,,,,,,,,,,,,,ensures,2
,,,,,,,,,,,,,,,,,,,,,,,,,episode,2
,,,,,,,,,,,,,,,,,,,,,,,,,erboven,2
,,,,,,,,,,,,,,,,,,,,,,,,,erythritol,2
,,,,,,,,,,,,,,,,,,,,,,,,,especially,2
,,,,,,,,,,,,,,,,,,,,,,,,,"espresso,",2
,,,,,,,,,,,,,,,,,,,,,,,,,essential,2
,,,,,,,,,,,,,,,,,,,,,,,,,esslöffel,2
,,,,,,,,,,,,,,,,,,,,,,,,,ever!,2
,,,,,,,,,,,,,,,,,,,,,,,,,everyone!,2
,,,,,,,,,,,,,,,,,,,,,,,,,except,2
,,,,,,,,,,,,,,,,,,,,,,,,,experience,2
,,,,,,,,,,,,,,,,,,,,,,,,,eye,2
,,,,,,,,,,,,,,,,,,,,,,,,,facile,2
,,,,,,,,,,,,,,,,,,,,,,,,,fall,2
,,,,,,,,,,,,,,,,,,,,,,,,,fam,2
,,,,,,,,,,,,,,,,,,,,,,,,,farina,2
,,,,,,,,,,,,,,,,,,,,,,,,,faster,2
,,,,,,,,,,,,,,,,,,,,,,,,,"fat,",2
,,,,,,,,,,,,,,,,,,,,,,,,,fave,2
,,,,,,,,,,,,,,,,,,,,,,,,,feed,2
,,,,,,,,,,,,,,,,,,,,,,,,,feeding,2
,,,,,,,,,,,,,,,,,,,,,,,,,feeling,2
,,,,,,,,,,,,,,,,,,,,,,,,,"feta,",2
,,,,,,,,,,,,,,,,,,,,,,,,,fiber,2
,,,,,,,,,,,,,,,,,,,,,,,,,filled,2
,,,,,,,,,,,,,,,,,,,,,,,,,fillet,2
,,,,,,,,,,,,,,,,,,,,,,,,,fitness,2
,,,,,,,,,,,,,,,,,,,,,,,,,flaky,2
,,,,,,,,,,,,,,,,,,,,,,,,,flatten,2
,,,,,,,,,,,,,,,,,,,,,,,,,"flavorful,",2
,,,,,,,,,,,,,,,,,,,,,,,,,flipping,2
,,,,,,,,,,,,,,,,,,,,,,,,,"florets,",2
,,,,,,,,,,,,,,,,,,,,,,,,,fluffy.,2
,,,,,,,,,,,,,,,,,,,,,,,,,focused,2
,,,,,,,,,,,,,,,,,,,,,,,,,"foil,",2
,,,,,,,,,,,,,,,,,,,,,,,,,fork,2
,,,,,,,,,,,,,,,,,,,,,,,,,found,2
,,,,,,,,,,,,,,,,,,,,,,,,,four,2
,,,,,,,,,,,,,,,,,,,,,,,,,freiss,2
,,,,,,,,,,,,,,,,,,,,,,,,,french,2
,,,,,,,,,,,,,,,,,,,,,,,,,frequently,2
,,,,,,,,,,,,,,,,,,,,,,,,,friend,2
,,,,,,,,,,,,,,,,,,,,,,,,,frosting,2
,,,,,,,,,,,,,,,,,,,,,,,,,frosting:,2
,,,,,,,,,,,,,,,,,,,,,,,,,ft,2
,,,,,,,,,,,,,,,,,,,,,,,,,further!,2
,,,,,,,,,,,,,,,,,,,,,,,,,gallo,2
,,,,,,,,,,,,,,,,,,,,,,,,,garnish.,2
,,,,,,,,,,,,,,,,,,,,,,,,,garnishes,2
,,,,,,,,,,,,,,,,,,,,,,,,,gehakte,2
,,,,,,,,,,,,,,,,,,,,,,,,,genuinely,2
,,,,,,,,,,,,,,,,,,,,,,,,,gluten,2
,,,,,,,,,,,,,,,,,,,,,,,,,golden.,2
,,,,,,,,,,,,,,,,,,,,,,,,,gooey,2
,,,,,,,,,,,,,,,,,,,,,,,,,granules.,2
,,,,,,,,,,,,,,,,,,,,,,,,,greased,2
,,,,,,,,,,,,,,,,,,,,,,,,,great,2
,,,,,,,,,,,,,,,,,,,,,,,,,groceries.,2
,,,,,,,,,,,,,,,,,,,,,,,,,guess,2
,,,,,,,,,,,,,,,,,,,,,,,,,gummy,2
,,,,,,,,,,,,,,,,,,,,,,,,,hace,2
,,,,,,,,,,,,,,,,,,,,,,,,,half.,2
,,,,,,,,,,,,,,,,,,,,,,,,,halfway,2
,,,,,,,,,,,,,,,,,,,,,,,,,hands,2
,,,,,,,,,,,,,,,,,,,,,,,,,hazelnoot,2
,,,,,,,,,,,,,,,,,,,,,,,,,heartburn,2
,,,,,,,,,,,,,,,,,,,,,,,,,heated,2
,,,,,,,,,,,,,,,,,,,,,,,,,heating,2
,,,,,,,,,,,,,,,,,,,,,,,,,heatproof,2
,,,,,,,,,,,,,,,,,,,,,,,,,helmet,2
,,,,,,,,,,,,,,,,,,,,,,,,,her,2
,,,,,,,,,,,,,,,,,,,,,,,,,herb,2
,,,,,,,,,,,,,,,,,,,,,,,,,herbs,2
,,,,,,,,,,,,,,,,,,,,,,,,,heritage,2
,,,,,,,,,,,,,,,,,,,,,,,,,hit,2
,,,,,,,,,,,,,,,,,,,,,,,,,hold,2
,,,,,,,,,,,,,,,,,,,,,,,,,hotdog,2
,,,,,,,,,,,,,,,,,,,,,,,,,hotdogs,2
,,,,,,,,,,,,,,,,,,,,,,,,,hours.,2
,,,,,,,,,,,,,,,,,,,,,,,,,hp,2
,,,,,,,,,,,,,,,,,,,,,,,,,huge,2
,,,,,,,,,,,,,,,,,,,,,,,,,i've,2
,,,,,,,,,,,,,,,,,,,,,,,,,iceberg,2
,,,,,,,,,,,,,,,,,,,,,,,,,idea,2
,,,,,,,,,,,,,,,,,,,,,,,,,ideas!,2
,,,,,,,,,,,,,,,,,,,,,,,,,ideas!😏,2
,,,,,,,,,,,,,,,,,,,,,,,,,in!,2
,,,,,,,,,,,,,,,,,,,,,,,,,incorporate,2
,,,,,,,,,,,,,,,,,,,,,,,,,incredible,2
,,,,,,,,,,,,,,,,,,,,,,,,,indian,2
,,,,,,,,,,,,,,,,,,,,,,,,,indofood,2
,,,,,,,,,,,,,,,,,,,,,,,,,inspo,2
,,,,,,,,,,,,,,,,,,,,,,,,,instead,2
,,,,,,,,,,,,,,,,,,,,,,,,,ive,2
,,,,,,,,,,,,,,,,,,,,,,,,,için,2
,,,,,,,,,,,,,,,,,,,,,,,,,jalapeños,2
,,,,,,,,,,,,,,,,,,,,,,,,,jitomates,2
,,,,,,,,,,,,,,,,,,,,,,,,,job,2
,,,,,,,,,,,,,,,,,,,,,,,,,"journey,",2
,,,,,,,,,,,,,,,,,,,,,,,,,juice.,2
,,,,,,,,,,,,,,,,,,,,,,,,,já,2
,,,,,,,,,,,,,,,,,,,,,,,,,"kataifi,",2
,,,,,,,,,,,,,,,,,,,,,,,,,kewpie,2
,,,,,,,,,,,,,,,,,,,,,,,,,kneed,2
,,,,,,,,,,,,,,,,,,,,,,,,,knife,2
,,,,,,,,,,,,,,,,,,,,,,,,,ko,2
,,,,,,,,,,,,,,,,,,,,,,,,,kolang,2
,,,,,,,,,,,,,,,,,,,,,,,,,kıtır,2
,,,,,,,,,,,,,,,,,,,,,,,,,laat,2
,,,,,,,,,,,,,,,,,,,,,,,,,ladyfingers,2
,,,,,,,,,,,,,,,,,,,,,,,,,lamb,2
,,,,,,,,,,,,,,,,,,,,,,,,,"lamb,",2
,,,,,,,,,,,,,,,,,,,,,,,,,latte,2
,,,,,,,,,,,,,,,,,,,,,,,,,layering,2
,,,,,,,,,,,,,,,,,,,,,,,,,lbs,2
,,,,,,,,,,,,,,,,,,,,,,,,,leaf.,2
,,,,,,,,,,,,,,,,,,,,,,,,,leaves,2
,,,,,,,,,,,,,,,,,,,,,,,,,leftover,2
,,,,,,,,,,,,,,,,,,,,,,,,,"lemon,",2
,,,,,,,,,,,,,,,,,,,,,,,,,lemon.,2
,,,,,,,,,,,,,,,,,,,,,,,,,less),2
,,,,,,,,,,,,,,,,,,,,,,,,,let's,2
,,,,,,,,,,,,,,,,,,,,,,,,,lievito,2
,,,,,,,,,,,,,,,,,,,,,,,,,liked,2
,,,,,,,,,,,,,,,,,,,,,,,,,"link,",2
,,,,,,,,,,,,,,,,,,,,,,,,,links,2
,,,,,,,,,,,,,,,,,,,,,,,,,lite,2
,,,,,,,,,,,,,,,,,,,,,,,,,lo,2
,,,,,,,,,,,,,,,,,,,,,,,,,looked,2
,,,,,,,,,,,,,,,,,,,,,,,,,low.,2
,,,,,,,,,,,,,,,,,,,,,,,,,lunch/dinner,2
,,,,,,,,,,,,,,,,,,,,,,,,,lunchbox,2
,,,,,,,,,,,,,,,,,,,,,,,,,l’application,2
,,,,,,,,,,,,,,,,,,,,,,,,,major,2
,,,,,,,,,,,,,,,,,,,,,,,,,maple,2
,,,,,,,,,,,,,,,,,,,,,,,,,marinara,2
,,,,,,,,,,,,,,,,,,,,,,,,,marinated,2
,,,,,,,,,,,,,,,,,,,,,,,,,marry,2
,,,,,,,,,,,,,,,,,,,,,,,,,masala,2
,,,,,,,,,,,,,,,,,,,,,,,,,mascapone,2
,,,,,,,,,,,,,,,,,,,,,,,,,maybe,2
,,,,,,,,,,,,,,,,,,,,,,,,,"mayo,",2
,,,,,,,,,,,,,,,,,,,,,,,,,"mayonnaise,",2
,,,,,,,,,,,,,,,,,,,,,,,,,meal?,2
,,,,,,,,,,,,,,,,,,,,,,,,,measurements,2
,,,,,,,,,,,,,,,,,,,,,,,,,meat,2
,,,,,,,,,,,,,,,,,,,,,,,,,mediterranean,2
,,,,,,,,,,,,,,,,,,,,,,,,,medium/high,2
,,,,,,,,,,,,,,,,,,,,,,,,,medium/low,2
,,,,,,,,,,,,,,,,,,,,,,,,,mehl,2
,,,,,,,,,,,,,,,,,,,,,,,,,melts,2
,,,,,,,,,,,,,,,,,,,,,,,,,melty,2
,,,,,,,,,,,,,,,,,,,,,,,,,menit,2
,,,,,,,,,,,,,,,,,,,,,,,,,met,2
,,,,,,,,,,,,,,,,,,,,,,,,,might,2
,,,,,,,,,,,,,,,,,,,,,,,,,mild,2
,,,,,,,,,,,,,,,,,,,,,,,,,mince),2
,,,,,,,,,,,,,,,,,,,,,,,,,minimal,2
,,,,,,,,,,,,,,,,,,,,,,,,,mins.,2
,,,,,,,,,,,,,,,,,,,,,,,,,mint,2
,,,,,,,,,,,,,,,,,,,,,,,,,minute.,2
,,,,,,,,,,,,,,,,,,,,,,,,,minutes).,2
,,,,,,,,,,,,,,,,,,,,,,,,,mixtures,2
,,,,,,,,,,,,,,,,,,,,,,,,,moisture.,2
,,,,,,,,,,,,,,,,,,,,,,,,,mold,2
,,,,,,,,,,,,,,,,,,,,,,,,,molds,2
,,,,,,,,,,,,,,,,,,,,,,,,,moment,2
,,,,,,,,,,,,,,,,,,,,,,,,,moments,2
,,,,,,,,,,,,,,,,,,,,,,,,,money,2
,,,,,,,,,,,,,,,,,,,,,,,,,monster,2
,,,,,,,,,,,,,,,,,,,,,,,,,month,2
,,,,,,,,,,,,,,,,,,,,,,,,,"more,",2
,,,,,,,,,,,,,,,,,,,,,,,,,mushroom,2
,,,,,,,,,,,,,,,,,,,,,,,,,mushrooms,2
,,,,,,,,,,,,,,,,,,,,,,,,,must,2
,,,,,,,,,,,,,,,,,,,,,,,,,mustard.,2
,,,,,,,,,,,,,,,,,,,,,,,,,mélange,2
,,,,,,,,,,,,,,,,,,,,,,,,,nacho,2
,,,,,,,,,,,,,,,,,,,,,,,,,needed),2
,,,,,,,,,,,,,,,,,,,,,,,,,ninja,2
,,,,,,,,,,,,,,,,,,,,,,,,,niyo,2
,,,,,,,,,,,,,,,,,,,,,,,,,"now,",2
,,,,,,,,,,,,,,,,,,,,,,,,,nut,2
,,,,,,,,,,,,,,,,,,,,,,,,,nutmeg,2
,,,,,,,,,,,,,,,,,,,,,,,,,nutrients,2
,,,,,,,,,,,,,,,,,,,,,,,,,o,2
,,,,,,,,,,,,,,,,,,,,,,,,,oatmeal,2
,,,,,,,,,,,,,,,,,,,,,,,,,oats,2
,,,,,,,,,,,,,,,,,,,,,,,,,occasionally.,2
,,,,,,,,,,,,,,,,,,,,,,,,,och,2
,,,,,,,,,,,,,,,,,,,,,,,,,"off,",2
,,,,,,,,,,,,,,,,,,,,,,,,,off.,2
,,,,,,,,,,,,,,,,,,,,,,,,,often.,2
,,,,,,,,,,,,,,,,,,,,,,,,,olio,2
,,,,,,,,,,,,,,,,,,,,,,,,,oliva,2
,,,,,,,,,,,,,,,,,,,,,,,,,one!,2
,,,,,,,,,,,,,,,,,,,,,,,,,one-pan,2
,,,,,,,,,,,,,,,,,,,,,,,,,one.,2
,,,,,,,,,,,,,,,,,,,,,,,,,one’s,2
,,,,,,,,,,,,,,,,,,,,,,,,,onion.,2
,,,,,,,,,,,,,,,,,,,,,,,,,online,2
,,,,,,,,,,,,,,,,,,,,,,,,,online:,2
,,,,,,,,,,,,,,,,,,,,,,,,,op,2
,,,,,,,,,,,,,,,,,,,,,,,,,option,2
,,,,,,,,,,,,,,,,,,,,,,,,,option.,2
,,,,,,,,,,,,,,,,,,,,,,,,,optional:,2
,,,,,,,,,,,,,,,,,,,,,,,,,oranges,2
,,,,,,,,,,,,,,,,,,,,,,,,,orr,2
,,,,,,,,,,,,,,,,,,,,,,,,,orégano,2
,,,,,,,,,,,,,,,,,,,,,,,,,oven),2
,,,,,,,,,,,,,,,,,,,,,,,,,"oven,",2
,,,,,,,,,,,,,,,,,,,,,,,,,oven.,2
,,,,,,,,,,,,,,,,,,,,,,,,,oz),2
,,,,,,,,,,,,,,,,,,,,,,,,,p.s.,2
,,,,,,,,,,,,,,,,,,,,,,,,,packages,2
,,,,,,,,,,,,,,,,,,,,,,,,,packing,2
,,,,,,,,,,,,,,,,,,,,,,,,,packs,2
,,,,,,,,,,,,,,,,,,,,,,,,,pada,2
,,,,,,,,,,,,,,,,,,,,,,,,,pair,2
,,,,,,,,,,,,,,,,,,,,,,,,,pale,2
,,,,,,,,,,,,,,,,,,,,,,,,,palta,2
,,,,,,,,,,,,,,,,,,,,,,,,,pancake,2
,,,,,,,,,,,,,,,,,,,,,,,,,panggang,2
,,,,,,,,,,,,,,,,,,,,,,,,,paris,2
,,,,,,,,,,,,,,,,,,,,,,,,,parmesan.,2
,,,,,,,,,,,,,,,,,,,,,,,,,parts,2
,,,,,,,,,,,,,,,,,,,,,,,,,pasta”,2
,,,,,,,,,,,,,,,,,,,,,,,,,pasta🔥✨,2
,,,,,,,,,,,,,,,,,,,,,,,,,"paste,",2
,,,,,,,,,,,,,,,,,,,,,,,,,pat,2
,,,,,,,,,,,,,,,,,,,,,,,,,pdf,2
,,,,,,,,,,,,,,,,,,,,,,,,,peaks,2
,,,,,,,,,,,,,,,,,,,,,,,,,peeled,2
,,,,,,,,,,,,,,,,,,,,,,,,,peppercorns,2
,,,,,,,,,,,,,,,,,,,,,,,,,pero,2
,,,,,,,,,,,,,,,,,,,,,,,,,pie,2
,,,,,,,,,,,,,,,,,,,,,,,,,pie!,2
,,,,,,,,,,,,,,,,,,,,,,,,,piece,2
,,,,,,,,,,,,,,,,,,,,,,,,,pieces.,2
,,,,,,,,,,,,,,,,,,,,,,,,,pierce,2
,,,,,,,,,,,,,,,,,,,,,,,,,pita,2
,,,,,,,,,,,,,,,,,,,,,,,,,pizza,2
,,,,,,,,,,,,,,,,,,,,,,,,,plan,2
,,,,,,,,,,,,,,,,,,,,,,,,,plastic,2
,,,,,,,,,,,,,,,,,,,,,,,,,pm-za-eno-24-00018,2
,,,,,,,,,,,,,,,,,,,,,,,,,poedersuiker,2
,,,,,,,,,,,,,,,,,,,,,,,,,point,2
,,,,,,,,,,,,,,,,,,,,,,,,,pomegranate,2
,,,,,,,,,,,,,,,,,,,,,,,,,possible,2
,,,,,,,,,,,,,,,,,,,,,,,,,pound,2
,,,,,,,,,,,,,,,,,,,,,,,,,pov:,2
,,,,,,,,,,,,,,,,,,,,,,,,,practice,2
,,,,,,,,,,,,,,,,,,,,,,,,,prefer,2
,,,,,,,,,,,,,,,,,,,,,,,,,prefer.,2
,,,,,,,,,,,,,,,,,,,,,,,,,preferred,2
,,,,,,,,,,,,,,,,,,,,,,,,,prepped,2
,,,,,,,,,,,,,,,,,,,,,,,,,pro,2
,,,,,,,,,,,,,,,,,,,,,,,,,process,2
,,,,,,,,,,,,,,,,,,,,,,,,,products,2
,,,,,,,,,,,,,,,,,,,,,,,,,protality,2
,,,,,,,,,,,,,,,,,,,,,,,,,protein.,2
,,,,,,,,,,,,,,,,,,,,,,,,,puff,2
,,,,,,,,,,,,,,,,,,,,,,,,,pulled,2
,,,,,,,,,,,,,,,,,,,,,,,,,purchase.,2
,,,,,,,,,,,,,,,,,,,,,,,,,päckchen,2
,,,,,,,,,,,,,,,,,,,,,,,,,quartered,2
,,,,,,,,,,,,,,,,,,,,,,,,,raising,2
,,,,,,,,,,,,,,,,,,,,,,,,,ramyun,2
,,,,,,,,,,,,,,,,,,,,,,,,,random,2
,,,,,,,,,,,,,,,,,,,,,,,,,rasa,2
,,,,,,,,,,,,,,,,,,,,,,,,,rate,2
,,,,,,,,,,,,,,,,,,,,,,,,,reasons,2
,,,,,,,,,,,,,,,,,,,,,,,,,recept,2
,,,,,,,,,,,,,,,,,,,,,,,,,recipes! ♥️,2
,,,,,,,,,,,,,,,,,,,,,,,,,"recipes,",2
,,,,,,,,,,,,,,,,,,,,,,,,,recipes:,2
,,,,,,,,,,,,,,,,,,,,,,,,,reheat,2
,,,,,,,,,,,,,,,,,,,,,,,,,removed,2
,,,,,,,,,,,,,,,,,,,,,,,,,rendimiento,2
,,,,,,,,,,,,,,,,,,,,,,,,,repeat.,2
,,,,,,,,,,,,,,,,,,,,,,,,,rest.,2
,,,,,,,,,,,,,,,,,,,,,,,,,rich,2
,,,,,,,,,,,,,,,,,,,,,,,,,rind.,2
,,,,,,,,,,,,,,,,,,,,,,,,,rinse,2
,,,,,,,,,,,,,,,,,,,,,,,,,rinsed,2
,,,,,,,,,,,,,,,,,,,,,,,,,rolls!,2
,,,,,,,,,,,,,,,,,,,,,,,,,room.,2
,,,,,,,,,,,,,,,,,,,,,,,,,roughly,2
,,,,,,,,,,,,,,,,,,,,,,,,,runny,2
,,,,,,,,,,,,,,,,,,,,,,,,,rye,2
,,,,,,,,,,,,,,,,,,,,,,,,,s'mores,2
,,,,,,,,,,,,,,,,,,,,,,,,,sachet,2
,,,,,,,,,,,,,,,,,,,,,,,,,sachets,2
,,,,,,,,,,,,,,,,,,,,,,,,,sahnesteif,2
,,,,,,,,,,,,,,,,,,,,,,,,,sale,2
,,,,,,,,,,,,,,,,,,,,,,,,,"sandwich,",2
,,,,,,,,,,,,,,,,,,,,,,,,,sargento,2
,,,,,,,,,,,,,,,,,,,,,,,,,saturated,2
,,,,,,,,,,,,,,,,,,,,,,,,,sauce!,2
,,,,,,,,,,,,,,,,,,,,,,,,,sausage.,2
,,,,,,,,,,,,,,,,,,,,,,,,,sausages,2
,,,,,,,,,,,,,,,,,,,,,,,,,scale,2
,,,,,,,,,,,,,,,,,,,,,,,,,scraping,2
,,,,,,,,,,,,,,,,,,,,,,,,,searched,2
,,,,,,,,,,,,,,,,,,,,,,,,,season.,2
,,,,,,,,,,,,,,,,,,,,,,,,,second,2
,,,,,,,,,,,,,,,,,,,,,,,,,secukupnya,2
,,,,,,,,,,,,,,,,,,,,,,,,,selama,2
,,,,,,,,,,,,,,,,,,,,,,,,,series™,2
,,,,,,,,,,,,,,,,,,,,,,,,,serve!,2
,,,,,,,,,,,,,,,,,,,,,,,,,"serve,",2
,,,,,,,,,,,,,,,,,,,,,,,,,servings,2
,,,,,,,,,,,,,,,,,,,,,,,,,"sesame,",2
,,,,,,,,,,,,,,,,,,,,,,,,,sesuai,2
,,,,,,,,,,,,,,,,,,,,,,,,,"shallot,",2
,,,,,,,,,,,,,,,,,,,,,,,,,shallow,2
,,,,,,,,,,,,,,,,,,,,,,,,,sharing,2
,,,,,,,,,,,,,,,,,,,,,,,,,sharp,2
,,,,,,,,,,,,,,,,,,,,,,,,,"sheets,",2
,,,,,,,,,,,,,,,,,,,,,,,,,shin,2
,,,,,,,,,,,,,,,,,,,,,,,,,shiny.,2
,,,,,,,,,,,,,,,,,,,,,,,,,short,2
,,,,,,,,,,,,,,,,,,,,,,,,,shots,2
,,,,,,,,,,,,,,,,,,,,,,,,,side).,2
,,,,,,,,,,,,,,,,,,,,,,,,,sides,2
,,,,,,,,,,,,,,,,,,,,,,,,,sides™,2
,,,,,,,,,,,,,,,,,,,,,,,,,"sisig,",2
,,,,,,,,,,,,,,,,,,,,,,,,,site,2
,,,,,,,,,,,,,,,,,,,,,,,,,size,2
,,,,,,,,,,,,,,,,,,,,,,,,,sized,2
,,,,,,,,,,,,,,,,,,,,,,,,,skinless,2
,,,,,,,,,,,,,,,,,,,,,,,,,skins,2
,,,,,,,,,,,,,,,,,,,,,,,,,slider,2
,,,,,,,,,,,,,,,,,,,,,,,,,slowly.,2
,,,,,,,,,,,,,,,,,,,,,,,,,slurry,2
,,,,,,,,,,,,,,,,,,,,,,,,,smaller,2
,,,,,,,,,,,,,,,,,,,,,,,,,smashed,2
,,,,,,,,,,,,,,,,,,,,,,,,,smoothie,2
,,,,,,,,,,,,,,,,,,,,,,,,,snacks,2
,,,,,,,,,,,,,,,,,,,,,,,,,snickers,2
,,,,,,,,,,,,,,,,,,,,,,,,,"soft,",2
,,,,,,,,,,,,,,,,,,,,,,,,,soon,2
,,,,,,,,,,,,,,,,,,,,,,,,,soooooo,2
,,,,,,,,,,,,,,,,,,,,,,,,,sorbet,2
,,,,,,,,,,,,,,,,,,,,,,,,,sound,2
,,,,,,,,,,,,,,,,,,,,,,,,,sounds,2
,,,,,,,,,,,,,,,,,,,,,,,,,sourdough,2
,,,,,,,,,,,,,,,,,,,,,,,,,spatula.,2
,,,,,,,,,,,,,,,,,,,,,,,,,special,2
,,,,,,,,,,,,,,,,,,,,,,,,,spiced,2
,,,,,,,,,,,,,,,,,,,,,,,,,splash,2
,,,,,,,,,,,,,,,,,,,,,,,,,spoonful,2
,,,,,,,,,,,,,,,,,,,,,,,,,spoons,2
,,,,,,,,,,,,,,,,,,,,,,,,,sprigs,2
,,,,,,,,,,,,,,,,,,,,,,,,,squares,2
,,,,,,,,,,,,,,,,,,,,,,,,,stack,2
,,,,,,,,,,,,,,,,,,,,,,,,,stand,2
,,,,,,,,,,,,,,,,,,,,,,,,,staple,2
,,,,,,,,,,,,,,,,,,,,,,,,,"steak,",2
,,,,,,,,,,,,,,,,,,,,,,,,,step,2
,,,,,,,,,,,,,,,,,,,,,,,,,stiff,2
,,,,,,,,,,,,,,,,,,,,,,,,,stitch,2
,,,,,,,,,,,,,,,,,,,,,,,,,straight,2
,,,,,,,,,,,,,,,,,,,,,,,,,street,2
,,,,,,,,,,,,,,,,,,,,,,,,,strip,2
,,,,,,,,,,,,,,,,,,,,,,,,,strong,2
,,,,,,,,,,,,,,,,,,,,,,,,,stuck,2
,,,,,,,,,,,,,,,,,,,,,,,,,style,2
,,,,,,,,,,,,,,,,,,,,,,,,,suhu,2
,,,,,,,,,,,,,,,,,,,,,,,,,supermarkets,2
,,,,,,,,,,,,,,,,,,,,,,,,,support,2
,,,,,,,,,,,,,,,,,,,,,,,,,sushi,2
,,,,,,,,,,,,,,,,,,,,,,,,,"sweetener,",2
,,,,,,,,,,,,,,,,,,,,,,,,,syrup,2
,,,,,,,,,,,,,,,,,,,,,,,,,szechuan,2
,,,,,,,,,,,,,,,,,,,,,,,,,taco,2
,,,,,,,,,,,,,,,,,,,,,,,,,tagliatelle,2
,,,,,,,,,,,,,,,,,,,,,,,,,tahini,2
,,,,,,,,,,,,,,,,,,,,,,,,,tambahkan,2
,,,,,,,,,,,,,,,,,,,,,,,,,tap,2
,,,,,,,,,,,,,,,,,,,,,,,,,taquitos,2
,,,,,,,,,,,,,,,,,,,,,,,,,tartar,2
,,,,,,,,,,,,,,,,,,,,,,,,,tarts,2
,,,,,,,,,,,,,,,,,,,,,,,,,tatil,2
,,,,,,,,,,,,,,,,,,,,,,,,,tbsps,2
,,,,,,,,,,,,,,,,,,,,,,,,,telur,2
,,,,,,,,,,,,,,,,,,,,,,,,,tempered,2
,,,,,,,,,,,,,,,,,,,,,,,,,temu,2
,,,,,,,,,,,,,,,,,,,,,,,,,"tender,",2
,,,,,,,,,,,,,,,,,,,,,,,,,texas,2
,,,,,,,,,,,,,,,,,,,,,,,,,thankful,2
,,,,,,,,,,,,,,,,,,,,,,,,,that’s,2
,,,,,,,,,,,,,,,,,,,,,,,,,thawed,2
,,,,,,,,,,,,,,,,,,,,,,,,,there’s,2
,,,,,,,,,,,,,,,,,,,,,,,,,thick.,2
,,,,,,,,,,,,,,,,,,,,,,,,,thicken,2
,,,,,,,,,,,,,,,,,,,,,,,,,thickened,2
,,,,,,,,,,,,,,,,,,,,,,,,,thing,2
,,,,,,,,,,,,,,,,,,,,,,,,,this.,2
,,,,,,,,,,,,,,,,,,,,,,,,,thoroughly,2
,,,,,,,,,,,,,,,,,,,,,,,,,those,2
,,,,,,,,,,,,,,,,,,,,,,,,,thought,2
,,,,,,,,,,,,,,,,,,,,,,,,,tightly,2
,,,,,,,,,,,,,,,,,,,,,,,,,till,2
,,,,,,,,,,,,,,,,,,,,,,,,,time),2
,,,,,,,,,,,,,,,,,,,,,,,,,tip,2
,,,,,,,,,,,,,,,,,,,,,,,,,tiramisu,2
,,,,,,,,,,,,,,,,,,,,,,,,,tomatoes.,2
,,,,,,,,,,,,,,,,,,,,,,,,,tonight,2
,,,,,,,,,,,,,,,,,,,,,,,,,tons,2
,,,,,,,,,,,,,,,,,,,,,,,,,too!,2
,,,,,,,,,,,,,,,,,,,,,,,,,took,2
,,,,,,,,,,,,,,,,,,,,,,,,,top),2
,,,,,,,,,,,,,,,,,,,,,,,,,"top,",2
,,,,,,,,,,,,,,,,,,,,,,,,,topping.,2
,,,,,,,,,,,,,,,,,,,,,,,,,toppings,2
,,,,,,,,,,,,,,,,,,,,,,,,,"tortellini,",2
,,,,,,,,,,,,,,,,,,,,,,,,,tortilla,2
,,,,,,,,,,,,,,,,,,,,,,,,,touch,2
,,,,,,,,,,,,,,,,,,,,,,,,,towel,2
,,,,,,,,,,,,,,,,,,,,,,,,,transferring,2
,,,,,,,,,,,,,,,,,,,,,,,,,trimmed,2
,,,,,,,,,,,,,,,,,,,,,,,,,truffle,2
,,,,,,,,,,,,,,,,,,,,,,,,,try.,2
,,,,,,,,,,,,,,,,,,,,,,,,,trying,2
,,,,,,,,,,,,,,,,,,,,,,,,,tub,2
,,,,,,,,,,,,,,,,,,,,,,,,,tv,2
,,,,,,,,,,,,,,,,,,,,,,,,,uncover,2
,,,,,,,,,,,,,,,,,,,,,,,,,undisturbed,2
,,,,,,,,,,,,,,,,,,,,,,,,,unique,2
,,,,,,,,,,,,,,,,,,,,,,,,,usually,2
,,,,,,,,,,,,,,,,,,,,,,,,,veg,2
,,,,,,,,,,,,,,,,,,,,,,,,,vegan,2
,,,,,,,,,,,,,,,,,,,,,,,,,vegetables.,2
,,,,,,,,,,,,,,,,,,,,,,,,,verde,2
,,,,,,,,,,,,,,,,,,,,,,,,,versez,2
,,,,,,,,,,,,,,,,,,,,,,,,,version,2
,,,,,,,,,,,,,,,,,,,,,,,,,vervolgens,2
,,,,,,,,,,,,,,,,,,,,,,,,,videos,2
,,,,,,,,,,,,,,,,,,,,,,,,,viene,2
,,,,,,,,,,,,,,,,,,,,,,,,,vinegar.,2
,,,,,,,,,,,,,,,,,,,,,,,,,"visit
🔗",2
,,,,,,,,,,,,,,,,,,,,,,,,,vitamin,2
,,,,,,,,,,,,,,,,,,,,,,,,,vitamins,2
,,,,,,,,,,,,,,,,,,,,,,,,,vodka,2
,,,,,,,,,,,,,,,,,,,,,,,,,w/,2
,,,,,,,,,,,,,,,,,,,,,,,,,wait,2
,,,,,,,,,,,,,,,,,,,,,,,,,walmart,2
,,,,,,,,,,,,,,,,,,,,,,,,,"walnuts,",2
,,,,,,,,,,,,,,,,,,,,,,,,,walnuts.,2
,,,,,,,,,,,,,,,,,,,,,,,,,washed,2
,,,,,,,,,,,,,,,,,,,,,,,,,"website,",2
,,,,,,,,,,,,,,,,,,,,,,,,,website.,2
,,,,,,,,,,,,,,,,,,,,,,,,,weeknight,2
,,,,,,,,,,,,,,,,,,,,,,,,,weeks,2
,,,,,,,,,,,,,,,,,,,,,,,,,weight,2
,,,,,,,,,,,,,,,,,,,,,,,,,wellington,2
,,,,,,,,,,,,,,,,,,,,,,,,,were,2
,,,,,,,,,,,,,,,,,,,,,,,,,"wet,",2
,,,,,,,,,,,,,,,,,,,,,,,,,we’re,2
,,,,,,,,,,,,,,,,,,,,,,,,,whats,2
,,,,,,,,,,,,,,,,,,,,,,,,,what’s,2
,,,,,,,,,,,,,,,,,,,,,,,,,whenever,2
,,,,,,,,,,,,,,,,,,,,,,,,,whether,2
,,,,,,,,,,,,,,,,,,,,,,,,,whip,2
,,,,,,,,,,,,,,,,,,,,,,,,,"whites,",2
,,,,,,,,,,,,,,,,,,,,,,,,,whites.,2
,,,,,,,,,,,,,,,,,,,,,,,,,"wine,",2
,,,,,,,,,,,,,,,,,,,,,,,,,winners,2
,,,,,,,,,,,,,,,,,,,,,,,,,wire,2
,,,,,,,,,,,,,,,,,,,,,,,,,works,2
,,,,,,,,,,,,,,,,,,,,,,,,,x4,2
,,,,,,,,,,,,,,,,,,,,,,,,,yield:,2
,,,,,,,,,,,,,,,,,,,,,,,,,"yolks,",2
,,,,,,,,,,,,,,,,,,,,,,,,,you!,2
,,,,,,,,,,,,,,,,,,,,,,,,,"you!)

search",2
,,,,,,,,,,,,,,,,,,,,,,,,,you.,2
,,,,,,,,,,,,,,,,,,,,,,,,,younger,2
,,,,,,,,,,,,,,,,,,,,,,,,,you’ve,2
,,,,,,,,,,,,,,,,,,,,,,,,,zest,2
,,,,,,,,,,,,,,,,,,,,,,,,,zest.,2
,,,,,,,,,,,,,,,,,,,,,,,,,zestes,2
,,,,,,,,,,,,,,,,,,,,,,,,,zucchini,2
,,,,,,,,,,,,,,,,,,,,,,,,,~,2
,,,,,,,,,,,,,,,,,,,,,,,,, ,2
,,,,,,,,,,,,,,,,,,,,,,,,,®,2
,,,,,,,,,,,,,,,,,,,,,,,,,¾,2
,,,,,,,,,,,,,,,,,,,,,,,,,çorba,2
,,,,,,,,,,,,,,,,,,,,,,,,,étalez-le,2
,,,,,,,,,,,,,,,,,,,,,,,,,über,2
,,,,,,,,,,,,,,,,,,,,,,,,,быстрый,2
,,,,,,,,,,,,,,,,,,,,,,,,,добавьте,2
,,,,,,,,,,,,,,,,,,,,,,,,,ингредиенты:,2
,,,,,,,,,,,,,,,,,,,,,,,,,на,2
,,,,,,,,,,,,,,,,,,,,,,,,,одной,2
,,,,,,,,,,,,,,,,,,,,,,,,,приятного,2
,,,,,,,,,,,,,,,,,,,,,,,,,с,2
,,,,,,,,,,,,,,,,,,,,,,,,,сковороде,2
,,,,,,,,,,,,,,,,,,,,,,,,,"сыр,",2
,,,,,,,,,,,,,,,,,,,,,,,,,яйца,2
,,,,,,,,,,,,,,,,,,,,,,,,,،,2
,,,,,,,,,,,,,,,,,,,,,,,,,الباذنجان,2
,,,,,,,,,,,,,,,,,,,,,,,,,حسب,2
,,,,,,,,,,,,,,,,,,,,,,,,,خير,2
,,,,,,,,,,,,,,,,,,,,,,,,,رشة,2
,,,,,,,,,,,,,,,,,,,,,,,,,رمان,2
,,,,,,,,,,,,,,,,,,,,,,,,,ك,2
,,,,,,,,,,,,,,,,,,,,,,,,,كبيرة,2
,,,,,,,,,,,,,,,,,,,,,,,,,مسحوق,2
,,,,,,,,,,,,,,,,,,,,,,,,,من,2
,,,,,,,,,,,,,,,,,,,,,,,,,نادك,2
,,,,,,,,,,,,,,,,,,,,,,,,,و,2
,,,,,,,,,,,,,,,,,,,,,,,,,وصفة,2
,,,,,,,,,,,,,,,,,,,,,,,,,–,2
,,,,,,,,,,,,,,,,,,,,,,,,,—,2
,,,,,,,,,,,,,,,,,,,,,,,,,“majas,2
,,,,,,,,,,,,,,,,,,,,,,,,,“meal,2
,,,,,,,,,,,,,,,,,,,,,,,,,“recipe”,2
,,,,,,,,,,,,,,,,,,,,,,,,,“yes”,2
,,,,,,,,,,,,,,,,,,,,,,,,, -,2
,,,,,,,,,,,,,,,,,,,,,,,,, ,2
,,,,,,,,,,,,,,,,,,,,,,,,,▪️1/3,2
,,,,,,,,,,,,,,,,,,,,,,,,,▪️1/4,2
,,,,,,,,,,,,,,,,,,,,,,,,,▪️add,2
,,,,,,,,,,,,,,,,,,,,,,,,,▪️bake,2
,,,,,,,,,,,,,,,,,,,,,,,,,▪️top,2
,,,,,,,,,,,,,,,,,,,,,,,,,▫️1,2
,,,,,,,,,,,,,,,,,,,,,,,,,▫️2,2
,,,,,,,,,,,,,,,,,,,,,,,,,✅so,2
,,,,,,,,,,,,,,,,,,,,,,,,,🌙,2
,,,,,,,,,,,,,,,,,,,,,,,,,🍭,2
,,,,,,,,,,,,,,,,,,,,,,,,,🎃,2
,,,,,,,,,,,,,,,,,,,,,,,,,👇,2
,,,,,,,,,,,,,,,,,,,,,,,,,🔥,2
,,,,,,,,,,,,,,,,,,,,,,,,,😍😍,2
,,,,,,,,,,,,,,,,,,,,,,,,,😭,2
,,,,,,,,,,,,,,,,,,,,,,,,,😮‍💨,2
,,,,,,,,,,,,,,,,,,,,,,,,,🙌,2
,,,,,,,,,,,,,,,,,,,,,,,,,🙏,2
,,,,,,,,,,,,,,,,,,,,,,,,,🚨,2
,,,,,,,,,,,,,,,,,,,,,,,,,🤌,2
,,,,,,,,,,,,,,,,,,,,,,,,,🤎,2
,,,,,,,,,,,,,,,,,,,,,,,,,🤔,2
,,,,,,,,,,,,,,,,,,,,,,,,,🤩,2
,,,,,,,,,,,,,,,,,,,,,,,,,🥹,2
,,,,,,,,,,,,,,,,,,,,,,,,,🧄,2
,,,,,,,,,,,,,,,,,,,,,,,,,🧅,2
,,,,,,,,,,,,,,,,,,,,,,,,,🩷,2
,,,,,,,,,,,,,,,,,,,,,,,,,🫐,2
,,,,,,,,,,,,,,,,,,,,,,,,,🫡,2
,,,,,,,,,,,,,,,,,,,,,,,,,	1.	cook,1
,,,,,,,,,,,,,,,,,,,,,,,,,	1.	взбейте,1
,,,,,,,,,,,,,,,,,,,,,,,,,	2.	make,1
,,,,,,,,,,,,,,,,,,,,,,,,,	2.	когда,1
,,,,,,,,,,,,,,,,,,,,,,,,,	3.	bake,1
,,,,,,,,,,,,,,,,,,,,,,,,,"	3.	переверните,",1
,,,,,,,,,,,,,,,,,,,,,,,,,	4.	prepare,1
,,,,,,,,,,,,,,,,,,,,,,,,,	4.	обжарьте,1
,,,,,,,,,,,,,,,,,,,,,,,,,	5.	assemble:,1
,,,,,,,,,,,,,,,,,,,,,,,,,	•	3,1
,,,,,,,,,,,,,,,,,,,,,,,,,	•	air-fry,1
,,,,,,,,,,,,,,,,,,,,,,,,,	•	blanch,1
,,,,,,,,,,,,,,,,,,,,,,,,,	•	cut,1
,,,,,,,,,,,,,,,,,,,,,,,,,	•	pan-sear,1
,,,,,,,,,,,,,,,,,,,,,,,,,	•	pierce,1
,,,,,,,,,,,,,,,,,,,,,,,,,	•	remove,1
,,,,,,,,,,,,,,,,,,,,,,,,,	•	season,1
,,,,,,,,,,,,,,,,,,,,,,,,,	•	sprinkle,1
,,,,,,,,,,,,,,,,,,,,,,,,,	•	top,1
,,,,,,,,,,,,,,,,,,,,,,,,,	•	кунжут,1
,,,,,,,,,,,,,,,,,,,,,,,,,	•	лаваш,1
,,,,,,,,,,,,,,,,,,,,,,,,,	•	помидоры,1
,,,,,,,,,,,,,,,,,,,,,,,,,	•	сыр,1
,,,,,,,,,,,,,,,,,,,,,,,,,"

for",1
,,,,,,,,,,,,,,,,,,,,,,,,,"

instructions:
1.",1
,,,,,,,,,,,,,,,,,,,,,,,,,"

where",1
,,,,,,,,,,,,,,,,,,,,,,,,,"

الباستا:

200",1
,,,,,,,,,,,,,,,,,,,,,,,,,"

المكونات:",1
,,,,,,,,,,,,,,,,,,,,,,,,,"
@fruttiniparis",1
,,,,,,,,,,,,,,,,,,,,,,,,,"
but",1
,,,,,,,,,,,,,,,,,,,,,,,,,!!!,1
,,,,,,,,,,,,,,,,,,,,,,,,,"""browned",1
,,,,,,,,,,,,,,,,,,,,,,,,,"""fudgy",1
,,,,,,,,,,,,,,,,,,,,,,,,,"""pressure""",1
,,,,,,,,,,,,,,,,,,,,,,,,,"""randy",1
,,,,,,,,,,,,,,,,,,,,,,,,,"""recipes""",1
,,,,,,,,,,,,,,,,,,,,,,,,,#2,1
,,,,,,,,,,,,,,,,,,,,,,,,,#3,1
,,,,,,,,,,,,,,,,,,,,,,,,,#911pizza,1
,,,,,,,,,,,,,,,,,,,,,,,,,#ajiwokgisachallenge,1
,,,,,,,,,,,,,,,,,,,,,,,,,#alfredopasta,1
,,,,,,,,,,,,,,,,,,,,,,,,,#astuce,1
,,,,,,,,,,,,,,,,,,,,,,,,,#astucecuisine,1
,,,,,,,,,,,,,,,,,,,,,,,,,#baketok,1
,,,,,,,,,,,,,,,,,,,,,,,,,#bananacroissant,1
,,,,,,,,,,,,,,,,,,,,,,,,,#banananutella,1
,,,,,,,,,,,,,,,,,,,,,,,,,#bananapastry,1
,,,,,,,,,,,,,,,,,,,,,,,,,#bentocake,1
,,,,,,,,,,,,,,,,,,,,,,,,,#beutiful,1
,,,,,,,,,,,,,,,,,,,,,,,,,#blandtobam?,1
,,,,,,,,,,,,,,,,,,,,,,,,,#bouquetcupcakes,1
,,,,,,,,,,,,,,,,,,,,,,,,,#breakfast,1
,,,,,,,,,,,,,,,,,,,,,,,,,#cakedecorating,1
,,,,,,,,,,,,,,,,,,,,,,,,,#campbellspartner,1
,,,,,,,,,,,,,,,,,,,,,,,,,#chefcuisinier,1
,,,,,,,,,,,,,,,,,,,,,,,,,#chicken,1
,,,,,,,,,,,,,,,,,,,,,,,,,#chickenmushroom,1
,,,,,,,,,,,,,,,,,,,,,,,,,#chickenrecipe,1
,,,,,,,,,,,,,,,,,,,,,,,,,#chinesefood,1
,,,,,,,,,,,,,,,,,,,,,,,,,#chocolate,1
,,,,,,,,,,,,,,,,,,,,,,,,,#cinnamonroll,1
,,,,,,,,,,,,,,,,,,,,,,,,,#cleaneating,1
,,,,,,,,,,,,,,,,,,,,,,,,,#colemanpartner,1
,,,,,,,,,,,,,,,,,,,,,,,,,#comfortfood,1
,,,,,,,,,,,,,,,,,,,,,,,,,#contentcreator,1
,,,,,,,,,,,,,,,,,,,,,,,,,#cooking,1
,,,,,,,,,,,,,,,,,,,,,,,,,#crumblcookies,1
,,,,,,,,,,,,,,,,,,,,,,,,,#cupcakebouquet,1
,,,,,,,,,,,,,,,,,,,,,,,,,#digiorno.,1
,,,,,,,,,,,,,,,,,,,,,,,,,#dinnermadeeasy,1
,,,,,,,,,,,,,,,,,,,,,,,,,#doritosloaded,1
,,,,,,,,,,,,,,,,,,,,,,,,,#dyi,1
,,,,,,,,,,,,,,,,,,,,,,,,,#easybreakfast,1
,,,,,,,,,,,,,,,,,,,,,,,,,#easycooking,1
,,,,,,,,,,,,,,,,,,,,,,,,,#easysweetrecipes,1
,,,,,,,,,,,,,,,,,,,,,,,,,#eggs,1
,,,,,,,,,,,,,,,,,,,,,,,,,#everyday,1
,,,,,,,,,,,,,,,,,,,,,,,,,#familymeals,1
,,,,,,,,,,,,,,,,,,,,,,,,,#fathersday,1
,,,,,,,,,,,,,,,,,,,,,,,,,#floralcupcaketutorial,1
,,,,,,,,,,,,,,,,,,,,,,,,,#following,1
,,,,,,,,,,,,,,,,,,,,,,,,,#foodbylaila,1
,,,,,,,,,,,,,,,,,,,,,,,,,#foodideas,1
,,,,,,,,,,,,,,,,,,,,,,,,,#foodies,1
,,,,,,,,,,,,,,,,,,,,,,,,,#foodlover,1
,,,,,,,,,,,,,,,,,,,,,,,,,#foodtok,1
,,,,,,,,,,,,,,,,,,,,,,,,,#foodtour,1
,,,,,,,,,,,,,,,,,,,,,,,,,#foodtrend,1
,,,,,,,,,,,,,,,,,,,,,,,,,#fyppp,1
,,,,,,,,,,,,,,,,,,,,,,,,,#fypppppppppppppp,1
,,,,,,,,,,,,,,,,,,,,,,,,,#gamenight,1
,,,,,,,,,,,,,,,,,,,,,,,,,#glowup,1
,,,,,,,,,,,,,,,,,,,,,,,,,#goodmorning,1
,,,,,,,,,,,,,,,,,,,,,,,,,#grazapartner,1
,,,,,,,,,,,,,,,,,,,,,,,,,#gym,1
,,,,,,,,,,,,,,,,,,,,,,,,,#hack,1
,,,,,,,,,,,,,,,,,,,,,,,,,#healthyfood,1
,,,,,,,,,,,,,,,,,,,,,,,,,#hellmannspartner,1
,,,,,,,,,,,,,,,,,,,,,,,,,#homecooking,1
,,,,,,,,,,,,,,,,,,,,,,,,,#howto,1
,,,,,,,,,,,,,,,,,,,,,,,,,#idéerecette,1
,,,,,,,,,,,,,,,,,,,,,,,,,#interestig,1
,,,,,,,,,,,,,,,,,,,,,,,,,#jellouglygood,1
,,,,,,,,,,,,,,,,,,,,,,,,,#joyofsidesseason,1
,,,,,,,,,,,,,,,,,,,,,,,,,#kinderbueno,1
,,,,,,,,,,,,,,,,,,,,,,,,,#kinderbuenotiramisu,1
,,,,,,,,,,,,,,,,,,,,,,,,,#knorrpartner,1
,,,,,,,,,,,,,,,,,,,,,,,,,#kochen,1
,,,,,,,,,,,,,,,,,,,,,,,,,#lexusrx,1
,,,,,,,,,,,,,,,,,,,,,,,,,#love,1
,,,,,,,,,,,,,,,,,,,,,,,,,#magickitchen38,1
,,,,,,,,,,,,,,,,,,,,,,,,,#meatybusogeveryday,1
,,,,,,,,,,,,,,,,,,,,,,,,,#morningroutine,1
,,,,,,,,,,,,,,,,,,,,,,,,,#mukbang,1
,,,,,,,,,,,,,,,,,,,,,,,,,#naturemadepartner,1
,,,,,,,,,,,,,,,,,,,,,,,,,#naturemadevitamins,1
,,,,,,,,,,,,,,,,,,,,,,,,,#neuheit,1
,,,,,,,,,,,,,,,,,,,,,,,,,#news,1
,,,,,,,,,,,,,,,,,,,,,,,,,#nextlevelkitchen,1
,,,,,,,,,,,,,,,,,,,,,,,,,#obsessed,1
,,,,,,,,,,,,,,,,,,,,,,,,,#pastachips,1
,,,,,,,,,,,,,,,,,,,,,,,,,#pate,1
,,,,,,,,,,,,,,,,,,,,,,,,,#pizza,1
,,,,,,,,,,,,,,,,,,,,,,,,,#pizzamukbang,1
,,,,,,,,,,,,,,,,,,,,,,,,,#pourtoi,1
,,,,,,,,,,,,,,,,,,,,,,,,,#protein,1
,,,,,,,,,,,,,,,,,,,,,,,,,#publicité,1
,,,,,,,,,,,,,,,,,,,,,,,,,#ramadanrecipes,1
,,,,,,,,,,,,,,,,,,,,,,,,,#recipeideas,1
,,,,,,,,,,,,,,,,,,,,,,,,,#recipesforyou,1
,,,,,,,,,,,,,,,,,,,,,,,,,#recipesoftiktok,1
,,,,,,,,,,,,,,,,,,,,,,,,,#recipetok,1
,,,,,,,,,,,,,,,,,,,,,,,,,#rek,1
,,,,,,,,,,,,,,,,,,,,,,,,,#relatable,1
,,,,,,,,,,,,,,,,,,,,,,,,,#sama28,1
,,,,,,,,,,,,,,,,,,,,,,,,,#simplemeals,1
,,,,,,,,,,,,,,,,,,,,,,,,,#smallbusiness,1
,,,,,,,,,,,,,,,,,,,,,,,,,#snack,1
,,,,,,,,,,,,,,,,,,,,,,,,,#snackplate,1
,,,,,,,,,,,,,,,,,,,,,,,,,#snackplatte,1
,,,,,,,,,,,,,,,,,,,,,,,,,#sponsored,1
,,,,,,,,,,,,,,,,,,,,,,,,,#storytime,1
,,,,,,,,,,,,,,,,,,,,,,,,,#streetfood,1
,,,,,,,,,,,,,,,,,,,,,,,,,#summerroll,1
,,,,,,,,,,,,,,,,,,,,,,,,,#sweets,1
,,,,,,,,,,,,,,,,,,,,,,,,,#tasty,1
,,,,,,,,,,,,,,,,,,,,,,,,,#thrive,1
,,,,,,,,,,,,,,,,,,,,,,,,,#tiramisu,1
,,,,,,,,,,,,,,,,,,,,,,,,,#trending,1
,,,,,,,,,,,,,,,,,,,,,,,,,#viralfood,1
,,,,,,,,,,,,,,,,,,,,,,,,,#wagyu,1
,,,,,,,,,,,,,,,,,,,,,,,,,#walmart,1
,,,,,,,,,,,,,,,,,,,,,,,,,#watermelon,1
,,,,,,,,,,,,,,,,,,,,,,,,,#watermelonsticks,1
,,,,,,,,,,,,,,,,,,,,,,,,,#watermelon🍉,1
,,,,,,,,,,,,,,,,,,,,,,,,,#whatsfordinner,1
,,,,,,,,,,,,,,,,,,,,,,,,,#yearinsearch,1
,,,,,,,,,,,,,,,,,,,,,,,,,#yummyfood,1
,,,,,,,,,,,,,,,,,,,,,,,,,#мукбанг,1
,,,,,,,,,,,,,,,,,,,,,,,,,#простыерецепты,1
,,,,,,,,,,,,,,,,,,,,,,,,,$10,1
,,,,,,,,,,,,,,,,,,,,,,,,,$3.10,1
,,,,,,,,,,,,,,,,,,,,,,,,,$4.00,1
,,,,,,,,,,,,,,,,,,,,,,,,,$7+,1
,,,,,,,,,,,,,,,,,,,,,,,,,(+,1
,,,,,,,,,,,,,,,,,,,,,,,,,(0%,1
,,,,,,,,,,,,,,,,,,,,,,,,,(0.4,1
,,,,,,,,,,,,,,,,,,,,,,,,,(0.9,1
,,,,,,,,,,,,,,,,,,,,,,,,,(1/2,1
,,,,,,,,,,,,,,,,,,,,,,,,,(1/3,1
,,,,,,,,,,,,,,,,,,,,,,,,,(10,1
,,,,,,,,,,,,,,,,,,,,,,,,,(100g),1
,,,,,,,,,,,,,,,,,,,,,,,,,(100ml,1
,,,,,,,,,,,,,,,,,,,,,,,,,(10g),1
,,,,,,,,,,,,,,,,,,,,,,,,,(113g),1
,,,,,,,,,,,,,,,,,,,,,,,,,(12g),1
,,,,,,,,,,,,,,,,,,,,,,,,,(15,1
,,,,,,,,,,,,,,,,,,,,,,,,,(15g),1
,,,,,,,,,,,,,,,,,,,,,,,,,(16½x7x1½cm),1
,,,,,,,,,,,,,,,,,,,,,,,,,(170,1
,,,,,,,,,,,,,,,,,,,,,,,,,(1700g),1
,,,,,,,,,,,,,,,,,,,,,,,,,(175°c).,1
,,,,,,,,,,,,,,,,,,,,,,,,,(180g),1
,,,,,,,,,,,,,,,,,,,,,,,,,(180°c).,1
,,,,,,,,,,,,,,,,,,,,,,,,,(185g),1
,,,,,,,,,,,,,,,,,,,,,,,,,(190g),1
,,,,,,,,,,,,,,,,,,,,,,,,,(190°c),1
,,,,,,,,,,,,,,,,,,,,,,,,,(1½cm),1
,,,,,,,,,,,,,,,,,,,,,,,,,(2,1
,,,,,,,,,,,,,,,,,,,,,,,,,(2-3,1
,,,,,,,,,,,,,,,,,,,,,,,,,(20cm),1
,,,,,,,,,,,,,,,,,,,,,,,,,(20g),1
,,,,,,,,,,,,,,,,,,,,,,,,,(220°c).,1
,,,,,,,,,,,,,,,,,,,,,,,,,(226g),1
,,,,,,,,,,,,,,,,,,,,,,,,,(240g)alories,1
,,,,,,,,,,,,,,,,,,,,,,,,,(240ml),1
,,,,,,,,,,,,,,,,,,,,,,,,,(250ml),1
,,,,,,,,,,,,,,,,,,,,,,,,,(25g),1
,,,,,,,,,,,,,,,,,,,,,,,,,(283g),1
,,,,,,,,,,,,,,,,,,,,,,,,,(28g),1
,,,,,,,,,,,,,,,,,,,,,,,,,(29-32,1
,,,,,,,,,,,,,,,,,,,,,,,,,(3-4,1
,,,,,,,,,,,,,,,,,,,,,,,,,(3-4oz),1
,,,,,,,,,,,,,,,,,,,,,,,,,(30-sec,1
,,,,,,,,,,,,,,,,,,,,,,,,,(31-32,1
,,,,,,,,,,,,,,,,,,,,,,,,,(313g),1
,,,,,,,,,,,,,,,,,,,,,,,,,(315g),1
,,,,,,,,,,,,,,,,,,,,,,,,,(32,1
,,,,,,,,,,,,,,,,,,,,,,,,,"(340-454g),",1
,,,,,,,,,,,,,,,,,,,,,,,,,(350,1
,,,,,,,,,,,,,,,,,,,,,,,,,(40g),1
,,,,,,,,,,,,,,,,,,,,,,,,,(50g),1
,,,,,,,,,,,,,,,,,,,,,,,,,(56g),1
,,,,,,,,,,,,,,,,,,,,,,,,,(5g),1
,,,,,,,,,,,,,,,,,,,,,,,,,(6-8,1
,,,,,,,,,,,,,,,,,,,,,,,,,(65g),1
,,,,,,,,,,,,,,,,,,,,,,,,,(67g),1
,,,,,,,,,,,,,,,,,,,,,,,,,(6g),1
,,,,,,,,,,,,,,,,,,,,,,,,,(7g),1
,,,,,,,,,,,,,,,,,,,,,,,,,(7oz),1
,,,,,,,,,,,,,,,,,,,,,,,,,(8-10mins),1
,,,,,,,,,,,,,,,,,,,,,,,,,(8-ounce),1
,,,,,,,,,,,,,,,,,,,,,,,,,(90g),1
,,,,,,,,,,,,,,,,,,,,,,,,,(add,1
,,,,,,,,,,,,,,,,,,,,,,,,,(approx,1
,,,,,,,,,,,,,,,,,,,,,,,,,(approx.,1
,,,,,,,,,,,,,,,,,,,,,,,,,(avoid,1
,,,,,,,,,,,,,,,,,,,,,,,,,(baking,1
,,,,,,,,,,,,,,,,,,,,,,,,,(boiled),1
,,,,,,,,,,,,,,,,,,,,,,,,,(but,1
,,,,,,,,,,,,,,,,,,,,,,,,,(chopped),1
,,,,,,,,,,,,,,,,,,,,,,,,,"(cooked,",1
,,,,,,,,,,,,,,,,,,,,,,,,,(creamy,1
,,,,,,,,,,,,,,,,,,,,,,,,,(depending,1
,,,,,,,,,,,,,,,,,,,,,,,,,(divided,1
,,,,,,,,,,,,,,,,,,,,,,,,,(do,1
,,,,,,,,,,,,,,,,,,,,,,,,,(don’t,1
,,,,,,,,,,,,,,,,,,,,,,,,,(flip,1
,,,,,,,,,,,,,,,,,,,,,,,,,(flour,1
,,,,,,,,,,,,,,,,,,,,,,,,,(forgot,1
,,,,,,,,,,,,,,,,,,,,,,,,,(found,1
,,,,,,,,,,,,,,,,,,,,,,,,,(ft.파김치&겉절이),1
,,,,,,,,,,,,,,,,,,,,,,,,,(green,1
,,,,,,,,,,,,,,,,,,,,,,,,,(heat,1
,,,,,,,,,,,,,,,,,,,,,,,,,(just,1
,,,,,,,,,,,,,,,,,,,,,,,,,(king,1
,,,,,,,,,,,,,,,,,,,,,,,,,(let,1
,,,,,,,,,,,,,,,,,,,,,,,,,(linked,1
,,,,,,,,,,,,,,,,,,,,,,,,,(lol),1
,,,,,,,,,,,,,,,,,,,,,,,,,(low,1
,,,,,,,,,,,,,,,,,,,,,,,,,(m),1
,,,,,,,,,,,,,,,,,,,,,,,,,(masak,1
,,,,,,,,,,,,,,,,,,,,,,,,,(medium,1
,,,,,,,,,,,,,,,,,,,,,,,,,(milk,1
,,,,,,,,,,,,,,,,,,,,,,,,,(more,1
,,,,,,,,,,,,,,,,,,,,,,,,,(natural,1
,,,,,,,,,,,,,,,,,,,,,,,,,(new,1
,,,,,,,,,,,,,,,,,,,,,,,,,(not,1
,,,,,,,,,,,,,,,,,,,,,,,,,(note:,1
,,,,,,,,,,,,,,,,,,,,,,,,,(nouveaux,1
,,,,,,,,,,,,,,,,,,,,,,,,,(optional).,1
,,,,,,,,,,,,,,,,,,,,,,,,,(optional). ,1
,,,,,,,,,,,,,,,,,,,,,,,,,(optional-avoid,1
,,,,,,,,,,,,,,,,,,,,,,,,,(peeled,1
,,,,,,,,,,,,,,,,,,,,,,,,,(pls,1
,,,,,,,,,,,,,,,,,,,,,,,,,(preferably,1
,,,,,,,,,,,,,,,,,,,,,,,,,(ramadan,1
,,,,,,,,,,,,,,,,,,,,,,,,,(recipe,1
,,,,,,,,,,,,,,,,,,,,,,,,,"(ribeye,",1
,,,,,,,,,,,,,,,,,,,,,,,,,(roughly,1
,,,,,,,,,,,,,,,,,,,,,,,,,(roughly),1
,,,,,,,,,,,,,,,,,,,,,,,,,"(salt,",1
,,,,,,,,,,,,,,,,,,,,,,,,,(sans,1
,,,,,,,,,,,,,,,,,,,,,,,,,(save,1
,,,,,,,,,,,,,,,,,,,,,,,,,(scrape,1
,,,,,,,,,,,,,,,,,,,,,,,,,(separate,1
,,,,,,,,,,,,,,,,,,,,,,,,,(shes,1
,,,,,,,,,,,,,,,,,,,,,,,,,(shredded,1
,,,,,,,,,,,,,,,,,,,,,,,,,(sliced,1
,,,,,,,,,,,,,,,,,,,,,,,,,(stems,1
,,,,,,,,,,,,,,,,,,,,,,,,,(still,1
,,,,,,,,,,,,,,,,,,,,,,,,,(taco,1
,,,,,,,,,,,,,,,,,,,,,,,,,(taste,1
,,,,,,,,,,,,,,,,,,,,,,,,,(thelowcarb_kitchen).,1
,,,,,,,,,,,,,,,,,,,,,,,,,(there's,1
,,,,,,,,,,,,,,,,,,,,,,,,,(think,1
,,,,,,,,,,,,,,,,,,,,,,,,,(tip:,1
,,,,,,,,,,,,,,,,,,,,,,,,,(to,1
,,,,,,,,,,,,,,,,,,,,,,,,,(tostones/patacones),1
,,,,,,,,,,,,,,,,,,,,,,,,,(try,1
,,,,,,,,,,,,,,,,,,,,,,,,,(use,1
,,,,,,,,,,,,,,,,,,,,,,,,,(venezuelan-style,1
,,,,,,,,,,,,,,,,,,,,,,,,,(washed),1
,,,,,,,,,,,,,,,,,,,,,,,,,(which,1
,,,,,,,,,,,,,,,,,,,,,,,,,(whisked),1
,,,,,,,,,,,,,,,,,,,,,,,,,(with,1
,,,,,,,,,,,,,,,,,,,,,,,,,(¼,1
,,,,,,,,,,,,,,,,,,,,,,,,,(اختياري),1
,,,,,,,,,,,,,,,,,,,,,,,,,(او,1
,,,,,,,,,,,,,,,,,,,,,,,,,(تكفي,1
,,,,,,,,,,,,,,,,,,,,,,,,,(“flash,1
,,,,,,,,,,,,,,,,,,,,,,,,,****,1
,,,,,,,,,,,,,,,,,,,,,,,,,**can,1
,,,,,,,,,,,,,,,,,,,,,,,,,*all-purpose,1
,,,,,,,,,,,,,,,,,,,,,,,,,*mix,1
,,,,,,,,,,,,,,,,,,,,,,,,,*note:,1
,,,,,,,,,,,,,,,,,,,,,,,,,*recipe,1
,,,,,,,,,,,,,,,,,,,,,,,,,+1/2,1
,,,,,,,,,,,,,,,,,,,,,,,,,-1-2,1
,,,,,,,,,,,,,,,,,,,,,,,,,-1x,1
,,,,,,,,,,,,,,,,,,,,,,,,,-1½,1
,,,,,,,,,,,,,,,,,,,,,,,,,-200g,1
,,,,,,,,,,,,,,,,,,,,,,,,,-3,1
,,,,,,,,,,,,,,,,,,,,,,,,,-35%,1
,,,,,,,,,,,,,,,,,,,,,,,,,-350g,1
,,,,,,,,,,,,,,,,,,,,,,,,,-40g,1
,,,,,,,,,,,,,,,,,,,,,,,,,-5%,1
,,,,,,,,,,,,,,,,,,,,,,,,,-500g,1
,,,,,,,,,,,,,,,,,,,,,,,,,-50g,1
,,,,,,,,,,,,,,,,,,,,,,,,,-50ml,1
,,,,,,,,,,,,,,,,,,,,,,,,,-8,1
,,,,,,,,,,,,,,,,,,,,,,,,,-bake,1
,,,,,,,,,,,,,,,,,,,,,,,,,-broccoli/broccolini,1
,,,,,,,,,,,,,,,,,,,,,,,,,-brush,1
,,,,,,,,,,,,,,,,,,,,,,,,,-canada,1
,,,,,,,,,,,,,,,,,,,,,,,,,-caramel,1
,,,,,,,,,,,,,,,,,,,,,,,,,-choclo,1
,,,,,,,,,,,,,,,,,,,,,,,,,-combine,1
,,,,,,,,,,,,,,,,,,,,,,,,,-continue,1
,,,,,,,,,,,,,,,,,,,,,,,,,-cut,1
,,,,,,,,,,,,,,,,,,,,,,,,,-fresh,1
,,,,,,,,,,,,,,,,,,,,,,,,,-gingerbread,1
,,,,,,,,,,,,,,,,,,,,,,,,,-in,1
,,,,,,,,,,,,,,,,,,,,,,,,,-insert,1
,,,,,,,,,,,,,,,,,,,,,,,,,-jugo,1
,,,,,,,,,,,,,,,,,,,,,,,,,-lay,1
,,,,,,,,,,,,,,,,,,,,,,,,,-lechuga,1
,,,,,,,,,,,,,,,,,,,,,,,,,-make,1
,,,,,,,,,,,,,,,,,,,,,,,,,-minced,1
,,,,,,,,,,,,,,,,,,,,,,,,,-nutella,1
,,,,,,,,,,,,,,,,,,,,,,,,,-olive,1
,,,,,,,,,,,,,,,,,,,,,,,,,-once,1
,,,,,,,,,,,,,,,,,,,,,,,,,-pizca,1
,,,,,,,,,,,,,,,,,,,,,,,,,-place,1
,,,,,,,,,,,,,,,,,,,,,,,,,-plain,1
,,,,,,,,,,,,,,,,,,,,,,,,,-press,1
,,,,,,,,,,,,,,,,,,,,,,,,,-repollo,1
,,,,,,,,,,,,,,,,,,,,,,,,,-salt,1
,,,,,,,,,,,,,,,,,,,,,,,,,-salt/pepper,1
,,,,,,,,,,,,,,,,,,,,,,,,,-simmer,1
,,,,,,,,,,,,,,,,,,,,,,,,,-stir,1
,,,,,,,,,,,,,,,,,,,,,,,,,-to,1
,,,,,,,,,,,,,,,,,,,,,,,,,-vanilla,1
,,,,,,,,,,,,,,,,,,,,,,,,,-whisk,1
,,,,,,,,,,,,,,,,,,,,,,,,,-¾,1
,,,,,,,,,,,,,,,,,,,,,,,,,-колбаса,1
,,,,,,,,,,,,,,,,,,,,,,,,,-помидор,1
,,,,,,,,,,,,,,,,,,,,,,,,,-приготовление,1
,,,,,,,,,,,,,,,,,,,,,,,,,-сыр,1
,,,,,,,,,,,,,,,,,,,,,,,,,-тортилья,1
,,,,,,,,,,,,,,,,,,,,,,,,,-яйцо,1
,,,,,,,,,,,,,,,,,,,,,,,,,-بابريكا,1
,,,,,,,,,,,,,,,,,,,,,,,,,-ثوم,1
,,,,,,,,,,,,,,,,,,,,,,,,,-زيت,1
,,,,,,,,,,,,,,,,,,,,,,,,,-يغورت,1
,,,,,,,,,,,,,,,,,,,,,,,,,- add,1
,,,,,,,,,,,,,,,,,,,,,,,,,- cover,1
,,,,,,,,,,,,,,,,,,,,,,,,,- cut,1
,,,,,,,,,,,,,,,,,,,,,,,,,- in,1
,,,,,,,,,,,,,,,,,,,,,,,,,- mangoes,1
,,,,,,,,,,,,,,,,,,,,,,,,,- pour,1
,,,,,,,,,,,,,,,,,,,,,,,,,- the,1
,,,,,,,,,,,,,,,,,,,,,,,,,-⅓,1
,,,,,,,,,,,,,,,,,,,,,,,,,..,1
,,,,,,,,,,,,,,,,,,,,,,,,,.add,1
,,,,,,,,,,,,,,,,,,,,,,,,,.grill,1
,,,,,,,,,,,,,,,,,,,,,,,,,/butter,1
,,,,,,,,,,,,,,,,,,,,,,,,,0,1
,,,,,,,,,,,,,,,,,,,,,,,,,1),1
,,,,,,,,,,,,,,,,,,,,,,,,,"1,",1
,,,,,,,,,,,,,,,,,,,,,,,,,"1,000",1
,,,,,,,,,,,,,,,,,,,,,,,,,1-,1
,,,,,,,,,,,,,,,,,,,,,,,,,1-1/2-quart,1
,,,,,,,,,,,,,,,,,,,,,,,,,1-2tbsp,1
,,,,,,,,,,,,,,,,,,,,,,,,,1-3,1
,,,,,,,,,,,,,,,,,,,,,,,,,1.),1
,,,,,,,,,,,,,,,,,,,,,,,,,1.5-2,1
,,,,,,,,,,,,,,,,,,,,,,,,,1.5cm).,1
,,,,,,,,,,,,,,,,,,,,,,,,,1/2-inch,1
,,,,,,,,,,,,,,,,,,,,,,,,,1/34,1
,,,,,,,,,,,,,,,,,,,,,,,,,1/4-ounce,1
,,,,,,,,,,,,,,,,,,,,,,,,,"10,",1
,,,,,,,,,,,,,,,,,,,,,,,,,10-,1
,,,,,,,,,,,,,,,,,,,,,,,,,10/10.,1
,,,,,,,,,,,,,,,,,,,,,,,,,100!,1
,,,,,,,,,,,,,,,,,,,,,,,,,100/100:,1
,,,,,,,,,,,,,,,,,,,,,,,,,100gr,1
,,,,,,,,,,,,,,,,,,,,,,,,,10g,1
,,,,,,,,,,,,,,,,,,,,,,,,,11-,1
,,,,,,,,,,,,,,,,,,,,,,,,,110,1
,,,,,,,,,,,,,,,,,,,,,,,,,110f.,1
,,,,,,,,,,,,,,,,,,,,,,,,,115,1
,,,,,,,,,,,,,,,,,,,,,,,,,12-,1
,,,,,,,,,,,,,,,,,,,,,,,,,12-14,1
,,,,,,,,,,,,,,,,,,,,,,,,,12-15,1
,,,,,,,,,,,,,,,,,,,,,,,,,125g,1
,,,,,,,,,,,,,,,,,,,,,,,,,12g,1
,,,,,,,,,,,,,,,,,,,,,,,,,13,1
,,,,,,,,,,,,,,,,,,,,,,,,,13-,1
,,,,,,,,,,,,,,,,,,,,,,,,,13-15,1
,,,,,,,,,,,,,,,,,,,,,,,,,13-16,1
,,,,,,,,,,,,,,,,,,,,,,,,,14,1
,,,,,,,,,,,,,,,,,,,,,,,,,140,1
,,,,,,,,,,,,,,,,,,,,,,,,,14g,1
,,,,,,,,,,,,,,,,,,,,,,,,,14’’,1
,,,,,,,,,,,,,,,,,,,,,,,,,150ml,1
,,,,,,,,,,,,,,,,,,,,,,,,,160,1
,,,,,,,,,,,,,,,,,,,,,,,,,160°,1
,,,,,,,,,,,,,,,,,,,,,,,,,165f,1
,,,,,,,,,,,,,,,,,,,,,,,,,17,1
,,,,,,,,,,,,,,,,,,,,,,,,,175°c.,1
,,,,,,,,,,,,,,,,,,,,,,,,,18-20cm,1
,,,,,,,,,,,,,,,,,,,,,,,,,180,1
,,,,,,,,,,,,,,,,,,,,,,,,,180c.,1
,,,,,,,,,,,,,,,,,,,,,,,,,180c/350f.,1
,,,,,,,,,,,,,,,,,,,,,,,,,180ml,1
,,,,,,,,,,,,,,,,,,,,,,,,,180°c,1
,,,,,,,,,,,,,,,,,,,,,,,,,184,1
,,,,,,,,,,,,,,,,,,,,,,,,,18cm,1
,,,,,,,,,,,,,,,,,,,,,,,,,190,1
,,,,,,,,,,,,,,,,,,,,,,,,,1kg,1
,,,,,,,,,,,,,,,,,,,,,,,,,1½,1
,,,,,,,,,,,,,,,,,,,,,,,,,1–2,1
,,,,,,,,,,,,,,,,,,,,,,,,,1️⃣,1
,,,,,,,,,,,,,,,,,,,,,,,,,2&1/2,1
,,,,,,,,,,,,,,,,,,,,,,,,,"2,",1
,,,,,,,,,,,,,,,,,,,,,,,,,2-,1
,,,,,,,,,,,,,,,,,,,,,,,,,2-3):,1
,,,,,,,,,,,,,,,,,,,,,,,,,2-4,1
,,,,,,,,,,,,,,,,,,,,,,,,,2-ingredient,1
,,,,,,,,,,,,,,,,,,,,,,,,,2.),1
,,,,,,,,,,,,,,,,,,,,,,,,,2.4kg,1
,,,,,,,,,,,,,,,,,,,,,,,,,"20,",1
,,,,,,,,,,,,,,,,,,,,,,,,,20-25,1
,,,,,,,,,,,,,,,,,,,,,,,,,200gshredded,1
,,,,,,,,,,,,,,,,,,,,,,,,,200ºc,1
,,,,,,,,,,,,,,,,,,,,,,,,,2022,1
,,,,,,,,,,,,,,,,,,,,,,,,,2024,1
,,,,,,,,,,,,,,,,,,,,,,,,,205g,1
,,,,,,,,,,,,,,,,,,,,,,,,,205°c,1
,,,,,,,,,,,,,,,,,,,,,,,,,20cm+,1
,,,,,,,,,,,,,,,,,,,,,,,,,20g,1
,,,,,,,,,,,,,,,,,,,,,,,,,20x20,1
,,,,,,,,,,,,,,,,,,,,,,,,,210,1
,,,,,,,,,,,,,,,,,,,,,,,,,225,1
,,,,,,,,,,,,,,,,,,,,,,,,,23g,1
,,,,,,,,,,,,,,,,,,,,,,,,,240g,1
,,,,,,,,,,,,,,,,,,,,,,,,,240ml,1
,,,,,,,,,,,,,,,,,,,,,,,,,25%,1
,,,,,,,,,,,,,,,,,,,,,,,,,25-40mins,1
,,,,,,,,,,,,,,,,,,,,,,,,,25gr,1
,,,,,,,,,,,,,,,,,,,,,,,,,25ml,1
,,,,,,,,,,,,,,,,,,,,,,,,,26/100,1
,,,,,,,,,,,,,,,,,,,,,,,,,28,1
,,,,,,,,,,,,,,,,,,,,,,,,,28-30,1
,,,,,,,,,,,,,,,,,,,,,,,,,280g,1
,,,,,,,,,,,,,,,,,,,,,,,,,285f,1
,,,,,,,,,,,,,,,,,,,,,,,,,285g,1
,,,,,,,,,,,,,,,,,,,,,,,,,287kcal,1
,,,,,,,,,,,,,,,,,,,,,,,,,2cm,1
,,,,,,,,,,,,,,,,,,,,,,,,,2eggs,1
,,,,,,,,,,,,,,,,,,,,,,,,,2l,1
,,,,,,,,,,,,,,,,,,,,,,,,,2tbsp,1
,,,,,,,,,,,,,,,,,,,,,,,,,2️⃣,1
,,,,,,,,,,,,,,,,,,,,,,,,,"3)

chicken:

3",1
,,,,,,,,,,,,,,,,,,,,,,,,,"3,000",1
,,,,,,,,,,,,,,,,,,,,,,,,,3-,1
,,,,,,,,,,,,,,,,,,,,,,,,,3-ingredient,1
,,,,,,,,,,,,,,,,,,,,,,,,,3.),1
,,,,,,,,,,,,,,,,,,,,,,,,,30-35,1
,,,,,,,,,,,,,,,,,,,,,,,,,30-second,1
,,,,,,,,,,,,,,,,,,,,,,,,,300ml,1
,,,,,,,,,,,,,,,,,,,,,,,,,304,1
,,,,,,,,,,,,,,,,,,,,,,,,,30mins-1,1
,,,,,,,,,,,,,,,,,,,,,,,,,320g,1
,,,,,,,,,,,,,,,,,,,,,,,,,325,1
,,,,,,,,,,,,,,,,,,,,,,,,,339,1
,,,,,,,,,,,,,,,,,,,,,,,,,35,1
,,,,,,,,,,,,,,,,,,,,,,,,,35-40,1
,,,,,,,,,,,,,,,,,,,,,,,,,350f,1
,,,,,,,,,,,,,,,,,,,,,,,,,350f!,1
,,,,,,,,,,,,,,,,,,,,,,,,,350f.,1
,,,,,,,,,,,,,,,,,,,,,,,,,350°f),1
,,,,,,,,,,,,,,,,,,,,,,,,,350˚f,1
,,,,,,,,,,,,,,,,,,,,,,,,,35cl,1
,,,,,,,,,,,,,,,,,,,,,,,,,375°f,1
,,,,,,,,,,,,,,,,,,,,,,,,,38g,1
,,,,,,,,,,,,,,,,,,,,,,,,,39,1
,,,,,,,,,,,,,,,,,,,,,,,,,39),1
,,,,,,,,,,,,,,,,,,,,,,,,,3g,1
,,,,,,,,,,,,,,,,,,,,,,,,,3–4,1
,,,,,,,,,,,,,,,,,,,,,,,,,3️⃣,1
,,,,,,,,,,,,,,,,,,,,,,,,,"4,",1
,,,,,,,,,,,,,,,,,,,,,,,,,4-,1
,,,,,,,,,,,,,,,,,,,,,,,,,"4-pack,",1
,,,,,,,,,,,,,,,,,,,,,,,,,4-year-old,1
,,,,,,,,,,,,,,,,,,,,,,,,,40,1
,,,,,,,,,,,,,,,,,,,,,,,,,40-50,1
,,,,,,,,,,,,,,,,,,,,,,,,,400g,1
,,,,,,,,,,,,,,,,,,,,,,,,,400ml,1
,,,,,,,,,,,,,,,,,,,,,,,,,400°f.,1
,,,,,,,,,,,,,,,,,,,,,,,,,400˚f.,1
,,,,,,,,,,,,,,,,,,,,,,,,,425,1
,,,,,,,,,,,,,,,,,,,,,,,,,42g,1
,,,,,,,,,,,,,,,,,,,,,,,,,444,1
,,,,,,,,,,,,,,,,,,,,,,,,,45-50,1
,,,,,,,,,,,,,,,,,,,,,,,,,450ml,1
,,,,,,,,,,,,,,,,,,,,,,,,,455,1
,,,,,,,,,,,,,,,,,,,,,,,,,45g,1
,,,,,,,,,,,,,,,,,,,,,,,,,47g,1
,,,,,,,,,,,,,,,,,,,,,,,,,48,1
,,,,,,,,,,,,,,,,,,,,,,,,,483,1
,,,,,,,,,,,,,,,,,,,,,,,,,486,1
,,,,,,,,,,,,,,,,,,,,,,,,,495,1
,,,,,,,,,,,,,,,,,,,,,,,,,4:,1
,,,,,,,,,,,,,,,,,,,,,,,,,4g,1
,,,,,,,,,,,,,,,,,,,,,,,,,4x,1
,,,,,,,,,,,,,,,,,,,,,,,,,4️⃣,1
,,,,,,,,,,,,,,,,,,,,,,,,,5-,1
,,,,,,,,,,,,,,,,,,,,,,,,,50%,1
,,,,,,,,,,,,,,,,,,,,,,,,,50+,1
,,,,,,,,,,,,,,,,,,,,,,,,,50-55,1
,,,,,,,,,,,,,,,,,,,,,,,,,500ml,1
,,,,,,,,,,,,,,,,,,,,,,,,,52g,1
,,,,,,,,,,,,,,,,,,,,,,,,,53,1
,,,,,,,,,,,,,,,,,,,,,,,,,5️⃣,1
,,,,,,,,,,,,,,,,,,,,,,,,,6+,1
,,,,,,,,,,,,,,,,,,,,,,,,,6-,1
,,,,,,,,,,,,,,,,,,,,,,,,,60,1
,,,,,,,,,,,,,,,,,,,,,,,,,60-70+,1
,,,,,,,,,,,,,,,,,,,,,,,,,600ml,1
,,,,,,,,,,,,,,,,,,,,,,,,,60ml,1
,,,,,,,,,,,,,,,,,,,,,,,,,60oz,1
,,,,,,,,,,,,,,,,,,,,,,,,,610kcal,1
,,,,,,,,,,,,,,,,,,,,,,,,,63g,1
,,,,,,,,,,,,,,,,,,,,,,,,,650g,1
,,,,,,,,,,,,,,,,,,,,,,,,,68g,1
,,,,,,,,,,,,,,,,,,,,,,,,,6x,1
,,,,,,,,,,,,,,,,,,,,,,,,,6½x2¾x½,1
,,,,,,,,,,,,,,,,,,,,,,,,,6️⃣mix,1
,,,,,,,,,,,,,,,,,,,,,,,,,7-,1
,,,,,,,,,,,,,,,,,,,,,,,,,7-10,1
,,,,,,,,,,,,,,,,,,,,,,,,,7-8,1
,,,,,,,,,,,,,,,,,,,,,,,,,7-ingredient,1
,,,,,,,,,,,,,,,,,,,,,,,,,70%off!,1
,,,,,,,,,,,,,,,,,,,,,,,,,75,1
,,,,,,,,,,,,,,,,,,,,,,,,,75ml,1
,,,,,,,,,,,,,,,,,,,,,,,,,7:,1
,,,,,,,,,,,,,,,,,,,,,,,,,7–10,1
,,,,,,,,,,,,,,,,,,,,,,,,,7️⃣,1
,,,,,,,,,,,,,,,,,,,,,,,,,8*8,1
,,,,,,,,,,,,,,,,,,,,,,,,,8-,1
,,,,,,,,,,,,,,,,,,,,,,,,,80,1
,,,,,,,,,,,,,,,,,,,,,,,,,800g,1
,,,,,,,,,,,,,,,,,,,,,,,,,80g,1
,,,,,,,,,,,,,,,,,,,,,,,,,85,1
,,,,,,,,,,,,,,,,,,,,,,,,,85-90f,1
,,,,,,,,,,,,,,,,,,,,,,,,,88-90f,1
,,,,,,,,,,,,,,,,,,,,,,,,,88/100:,1
,,,,,,,,,,,,,,,,,,,,,,,,,89/100:,1
,,,,,,,,,,,,,,,,,,,,,,,,,8oz,1
,,,,,,,,,,,,,,,,,,,,,,,,,9).,1
,,,,,,,,,,,,,,,,,,,,,,,,,9-,1
,,,,,,,,,,,,,,,,,,,,,,,,,9-5,1
,,,,,,,,,,,,,,,,,,,,,,,,,90g,1
,,,,,,,,,,,,,,,,,,,,,,,,,95g,1
,,,,,,,,,,,,,,,,,,,,,,,,,99/100:,1
,,,,,,,,,,,,,,,,,,,,,,,,,9x13-inch,1
,,,,,,,,,,,,,,,,,,,,,,,,,9x14-inch,1
,,,,,,,,,,,,,,,,,,,,,,,,,9×13,1
,,,,,,,,,,,,,,,,,,,,,,,,,<find,1
,,,,,,,,,,,,,,,,,,,,,,,,,>>>,1
,,,,,,,,,,,,,,,,,,,,,,,,,@6ix9ine,1
,,,,,,,,,,,,,,,,,,,,,,,,,@_raizel___,1
,,,,,,,,,,,,,,,,,,,,,,,,,@ajinomoto,1
,,,,,,,,,,,,,,,,,,,,,,,,,@ajinomotoph,1
,,,,,,,,,,,,,,,,,,,,,,,,,@anna,1
,,,,,,,,,,,,,,,,,,,,,,,,,@apoutchou,1
,,,,,,,,,,,,,,,,,,,,,,,,,@betty,1
,,,,,,,,,,,,,,,,,,,,,,,,,@brightland,1
,,,,,,,,,,,,,,,,,,,,,,,,,@campbell’s,1
,,,,,,,,,,,,,,,,,,,,,,,,,@canadadry,1
,,,,,,,,,,,,,,,,,,,,,,,,,@carbonefinefood,1
,,,,,,,,,,,,,,,,,,,,,,,,,@carnation,1
,,,,,,,,,,,,,,,,,,,,,,,,,@chacekitchen,1
,,,,,,,,,,,,,,,,,,,,,,,,,@chosen,1
,,,,,,,,,,,,,,,,,,,,,,,,,@claudia,1
,,,,,,,,,,,,,,,,,,,,,,,,,@colemanusa,1
,,,,,,,,,,,,,,,,,,,,,,,,,@danahassonn,1
,,,,,,,,,,,,,,,,,,,,,,,,,@dapurumi_channel,1
,,,,,,,,,,,,,,,,,,,,,,,,,@delmontemx,1
,,,,,,,,,,,,,,,,,,,,,,,,,@diego,1
,,,,,,,,,,,,,,,,,,,,,,,,,@doritos,1
,,,,,,,,,,,,,,,,,,,,,,,,,@eggland’s,1
,,,,,,,,,,,,,,,,,,,,,,,,,@fage,1
,,,,,,,,,,,,,,,,,,,,,,,,,@fitwaffle,1
,,,,,,,,,,,,,,,,,,,,,,,,,@google's,1
,,,,,,,,,,,,,,,,,,,,,,,,,@gordon,1
,,,,,,,,,,,,,,,,,,,,,,,,,@graza,1
,,,,,,,,,,,,,,,,,,,,,,,,,@green,1
,,,,,,,,,,,,,,,,,,,,,,,,,@hellmann’s,1
,,,,,,,,,,,,,,,,,,,,,,,,,@herdez,1
,,,,,,,,,,,,,,,,,,,,,,,,,@hp,1
,,,,,,,,,,,,,,,,,,,,,,,,,@i_like_aeroplane_jelly,1
,,,,,,,,,,,,,,,,,,,,,,,,,@inoxtag,1
,,,,,,,,,,,,,,,,,,,,,,,,,"@kayoukitchen,",1
,,,,,,,,,,,,,,,,,,,,,,,,,@kroger,1
,,,,,,,,,,,,,,,,,,,,,,,,,@lexus,1
,,,,,,,,,,,,,,,,,,,,,,,,,@logan,1
,,,,,,,,,,,,,,,,,,,,,,,,,@lorealpro_education_middleeast,1
,,,,,,,,,,,,,,,,,,,,,,,,,@louiseemrg,1
,,,,,,,,,,,,,,,,,,,,,,,,,@low,1
,,,,,,,,,,,,,,,,,,,,,,,,,@l’oréal,1
,,,,,,,,,,,,,,,,,,,,,,,,,@mealsthatmatter,1
,,,,,,,,,,,,,,,,,,,,,,,,,@meliz,1
,,,,,,,,,,,,,,,,,,,,,,,,,@mimo,1
,,,,,,,,,,,,,,,,,,,,,,,,,@moribyan:,1
,,,,,,,,,,,,,,,,,,,,,,,,,@moussy,1
,,,,,,,,,,,,,,,,,,,,,,,,,@mum_made_yum.,1
,,,,,,,,,,,,,,,,,,,,,,,,,@musclefooduk,1
,,,,,,,,,,,,,,,,,,,,,,,,,@nature,1
,,,,,,,,,,,,,,,,,,,,,,,,,@nerdscandy,1
,,,,,,,,,,,,,,,,,,,,,,,,,@photoshop,1
,,,,,,,,,,,,,,,,,,,,,,,,,@reeses,1
,,,,,,,,,,,,,,,,,,,,,,,,,@sarah,1
,,,,,,,,,,,,,,,,,,,,,,,,,@spam®️,1
,,,,,,,,,,,,,,,,,,,,,,,,,@t-mobile,1
,,,,,,,,,,,,,,,,,,,,,,,,,@tiktok,1
,,,,,,,,,,,,,,,,,,,,,,,,,@tony,1
,,,,,,,,,,,,,,,,,,,,,,,,,@wbtourlondon,1
,,,,,,,,,,,,,,,,,,,,,,,,,@whisper,1
,,,,,,,,,,,,,,,,,,,,,,,,,@y,1
,,,,,,,,,,,,,,,,,,,,,,,,,@نادك,1
,,,,,,,,,,,,,,,,,,,,,,,,,[🇬🇧],1
,,,,,,,,,,,,,,,,,,,,,,,,,[📸:,1
,,,,,,,,,,,,,,,,,,,,,,,,,],1
,,,,,,,,,,,,,,,,,,,,,,,,,abgekühlten,1
,,,,,,,,,,,,,,,,,,,,,,,,,abkühlen.,1
,,,,,,,,,,,,,,,,,,,,,,,,,absorbed.,1
,,,,,,,,,,,,,,,,,,,,,,,,,accepting,1
,,,,,,,,,,,,,,,,,,,,,,,,,accident,1
,,,,,,,,,,,,,,,,,,,,,,,,,accounted,1
,,,,,,,,,,,,,,,,,,,,,,,,,achieved!,1
,,,,,,,,,,,,,,,,,,,,,,,,,across,1
,,,,,,,,,,,,,,,,,,,,,,,,,acting,1
,,,,,,,,,,,,,,,,,,,,,,,,,acı,1
,,,,,,,,,,,,,,,,,,,,,,,,,added,1
,,,,,,,,,,,,,,,,,,,,,,,,,addicting,1
,,,,,,,,,,,,,,,,,,,,,,,,,addiction,1
,,,,,,,,,,,,,,,,,,,,,,,,,addiction!,1
,,,,,,,,,,,,,,,,,,,,,,,,,addictive,1
,,,,,,,,,,,,,,,,,,,,,,,,,addition,1
,,,,,,,,,,,,,,,,,,,,,,,,,adjustments!,1
,,,,,,,,,,,,,,,,,,,,,,,,,"adobo,",1
,,,,,,,,,,,,,,,,,,,,,,,,,afkoelen.,1
,,,,,,,,,,,,,,,,,,,,,,,,,age,1
,,,,,,,,,,,,,,,,,,,,,,,,,"ago,",1
,,,,,,,,,,,,,,,,,,,,,,,,,agua,1
,,,,,,,,,,,,,,,,,,,,,,,,,aiming,1
,,,,,,,,,,,,,,,,,,,,,,,,,ain’t,1
,,,,,,,,,,,,,,,,,,,,,,,,,"air-fryer,",1
,,,,,,,,,,,,,,,,,,,,,,,,,airtight,1
,,,,,,,,,,,,,,,,,,,,,,,,,airy,1
,,,,,,,,,,,,,,,,,,,,,,,,,ajo,1
,,,,,,,,,,,,,,,,,,,,,,,,,ajos.,1
,,,,,,,,,,,,,,,,,,,,,,,,,aka,1
,,,,,,,,,,,,,,,,,,,,,,,,,akhir,1
,,,,,,,,,,,,,,,,,,,,,,,,,aku,1
,,,,,,,,,,,,,,,,,,,,,,,,,alalım,1
,,,,,,,,,,,,,,,,,,,,,,,,,ale,1
,,,,,,,,,,,,,,,,,,,,,,,,,alert,1
,,,,,,,,,,,,,,,,,,,,,,,,,"alfredo,",1
,,,,,,,,,,,,,,,,,,,,,,,,,"all,",1
,,,,,,,,,,,,,,,,,,,,,,,,,allant,1
,,,,,,,,,,,,,,,,,,,,,,,,,allowing,1
,,,,,,,,,,,,,,,,,,,,,,,,,almond,1
,,,,,,,,,,,,,,,,,,,,,,,,,along!,1
,,,,,,,,,,,,,,,,,,,,,,,,,along!😁,1
,,,,,,,,,,,,,,,,,,,,,,,,,alors,1
,,,,,,,,,,,,,,,,,,,,,,,,,als,1
,,,,,,,,,,,,,,,,,,,,,,,,,alternately,1
,,,,,,,,,,,,,,,,,,,,,,,,,alternative.,1
,,,,,,,,,,,,,,,,,,,,,,,,,"alternatively,",1
,,,,,,,,,,,,,,,,,,,,,,,,,aluminum,1
,,,,,,,,,,,,,,,,,,,,,,,,,amazing.,1
,,,,,,,,,,,,,,,,,,,,,,,,,amazon.fr,1
,,,,,,,,,,,,,,,,,,,,,,,,,americano),1
,,,,,,,,,,,,,,,,,,,,,,,,,among,1
,,,,,,,,,,,,,,,,,,,,,,,,,"and,",1
,,,,,,,,,,,,,,,,,,,,,,,,,and/or,1
,,,,,,,,,,,,,,,,,,,,,,,,,anghang,1
,,,,,,,,,,,,,,,,,,,,,,,,,"another,",1
,,,,,,,,,,,,,,,,,,,,,,,,,ans,1
,,,,,,,,,,,,,,,,,,,,,,,,,antiaderente,1
,,,,,,,,,,,,,,,,,,,,,,,,,antojó,1
,,,,,,,,,,,,,,,,,,,,,,,,,anymore,1
,,,,,,,,,,,,,,,,,,,,,,,,,anywhere,1
,,,,,,,,,,,,,,,,,,,,,,,,,apapachadora,1
,,,,,,,,,,,,,,,,,,,,,,,,,apart,1
,,,,,,,,,,,,,,,,,,,,,,,,,appetiser,1
,,,,,,,,,,,,,,,,,,,,,,,,,"apple,",1
,,,,,,,,,,,,,,,,,,,,,,,,,apple.,1
,,,,,,,,,,,,,,,,,,,,,,,,,apples,1
,,,,,,,,,,,,,,,,,,,,,,,,,"apples,",1
,,,,,,,,,,,,,,,,,,,,,,,,,apples.,1
,,,,,,,,,,,,,,,,,,,,,,,,,applewood,1
,,,,,,,,,,,,,,,,,,,,,,,,,approach,1
,,,,,,,,,,,,,,,,,,,,,,,,,approx,1
,,,,,,,,,,,,,,,,,,,,,,,,,appétit!,1
,,,,,,,,,,,,,,,,,,,,,,,,,appétit👌✨,1
,,,,,,,,,,,,,,,,,,,,,,,,,archersfood.com,1
,,,,,,,,,,,,,,,,,,,,,,,,,area,1
,,,,,,,,,,,,,,,,,,,,,,,,,aren't,1
,,,,,,,,,,,,,,,,,,,,,,,,,"arepas,",1
,,,,,,,,,,,,,,,,,,,,,,,,,arthur,1
,,,,,,,,,,,,,,,,,,,,,,,,,arts,1
,,,,,,,,,,,,,,,,,,,,,,,,,"asda,",1
,,,,,,,,,,,,,,,,,,,,,,,,,asf😳❤️‍🔥,1
,,,,,,,,,,,,,,,,,,,,,,,,,asian,1
,,,,,,,,,,,,,,,,,,,,,,,,,asked,1
,,,,,,,,,,,,,,,,,,,,,,,,,asking,1
,,,,,,,,,,,,,,,,,,,,,,,,,asparagus,1
,,,,,,,,,,,,,,,,,,,,,,,,,"asparagus,",1
,,,,,,,,,,,,,,,,,,,,,,,,,"assemble,",1
,,,,,,,,,,,,,,,,,,,,,,,,,assemble:,1
,,,,,,,,,,,,,,,,,,,,,,,,,assembled,1
,,,,,,,,,,,,,,,,,,,,,,,,,assembler,1
,,,,,,,,,,,,,,,,,,,,,,,,,assembly,1
,,,,,,,,,,,,,,,,,,,,,,,,,assemly,1
,,,,,,,,,,,,,,,,,,,,,,,,,atas,1
,,,,,,,,,,,,,,,,,,,,,,,,,atau,1
,,,,,,,,,,,,,,,,,,,,,,,,,attempts,1
,,,,,,,,,,,,,,,,,,,,,,,,,attention,1
,,,,,,,,,,,,,,,,,,,,,,,,,avec,1
,,,,,,,,,,,,,,,,,,,,,,,,,avo,1
,,,,,,,,,,,,,,,,,,,,,,,,,avocado.,1
,,,,,,,,,,,,,,,,,,,,,,,,,awal,1
,,,,,,,,,,,,,,,,,,,,,,,,,away,1
,,,,,,,,,,,,,,,,,,,,,,,,,awesome,1
,,,,,,,,,,,,,,,,,,,,,,,,,a pinch,1
,,,,,,,,,,,,,,,,,,,,,,,,,"aí,",1
,,,,,,,,,,,,,,,,,,,,,,,,,"año,",1
,,,,,,,,,,,,,,,,,,,,,,,,,b,1
,,,,,,,,,,,,,,,,,,,,,,,,,b12,1
,,,,,,,,,,,,,,,,,,,,,,,,,babies),1
,,,,,,,,,,,,,,,,,,,,,,,,,babies)**,1
,,,,,,,,,,,,,,,,,,,,,,,,,babybel,1
,,,,,,,,,,,,,,,,,,,,,,,,,backblech.,1
,,,,,,,,,,,,,,,,,,,,,,,,,backkakao,1
,,,,,,,,,,,,,,,,,,,,,,,,,backpulver,1
,,,,,,,,,,,,,,,,,,,,,,,,,bacon.,1
,,,,,,,,,,,,,,,,,,,,,,,,,bad,1
,,,,,,,,,,,,,,,,,,,,,,,,,bad.,1
,,,,,,,,,,,,,,,,,,,,,,,,,bad/going,1
,,,,,,,,,,,,,,,,,,,,,,,,,bag.,1
,,,,,,,,,,,,,,,,,,,,,,,,,bagel!,1
,,,,,,,,,,,,,,,,,,,,,,,,,bagels!),1
,,,,,,,,,,,,,,,,,,,,,,,,,bags,1
,,,,,,,,,,,,,,,,,,,,,,,,,bahan:,1
,,,,,,,,,,,,,,,,,,,,,,,,,bain-marie.,1
,,,,,,,,,,,,,,,,,,,,,,,,,bakery,1
,,,,,,,,,,,,,,,,,,,,,,,,,baking!,1
,,,,,,,,,,,,,,,,,,,,,,,,,baking),1
,,,,,,,,,,,,,,,,,,,,,,,,,"baking,",1
,,,,,,,,,,,,,,,,,,,,,,,,,baking🥰🤍,1
,,,,,,,,,,,,,,,,,,,,,,,,,balitaan,1
,,,,,,,,,,,,,,,,,,,,,,,,,balls! ,1
,,,,,,,,,,,,,,,,,,,,,,,,,"banana,",1
,,,,,,,,,,,,,,,,,,,,,,,,,bananas),1
,,,,,,,,,,,,,,,,,,,,,,,,,banget.,1
,,,,,,,,,,,,,,,,,,,,,,,,,banging,1
,,,,,,,,,,,,,,,,,,,,,,,,,bangkok!,1
,,,,,,,,,,,,,,,,,,,,,,,,,"bangkok,",1
,,,,,,,,,,,,,,,,,,,,,,,,,banned,1
,,,,,,,,,,,,,,,,,,,,,,,,,"bao,",1
,,,,,,,,,,,,,,,,,,,,,,,,,baon,1
,,,,,,,,,,,,,,,,,,,,,,,,,bar.,1
,,,,,,,,,,,,,,,,,,,,,,,,,barely,1
,,,,,,,,,,,,,,,,,,,,,,,,,bars!,1
,,,,,,,,,,,,,,,,,,,,,,,,,bars.,1
,,,,,,,,,,,,,,,,,,,,,,,,,base,1
,,,,,,,,,,,,,,,,,,,,,,,,,"base,",1
,,,,,,,,,,,,,,,,,,,,,,,,,base.,1
,,,,,,,,,,,,,,,,,,,,,,,,,bash,1
,,,,,,,,,,,,,,,,,,,,,,,,,bashing,1
,,,,,,,,,,,,,,,,,,,,,,,,,basil.,1
,,,,,,,,,,,,,,,,,,,,,,,,,baste,1
,,,,,,,,,,,,,,,,,,,,,,,,,batch,1
,,,,,,,,,,,,,,,,,,,,,,,,,batches.,1
,,,,,,,,,,,,,,,,,,,,,,,,,bath,1
,,,,,,,,,,,,,,,,,,,,,,,,,battling,1
,,,,,,,,,,,,,,,,,,,,,,,,,battling.,1
,,,,,,,,,,,,,,,,,,,,,,,,,"batu,",1
,,,,,,,,,,,,,,,,,,,,,,,,,bayrağımla,1
,,,,,,,,,,,,,,,,,,,,,,,,,bayıldım🤤,1
,,,,,,,,,,,,,,,,,,,,,,,,,başladı,1
,,,,,,,,,,,,,,,,,,,,,,,,,bc,1
,,,,,,,,,,,,,,,,,,,,,,,,,be),1
,,,,,,,,,,,,,,,,,,,,,,,,,bear,1
,,,,,,,,,,,,,,,,,,,,,,,,,became,1
,,,,,,,,,,,,,,,,,,,,,,,,,because i hate,1
,,,,,,,,,,,,,,,,,,,,,,,,,because my,1
,,,,,,,,,,,,,,,,,,,,,,,,,become your,1
,,,,,,,,,,,,,,,,,,,,,,,,,bed!😋✨☀️,1
,,,,,,,,,,,,,,,,,,,,,,,,,beef),1
,,,,,,,,,,,,,,,,,,,,,,,,,beef)…,1
,,,,,,,,,,,,,,,,,,,,,,,,,beef.,1
,,,,,,,,,,,,,,,,,,,,,,,,,begin,1
,,,,,,,,,,,,,,,,,,,,,,,,,beginners,1
,,,,,,,,,,,,,,,,,,,,,,,,,beginning,1
,,,,,,,,,,,,,,,,,,,,,,,,,"beginnt,",1
,,,,,,,,,,,,,,,,,,,,,,,,,begins,1
,,,,,,,,,,,,,,,,,,,,,,,,,bei,1
,,,,,,,,,,,,,,,,,,,,,,,,,below),1
,,,,,,,,,,,,,,,,,,,,,,,,,bene,1
,,,,,,,,,,,,,,,,,,,,,,,,,benim,1
,,,,,,,,,,,,,,,,,,,,,,,,,bento,1
,,,,,,,,,,,,,,,,,,,,,,,,,bento🐻,1
,,,,,,,,,,,,,,,,,,,,,,,,,berisi,1
,,,,,,,,,,,,,,,,,,,,,,,,,berries,1
,,,,,,,,,,,,,,,,,,,,,,,,,"berries,",1
,,,,,,,,,,,,,,,,,,,,,,,,,berries.,1
,,,,,,,,,,,,,,,,,,,,,,,,,best!,1
,,,,,,,,,,,,,,,,,,,,,,,,,"best,",1
,,,,,,,,,,,,,,,,,,,,,,,,,bestari,1
,,,,,,,,,,,,,,,,,,,,,,,,,better?,1
,,,,,,,,,,,,,,,,,,,,,,,,,beyhive,1
,,,,,,,,,,,,,,,,,,,,,,,,,beyonce,1
,,,,,,,,,,,,,,,,,,,,,,,,,biarkan,1
,,,,,,,,,,,,,,,,,,,,,,,,,bicarbonate,1
,,,,,,,,,,,,,,,,,,,,,,,,,bien,1
,,,,,,,,,,,,,,,,,,,,,,,,,bike,1
,,,,,,,,,,,,,,,,,,,,,,,,,bio!),1
,,,,,,,,,,,,,,,,,,,,,,,,,bio)!,1
,,,,,,,,,,,,,,,,,,,,,,,,,bio)👨🏽‍🍳📕,1
,,,,,,,,,,,,,,,,,,,,,,,,,bio)💖,1
,,,,,,,,,,,,,,,,,,,,,,,,,biooo🫶🏻,1
,,,,,,,,,,,,,,,,,,,,,,,,,bio👆🏻,1
,,,,,,,,,,,,,,,,,,,,,,,,,bir,1
,,,,,,,,,,,,,,,,,,,,,,,,,birchberry,1
,,,,,,,,,,,,,,,,,,,,,,,,,bisa,1
,,,,,,,,,,,,,,,,,,,,,,,,,biscuit,1
,,,,,,,,,,,,,,,,,,,,,,,,,"biscuits,",1
,,,,,,,,,,,,,,,,,,,,,,,,,bite!,1
,,,,,,,,,,,,,,,,,,,,,,,,,bite-sized,1
,,,,,,,,,,,,,,,,,,,,,,,,,bites,1
,,,,,,,,,,,,,,,,,,,,,,,,,bits.,1
,,,,,,,,,,,,,,,,,,,,,,,,,bl0!,1
,,,,,,,,,,,,,,,,,,,,,,,,,blanca,1
,,,,,,,,,,,,,,,,,,,,,,,,,"blended,",1
,,,,,,,,,,,,,,,,,,,,,,,,,"blender,",1
,,,,,,,,,,,,,,,,,,,,,,,,,blitz,1
,,,,,,,,,,,,,,,,,,,,,,,,,block,1
,,,,,,,,,,,,,,,,,,,,,,,,,blog!,1
,,,,,,,,,,,,,,,,,,,,,,,,,"blog!

👉🏻https://choosingchia.com/?s=chia+pudding",1
,,,,,,,,,,,,,,,,,,,,,,,,,"blog,",1
,,,,,,,,,,,,,,,,,,,,,,,,,blog.,1
,,,,,,,,,,,,,,,,,,,,,,,,,blogger.,1
,,,,,,,,,,,,,,,,,,,,,,,,,blog✨🥰,1
,,,,,,,,,,,,,,,,,,,,,,,,,blondies,1
,,,,,,,,,,,,,,,,,,,,,,,,,blow,1
,,,,,,,,,,,,,,,,,,,,,,,,,blown,1
,,,,,,,,,,,,,,,,,,,,,,,,,board,1
,,,,,,,,,,,,,,,,,,,,,,,,,boats,1
,,,,,,,,,,,,,,,,,,,,,,,,,boiler.,1
,,,,,,,,,,,,,,,,,,,,,,,,,"boiling,",1
,,,,,,,,,,,,,,,,,,,,,,,,,"boils,",1
,,,,,,,,,,,,,,,,,,,,,,,,,"bol,",1
,,,,,,,,,,,,,,,,,,,,,,,,,bold,1
,,,,,,,,,,,,,,,,,,,,,,,,,"bold,",1
,,,,,,,,,,,,,,,,,,,,,,,,,bolsas,1
,,,,,,,,,,,,,,,,,,,,,,,,,bomb!,1
,,,,,,,,,,,,,,,,,,,,,,,,,bomb.,1
,,,,,,,,,,,,,,,,,,,,,,,,,boneless,1
,,,,,,,,,,,,,,,,,,,,,,,,,book,1
,,,,,,,,,,,,,,,,,,,,,,,,,boosting,1
,,,,,,,,,,,,,,,,,,,,,,,,,border,1
,,,,,,,,,,,,,,,,,,,,,,,,,boring,1
,,,,,,,,,,,,,,,,,,,,,,,,,boring!,1
,,,,,,,,,,,,,,,,,,,,,,,,,bothered!,1
,,,,,,,,,,,,,,,,,,,,,,,,,bottles,1
,,,,,,,,,,,,,,,,,,,,,,,,,bought,1
,,,,,,,,,,,,,,,,,,,,,,,,,"bouillon,",1
,,,,,,,,,,,,,,,,,,,,,,,,,bouillon.,1
,,,,,,,,,,,,,,,,,,,,,,,,,bound,1
,,,,,,,,,,,,,,,,,,,,,,,,,boven,1
,,,,,,,,,,,,,,,,,,,,,,,,,bowls.,1
,,,,,,,,,,,,,,,,,,,,,,,,,boxed,1
,,,,,,,,,,,,,,,,,,,,,,,,,boyfriend,1
,,,,,,,,,,,,,,,,,,,,,,,,,brainzzz,1
,,,,,,,,,,,,,,,,,,,,,,,,,brand,1
,,,,,,,,,,,,,,,,,,,,,,,,,bread.,1
,,,,,,,,,,,,,,,,,,,,,,,,,breadcrumb-parmesan,1
,,,,,,,,,,,,,,,,,,,,,,,,,"breadcrumbs
1/2",1
,,,,,,,,,,,,,,,,,,,,,,,,,"breadcrumbs,",1
,,,,,,,,,,,,,,,,,,,,,,,,,bread…,1
,,,,,,,,,,,,,,,,,,,,,,,,,breakdown).,1
,,,,,,,,,,,,,,,,,,,,,,,,,breakfast!,1
,,,,,,,,,,,,,,,,,,,,,,,,,breakfast.,1
,,,,,,,,,,,,,,,,,,,,,,,,,breakfasts,1
,,,,,,,,,,,,,,,,,,,,,,,,,breaking,1
,,,,,,,,,,,,,,,,,,,,,,,,,breasts).,1
,,,,,,,,,,,,,,,,,,,,,,,,,"breasts,",1
,,,,,,,,,,,,,,,,,,,,,,,,,breasts ,1
,,,,,,,,,,,,,,,,,,,,,,,,,breeze,1
,,,,,,,,,,,,,,,,,,,,,,,,,bright,1
,,,,,,,,,,,,,,,,,,,,,,,,,bringen.,1
,,,,,,,,,,,,,,,,,,,,,,,,,broccoli.,1
,,,,,,,,,,,,,,,,,,,,,,,,,broiler,1
,,,,,,,,,,,,,,,,,,,,,,,,,broken,1
,,,,,,,,,,,,,,,,,,,,,,,,,brookies,1
,,,,,,,,,,,,,,,,,,,,,,,,,brookies!!,1
,,,,,,,,,,,,,,,,,,,,,,,,,brookies.,1
,,,,,,,,,,,,,,,,,,,,,,,,,broth),1
,,,,,,,,,,,,,,,,,,,,,,,,,"broth.
3.",1
,,,,,,,,,,,,,,,,,,,,,,,,,broth⁣ parmesan,1
,,,,,,,,,,,,,,,,,,,,,,,,,brought,1
,,,,,,,,,,,,,,,,,,,,,,,,,"brownies""",1
,,,,,,,,,,,,,,,,,,,,,,,,,browniess🤤,1
,,,,,,,,,,,,,,,,,,,,,,,,,brownie🤎,1
,,,,,,,,,,,,,,,,,,,,,,,,,bruised,1
,,,,,,,,,,,,,,,,,,,,,,,,,brunch!,1
,,,,,,,,,,,,,,,,,,,,,,,,,brunch/,1
,,,,,,,,,,,,,,,,,,,,,,,,,bsp,1
,,,,,,,,,,,,,,,,,,,,,,,,,bu,1
,,,,,,,,,,,,,,,,,,,,,,,,,bubbles,1
,,,,,,,,,,,,,,,,,,,,,,,,,bubbling.,1
,,,,,,,,,,,,,,,,,,,,,,,,,bubbly,1
,,,,,,,,,,,,,,,,,,,,,,,,,bubbly.,1
,,,,,,,,,,,,,,,,,,,,,,,,,budget🍔💰,1
,,,,,,,,,,,,,,,,,,,,,,,,,buffalo,1
,,,,,,,,,,,,,,,,,,,,,,,,,built,1
,,,,,,,,,,,,,,,,,,,,,,,,,bulan,1
,,,,,,,,,,,,,,,,,,,,,,,,,"bulk,",1
,,,,,,,,,,,,,,,,,,,,,,,,,bulk.,1
,,,,,,,,,,,,,,,,,,,,,,,,,bungkus,1
,,,,,,,,,,,,,,,,,,,,,,,,,buns.,1
,,,,,,,,,,,,,,,,,,,,,,,,,burger🍔,1
,,,,,,,,,,,,,,,,,,,,,,,,,burger😍😍,1
,,,,,,,,,,,,,,,,,,,,,,,,,burn).,1
,,,,,,,,,,,,,,,,,,,,,,,,,burning.,1
,,,,,,,,,,,,,,,,,,,,,,,,,burrata,1
,,,,,,,,,,,,,,,,,,,,,,,,,burritos/meals,1
,,,,,,,,,,,,,,,,,,,,,,,,,burritos/meals).,1
,,,,,,,,,,,,,,,,,,,,,,,,,burro,1
,,,,,,,,,,,,,,,,,,,,,,,,,busy,1
,,,,,,,,,,,,,,,,,,,,,,,,,"butter
1/2",1
,,,,,,,,,,,,,,,,,,,,,,,,,butter!,1
,,,,,,,,,,,,,,,,,,,,,,,,,butter:,1
,,,,,,,,,,,,,,,,,,,,,,,,,buttered,1
,,,,,,,,,,,,,,,,,,,,,,,,,butterflied,1
,,,,,,,,,,,,,,,,,,,,,,,,,butterflied.,1
,,,,,,,,,,,,,,,,,,,,,,,,,"buttermilk
-1/3",1
,,,,,,,,,,,,,,,,,,,,,,,,,butternut,1
,,,,,,,,,,,,,,,,,,,,,,,,,buy,1
,,,,,,,,,,,,,,,,,,,,,,,,,bye-o,1
,,,,,,,,,,,,,,,,,,,,,,,,,både,1
,,,,,,,,,,,,,,,,,,,,,,,,,c),1
,,,,,,,,,,,,,,,,,,,,,,,,,"c),",1
,,,,,,,,,,,,,,,,,,,,,,,,,c.,1
,,,,,,,,,,,,,,,,,,,,,,,,,cabbage,1
,,,,,,,,,,,,,,,,,,,,,,,,,cacao,1
,,,,,,,,,,,,,,,,,,,,,,,,,cada,1
,,,,,,,,,,,,,,,,,,,,,,,,,caer,1
,,,,,,,,,,,,,,,,,,,,,,,,,cafes,1
,,,,,,,,,,,,,,,,,,,,,,,,,cake.,1
,,,,,,,,,,,,,,,,,,,,,,,,,cake:,1
,,,,,,,,,,,,,,,,,,,,,,,,,cake??,1
,,,,,,,,,,,,,,,,,,,,,,,,,cake”,1
,,,,,,,,,,,,,,,,,,,,,,,,,cake🍪🤍,1
,,,,,,,,,,,,,,,,,,,,,,,,,cal,1
,,,,,,,,,,,,,,,,,,,,,,,,,calamari,1
,,,,,,,,,,,,,,,,,,,,,,,,,calling,1
,,,,,,,,,,,,,,,,,,,,,,,,,calls,1
,,,,,,,,,,,,,,,,,,,,,,,,,"calories,",1
,,,,,,,,,,,,,,,,,,,,,,,,,calories.,1
,,,,,,,,,,,,,,,,,,,,,,,,,calorique,1
,,,,,,,,,,,,,,,,,,,,,,,,,cambro,1
,,,,,,,,,,,,,,,,,,,,,,,,,came,1
,,,,,,,,,,,,,,,,,,,,,,,,,campurkan,1
,,,,,,,,,,,,,,,,,,,,,,,,,can't,1
,,,,,,,,,,,,,,,,,,,,,,,,,cancel,1
,,,,,,,,,,,,,,,,,,,,,,,,,cancellation,1
,,,,,,,,,,,,,,,,,,,,,,,,,"cancer,",1
,,,,,,,,,,,,,,,,,,,,,,,,,candied,1
,,,,,,,,,,,,,,,,,,,,,,,,,candy,1
,,,,,,,,,,,,,,,,,,,,,,,,,"cane’s!

recipe",1
,,,,,,,,,,,,,,,,,,,,,,,,,cane’s-style,1
,,,,,,,,,,,,,,,,,,,,,,,,,cannelloni,1
,,,,,,,,,,,,,,,,,,,,,,,,,cans,1
,,,,,,,,,,,,,,,,,,,,,,,,,"cans,",1
,,,,,,,,,,,,,,,,,,,,,,,,,caption,1
,,,,,,,,,,,,,,,,,,,,,,,,,cara,1
,,,,,,,,,,,,,,,,,,,,,,,,,caramelize,1
,,,,,,,,,,,,,,,,,,,,,,,,,caramelize.⁣,1
,,,,,,,,,,,,,,,,,,,,,,,,,caramelizing),1
,,,,,,,,,,,,,,,,,,,,,,,,,carbo,1
,,,,,,,,,,,,,,,,,,,,,,,,,card,1
,,,,,,,,,,,,,,,,,,,,,,,,,"cards,",1
,,,,,,,,,,,,,,,,,,,,,,,,,careful,1
,,,,,,,,,,,,,,,,,,,,,,,,,carne.,1
,,,,,,,,,,,,,,,,,,,,,,,,,carrots,1
,,,,,,,,,,,,,,,,,,,,,,,,,carton,1
,,,,,,,,,,,,,,,,,,,,,,,,,cas,1
,,,,,,,,,,,,,,,,,,,,,,,,,cash,1
,,,,,,,,,,,,,,,,,,,,,,,,,casing.,1
,,,,,,,,,,,,,,,,,,,,,,,,,"casserole,",1
,,,,,,,,,,,,,,,,,,,,,,,,,castella,1
,,,,,,,,,,,,,,,,,,,,,,,,,cat,1
,,,,,,,,,,,,,,,,,,,,,,,,,cats.,1
,,,,,,,,,,,,,,,,,,,,,,,,,cause,1
,,,,,,,,,,,,,,,,,,,,,,,,,caution,1
,,,,,,,,,,,,,,,,,,,,,,,,,cda,1
,,,,,,,,,,,,,,,,,,,,,,,,,celebrate,1
,,,,,,,,,,,,,,,,,,,,,,,,,centers,1
,,,,,,,,,,,,,,,,,,,,,,,,,certain,1
,,,,,,,,,,,,,,,,,,,,,,,,,cetakan,1
,,,,,,,,,,,,,,,,,,,,,,,,,chachere,1
,,,,,,,,,,,,,,,,,,,,,,,,,challenge!,1
,,,,,,,,,,,,,,,,,,,,,,,,,challenge.,1
,,,,,,,,,,,,,,,,,,,,,,,,,chance,1
,,,,,,,,,,,,,,,,,,,,,,,,,changed,1
,,,,,,,,,,,,,,,,,,,,,,,,,changer,1
,,,,,,,,,,,,,,,,,,,,,,,,,changing,1
,,,,,,,,,,,,,,,,,,,,,,,,,channel,1
,,,,,,,,,,,,,,,,,,,,,,,,,channel!,1
,,,,,,,,,,,,,,,,,,,,,,,,,channel.,1
,,,,,,,,,,,,,,,,,,,,,,,,,chao,1
,,,,,,,,,,,,,,,,,,,,,,,,,chapagetti,1
,,,,,,,,,,,,,,,,,,,,,,,,,chapter,1
,,,,,,,,,,,,,,,,,,,,,,,,,charlotte,1
,,,,,,,,,,,,,,,,,,,,,,,,,"charred,",1
,,,,,,,,,,,,,,,,,,,,,,,,,charred. ,1
,,,,,,,,,,,,,,,,,,,,,,,,,chaussures,1
,,,,,,,,,,,,,,,,,,,,,,,,,cheap,1
,,,,,,,,,,,,,,,,,,,,,,,,,cheap),1
,,,,,,,,,,,,,,,,,,,,,,,,,cheater’s,1
,,,,,,,,,,,,,,,,,,,,,,,,,cheat’s,1
,,,,,,,,,,,,,,,,,,,,,,,,,checked,1
,,,,,,,,,,,,,,,,,,,,,,,,,cheese!,1
,,,,,,,,,,,,,,,,,,,,,,,,,cheese&,1
,,,,,,,,,,,,,,,,,,,,,,,,,cheese:,1
,,,,,,,,,,,,,,,,,,,,,,,,,"cheesecake,",1
,,,,,,,,,,,,,,,,,,,,,,,,,cheesecake.,1
,,,,,,,,,,,,,,,,,,,,,,,,,cheesecakes,1
,,,,,,,,,,,,,,,,,,,,,,,,,cheesecloth/a,1
,,,,,,,,,,,,,,,,,,,,,,,,,cheesedog! ,1
,,,,,,,,,,,,,,,,,,,,,,,,,cheeses,1
,,,,,,,,,,,,,,,,,,,,,,,,,cheese™,1
,,,,,,,,,,,,,,,,,,,,,,,,,"cheesy,",1
,,,,,,,,,,,,,,,,,,,,,,,,,chefs,1
,,,,,,,,,,,,,,,,,,,,,,,,,cherrys,1
,,,,,,,,,,,,,,,,,,,,,,,,,"chest,",1
,,,,,,,,,,,,,,,,,,,,,,,,,chicken!,1
,,,,,,,,,,,,,,,,,,,,,,,,,chicken),1
,,,,,,,,,,,,,,,,,,,,,,,,,"chicken.
2.",1
,,,,,,,,,,,,,,,,,,,,,,,,,"chicken:
-2",1
,,,,,,,,,,,,,,,,,,,,,,,,,chicken?,1
,,,,,,,,,,,,,,,,,,,,,,,,,childhood.,1
,,,,,,,,,,,,,,,,,,,,,,,,,chiles,1
,,,,,,,,,,,,,,,,,,,,,,,,,"chiles,",1
,,,,,,,,,,,,,,,,,,,,,,,,,chilies🔥,1
,,,,,,,,,,,,,,,,,,,,,,,,,chill.,1
,,,,,,,,,,,,,,,,,,,,,,,,,chilled.,1
,,,,,,,,,,,,,,,,,,,,,,,,,chilli&lime,1
,,,,,,,,,,,,,,,,,,,,,,,,,chilli&lime’ı,1
,,,,,,,,,,,,,,,,,,,,,,,,,chipotles,1
,,,,,,,,,,,,,,,,,,,,,,,,,chips!!,1
,,,,,,,,,,,,,,,,,,,,,,,,,chips;,1
,,,,,,,,,,,,,,,,,,,,,,,,,"cho,",1
,,,,,,,,,,,,,,,,,,,,,,,,,choclo,1
,,,,,,,,,,,,,,,,,,,,,,,,,chocolate/colored,1
,,,,,,,,,,,,,,,,,,,,,,,,,chocolate:,1
,,,,,,,,,,,,,,,,,,,,,,,,,chocolate;,1
,,,,,,,,,,,,,,,,,,,,,,,,,chocolatey,1
,,,,,,,,,,,,,,,,,,,,,,,,,chocolate🍫🤎,1
,,,,,,,,,,,,,,,,,,,,,,,,,"chocolaty,",1
,,,,,,,,,,,,,,,,,,,,,,,,,choice),1
,,,,,,,,,,,,,,,,,,,,,,,,,choix,1
,,,,,,,,,,,,,,,,,,,,,,,,,choose,1
,,,,,,,,,,,,,,,,,,,,,,,,,choosing,1
,,,,,,,,,,,,,,,,,,,,,,,,,"chopped
3",1
,,,,,,,,,,,,,,,,,,,,,,,,,"chopped,",1
,,,,,,,,,,,,,,,,,,,,,,,,,chopped.,1
,,,,,,,,,,,,,,,,,,,,,,,,,chopping,1
,,,,,,,,,,,,,,,,,,,,,,,,,chopping.,1
,,,,,,,,,,,,,,,,,,,,,,,,,chopstick.,1
,,,,,,,,,,,,,,,,,,,,,,,,,chose,1
,,,,,,,,,,,,,,,,,,,,,,,,,chowking,1
,,,,,,,,,,,,,,,,,,,,,,,,,chronicles,1
,,,,,,,,,,,,,,,,,,,,,,,,,chuck,1
,,,,,,,,,,,,,,,,,,,,,,,,,"chunk
",1
,,,,,,,,,,,,,,,,,,,,,,,,,chunks,1
,,,,,,,,,,,,,,,,,,,,,,,,,churros🔥✨,1
,,,,,,,,,,,,,,,,,,,,,,,,,chía,1
,,,,,,,,,,,,,,,,,,,,,,,,,ciabatta,1
,,,,,,,,,,,,,,,,,,,,,,,,,"cilantro,",1
,,,,,,,,,,,,,,,,,,,,,,,,,cilantro.,1
,,,,,,,,,,,,,,,,,,,,,,,,,"cincau,",1
,,,,,,,,,,,,,,,,,,,,,,,,,ciotola,1
,,,,,,,,,,,,,,,,,,,,,,,,,cips,1
,,,,,,,,,,,,,,,,,,,,,,,,,citrusy,1
,,,,,,,,,,,,,,,,,,,,,,,,,"classic,",1
,,,,,,,,,,,,,,,,,,,,,,,,,classic:,1
,,,,,,,,,,,,,,,,,,,,,,,,,clave,1
,,,,,,,,,,,,,,,,,,,,,,,,,clean,1
,,,,,,,,,,,,,,,,,,,,,,,,,"clean,",1
,,,,,,,,,,,,,,,,,,,,,,,,,clean.,1
,,,,,,,,,,,,,,,,,,,,,,,,,clingwrap,1
,,,,,,,,,,,,,,,,,,,,,,,,,close.,1
,,,,,,,,,,,,,,,,,,,,,,,,,clove,1
,,,,,,,,,,,,,,,,,,,,,,,,,cloves.,1
,,,,,,,,,,,,,,,,,,,,,,,,,clumping).,1
,,,,,,,,,,,,,,,,,,,,,,,,,clusters,1
,,,,,,,,,,,,,,,,,,,,,,,,,cm,1
,,,,,,,,,,,,,,,,,,,,,,,,,coating,1
,,,,,,,,,,,,,,,,,,,,,,,,,coating.,1
,,,,,,,,,,,,,,,,,,,,,,,,,"coating.
4.",1
,,,,,,,,,,,,,,,,,,,,,,,,,coats,1
,,,,,,,,,,,,,,,,,,,,,,,,,coca,1
,,,,,,,,,,,,,,,,,,,,,,,,,"cocoa,",1
,,,,,,,,,,,,,,,,,,,,,,,,,cocok,1
,,,,,,,,,,,,,,,,,,,,,,,,,code,1
,,,,,,,,,,,,,,,,,,,,,,,,,coke,1
,,,,,,,,,,,,,,,,,,,,,,,,,cola?,1
,,,,,,,,,,,,,,,,,,,,,,,,,colored,1
,,,,,,,,,,,,,,,,,,,,,,,,,colorful,1
,,,,,,,,,,,,,,,,,,,,,,,,,colouring,1
,,,,,,,,,,,,,,,,,,,,,,,,,colour -,1
,,,,,,,,,,,,,,,,,,,,,,,,,"combined.
add",1
,,,,,,,,,,,,,,,,,,,,,,,,,combined.add,1
,,,,,,,,,,,,,,,,,,,,,,,,,combined;,1
,,,,,,,,,,,,,,,,,,,,,,,,,combo!,1
,,,,,,,,,,,,,,,,,,,,,,,,,combo),1
,,,,,,,,,,,,,,,,,,,,,,,,,combvine,1
,,,,,,,,,,,,,,,,,,,,,,,,,comedy,1
,,,,,,,,,,,,,,,,,,,,,,,,,comfort',1
,,,,,,,,,,,,,,,,,,,,,,,,,"comforting,",1
,,,,,,,,,,,,,,,,,,,,,,,,,comi,1
,,,,,,,,,,,,,,,,,,,,,,,,,comienza,1
,,,,,,,,,,,,,,,,,,,,,,,,,comino,1
,,,,,,,,,,,,,,,,,,,,,,,,,comino.,1
,,,,,,,,,,,,,,,,,,,,,,,,,comments!,1
,,,,,,,,,,,,,,,,,,,,,,,,,comments),1
,,,,,,,,,,,,,,,,,,,,,,,,,comments🍴🤌🏼,1
,,,,,,,,,,,,,,,,,,,,,,,,,community,1
,,,,,,,,,,,,,,,,,,,,,,,,,"community,",1
,,,,,,,,,,,,,,,,,,,,,,,,,compared,1
,,,,,,,,,,,,,,,,,,,,,,,,,complement,1
,,,,,,,,,,,,,,,,,,,,,,,,,completely. 2-,1
,,,,,,,,,,,,,,,,,,,,,,,,,complicated.,1
,,,,,,,,,,,,,,,,,,,,,,,,,composto,1
,,,,,,,,,,,,,,,,,,,,,,,,,concept,1
,,,,,,,,,,,,,,,,,,,,,,,,,connecticut.,1
,,,,,,,,,,,,,,,,,,,,,,,,,consejos,1
,,,,,,,,,,,,,,,,,,,,,,,,,considered,1
,,,,,,,,,,,,,,,,,,,,,,,,,consistency,1
,,,,,,,,,,,,,,,,,,,,,,,,,constantly,1
,,,,,,,,,,,,,,,,,,,,,,,,,constantly until,1
,,,,,,,,,,,,,,,,,,,,,,,,,constipated,1
,,,,,,,,,,,,,,,,,,,,,,,,,consumed,1
,,,,,,,,,,,,,,,,,,,,,,,,,contas!,1
,,,,,,,,,,,,,,,,,,,,,,,,,content),1
,,,,,,,,,,,,,,,,,,,,,,,,,content.,1
,,,,,,,,,,,,,,,,,,,,,,,,,continuate,1
,,,,,,,,,,,,,,,,,,,,,,,,,contracts.,1
,,,,,,,,,,,,,,,,,,,,,,,,,convenience.,1
,,,,,,,,,,,,,,,,,,,,,,,,,"cook,",1
,,,,,,,,,,,,,,,,,,,,,,,,,cookbook!,1
,,,,,,,,,,,,,,,,,,,,,,,,,cooked(sangai),1
,,,,,,,,,,,,,,,,,,,,,,,,,cooked),1
,,,,,,,,,,,,,,,,,,,,,,,,,cooker.,1
,,,,,,,,,,,,,,,,,,,,,,,,,cooker:,1
,,,,,,,,,,,,,,,,,,,,,,,,,"cookies""",1
,,,,,,,,,,,,,,,,,,,,,,,,,"cookies,",1
,,,,,,,,,,,,,,,,,,,,,,,,,cookies...maybe,1
,,,,,,,,,,,,,,,,,,,,,,,,,cookies:,1
,,,,,,,,,,,,,,,,,,,,,,,,,cookies🤎🍫,1
,,,,,,,,,,,,,,,,,,,,,,,,,cookie🍪recipe,1
,,,,,,,,,,,,,,,,,,,,,,,,,cooks,1
,,,,,,,,,,,,,,,,,,,,,,,,,cooled),1
,,,,,,,,,,,,,,,,,,,,,,,,,cooling,1
,,,,,,,,,,,,,,,,,,,,,,,,,"cooling,",1
,,,,,,,,,,,,,,,,,,,,,,,,,copycat),1
,,,,,,,,,,,,,,,,,,,,,,,,,cored,1
,,,,,,,,,,,,,,,,,,,,,,,,,corn!,1
,,,,,,,,,,,,,,,,,,,,,,,,,"corn,",1
,,,,,,,,,,,,,,,,,,,,,,,,,"cornflakes,",1
,,,,,,,,,,,,,,,,,,,,,,,,,"cornstarch
-1",1
,,,,,,,,,,,,,,,,,,,,,,,,,correctly?,1
,,,,,,,,,,,,,,,,,,,,,,,,,cos,1
,,,,,,,,,,,,,,,,,,,,,,,,,cotija,1
,,,,,,,,,,,,,,,,,,,,,,,,,cotton🎂,1
,,,,,,,,,,,,,,,,,,,,,,,,,couldn’t,1
,,,,,,,,,,,,,,,,,,,,,,,,,count,1
,,,,,,,,,,,,,,,,,,,,,,,,,counter,1
,,,,,,,,,,,,,,,,,,,,,,,,,countertop.,1
,,,,,,,,,,,,,,,,,,,,,,,,,"course,",1
,,,,,,,,,,,,,,,,,,,,,,,,,court.,1
,,,,,,,,,,,,,,,,,,,,,,,,,cover.,1
,,,,,,,,,,,,,,,,,,,,,,,,,"covered,",1
,,,,,,,,,,,,,,,,,,,,,,,,,covers,1
,,,,,,,,,,,,,,,,,,,,,,,,,cows,1
,,,,,,,,,,,,,,,,,,,,,,,,,coziness.,1
,,,,,,,,,,,,,,,,,,,,,,,,,cozy,1
,,,,,,,,,,,,,,,,,,,,,,,,,"cozy,",1
,,,,,,,,,,,,,,,,,,,,,,,,,crackers),1
,,,,,,,,,,,,,,,,,,,,,,,,,crackin’,1
,,,,,,,,,,,,,,,,,,,,,,,,,crackly,1
,,,,,,,,,,,,,,,,,,,,,,,,,cravings,1
,,,,,,,,,,,,,,,,,,,,,,,,,"cravings,",1
,,,,,,,,,,,,,,,,,,,,,,,,,"cream
250-300",1
,,,,,,,,,,,,,,,,,,,,,,,,,cream).,1
,,,,,,,,,,,,,,,,,,,,,,,,,cream/milk,1
,,,,,,,,,,,,,,,,,,,,,,,,,creamiest,1
,,,,,,,,,,,,,,,,,,,,,,,,,creaminess,1
,,,,,,,,,,,,,,,,,,,,,,,,,creami®.,1
,,,,,,,,,,,,,,,,,,,,,,,,,cream⁣ 2,1
,,,,,,,,,,,,,,,,,,,,,,,,,created,1
,,,,,,,,,,,,,,,,,,,,,,,,,creates,1
,,,,,,,,,,,,,,,,,,,,,,,,,creation,1
,,,,,,,,,,,,,,,,,,,,,,,,,creation.,1
,,,,,,,,,,,,,,,,,,,,,,,,,creations,1
,,,,,,,,,,,,,,,,,,,,,,,,,creations!,1
,,,,,,,,,,,,,,,,,,,,,,,,,creative,1
,,,,,,,,,,,,,,,,,,,,,,,,,creator,1
,,,,,,,,,,,,,,,,,,,,,,,,,crema,1
,,,,,,,,,,,,,,,,,,,,,,,,,crisp.,1
,,,,,,,,,,,,,,,,,,,,,,,,,"crispness,",1
,,,,,,,,,,,,,,,,,,,,,,,,,crispy!,1
,,,,,,,,,,,,,,,,,,,,,,,,,crock,1
,,,,,,,,,,,,,,,,,,,,,,,,,crocker,1
,,,,,,,,,,,,,,,,,,,,,,,,,croissant,1
,,,,,,,,,,,,,,,,,,,,,,,,,"cross,",1
,,,,,,,,,,,,,,,,,,,,,,,,,crossiant,1
,,,,,,,,,,,,,,,,,,,,,,,,,"crowd-pleaser,",1
,,,,,,,,,,,,,,,,,,,,,,,,,crowd-pleasing,1
,,,,,,,,,,,,,,,,,,,,,,,,,crumble,1
,,,,,,,,,,,,,,,,,,,,,,,,,crumbled,1
,,,,,,,,,,,,,,,,,,,,,,,,,crunch,1
,,,,,,,,,,,,,,,,,,,,,,,,,crunch!,1
,,,,,,,,,,,,,,,,,,,,,,,,,crunchwraps,1
,,,,,,,,,,,,,,,,,,,,,,,,,crunchy,1
,,,,,,,,,,,,,,,,,,,,,,,,,crust.,1
,,,,,,,,,,,,,,,,,,,,,,,,,crusted,1
,,,,,,,,,,,,,,,,,,,,,,,,,crusts,1
,,,,,,,,,,,,,,,,,,,,,,,,,cube,1
,,,,,,,,,,,,,,,,,,,,,,,,,"cubed
½",1
,,,,,,,,,,,,,,,,,,,,,,,,,cubes),1
,,,,,,,,,,,,,,,,,,,,,,,,,cubos,1
,,,,,,,,,,,,,,,,,,,,,,,,,cubos.,1
,,,,,,,,,,,,,,,,,,,,,,,,,cucchiaino,1
,,,,,,,,,,,,,,,,,,,,,,,,,cuillère,1
,,,,,,,,,,,,,,,,,,,,,,,,,cuma,1
,,,,,,,,,,,,,,,,,,,,,,,,,cumin.,1
,,,,,,,,,,,,,,,,,,,,,,,,,cuocete,1
,,,,,,,,,,,,,,,,,,,,,,,,,"cups,",1
,,,,,,,,,,,,,,,,,,,,,,,,,cups.,1
,,,,,,,,,,,,,,,,,,,,,,,,,curdles.,1
,,,,,,,,,,,,,,,,,,,,,,,,,curried,1
,,,,,,,,,,,,,,,,,,,,,,,,,curry…do,1
,,,,,,,,,,,,,,,,,,,,,,,,,cut-side,1
,,,,,,,,,,,,,,,,,,,,,,,,,cut-up,1
,,,,,,,,,,,,,,,,,,,,,,,,,cuter🥰✨,1
,,,,,,,,,,,,,,,,,,,,,,,,,cutting,1
,,,,,,,,,,,,,,,,,,,,,,,,,cómo,1
,,,,,,,,,,,,,,,,,,,,,,,,,d'économies,1
,,,,,,,,,,,,,,,,,,,,,,,,,"d,",1
,,,,,,,,,,,,,,,,,,,,,,,,,dads,1
,,,,,,,,,,,,,,,,,,,,,,,,,dadu.,1
,,,,,,,,,,,,,,,,,,,,,,,,,dairy,1
,,,,,,,,,,,,,,,,,,,,,,,,,dall’altro.,1
,,,,,,,,,,,,,,,,,,,,,,,,,danish/modified,1
,,,,,,,,,,,,,,,,,,,,,,,,,"dates,",1
,,,,,,,,,,,,,,,,,,,,,,,,,day!,1
,,,,,,,,,,,,,,,,,,,,,,,,,day-old),1
,,,,,,,,,,,,,,,,,,,,,,,,,day?,1
,,,,,,,,,,,,,,,,,,,,,,,,,days.,1
,,,,,,,,,,,,,,,,,,,,,,,,,"dazugeben,",1
,,,,,,,,,,,,,,,,,,,,,,,,,decadent,1
,,,,,,,,,,,,,,,,,,,,,,,,,decorating,1
,,,,,,,,,,,,,,,,,,,,,,,,,decoration,1
,,,,,,,,,,,,,,,,,,,,,,,,,decorations,1
,,,,,,,,,,,,,,,,,,,,,,,,,decorative,1
,,,,,,,,,,,,,,,,,,,,,,,,,decoreer,1
,,,,,,,,,,,,,,,,,,,,,,,,,dedicated,1
,,,,,,,,,,,,,,,,,,,,,,,,,deep-fry,1
,,,,,,,,,,,,,,,,,,,,,,,,,deep.,1
,,,,,,,,,,,,,,,,,,,,,,,,,deeper,1
,,,,,,,,,,,,,,,,,,,,,,,,,deets,1
,,,,,,,,,,,,,,,,,,,,,,,,,def,1
,,,,,,,,,,,,,,,,,,,,,,,,,definitely,1
,,,,,,,,,,,,,,,,,,,,,,,,,defrost,1
,,,,,,,,,,,,,,,,,,,,,,,,,defrosting,1
,,,,,,,,,,,,,,,,,,,,,,,,,degrees.,1
,,,,,,,,,,,,,,,,,,,,,,,,,dei,1
,,,,,,,,,,,,,,,,,,,,,,,,,deja,1
,,,,,,,,,,,,,,,,,,,,,,,,,delicioso,1
,,,,,,,,,,,,,,,,,,,,,,,,,deliciousness.”,1
,,,,,,,,,,,,,,,,,,,,,,,,,delightful,1
,,,,,,,,,,,,,,,,,,,,,,,,,delish,1
,,,,,,,,,,,,,,,,,,,,,,,,,delivery?,1
,,,,,,,,,,,,,,,,,,,,,,,,,demand,1
,,,,,,,,,,,,,,,,,,,,,,,,,den,1
,,,,,,,,,,,,,,,,,,,,,,,,,denedim😍,1
,,,,,,,,,,,,,,,,,,,,,,,,,denemek,1
,,,,,,,,,,,,,,,,,,,,,,,,,densité,1
,,,,,,,,,,,,,,,,,,,,,,,,,dente.,1
,,,,,,,,,,,,,,,,,,,,,,,,,dep,1
,,,,,,,,,,,,,,,,,,,,,,,,,depth.,1
,,,,,,,,,,,,,,,,,,,,,,,,,deseeded,1
,,,,,,,,,,,,,,,,,,,,,,,,,designed,1
,,,,,,,,,,,,,,,,,,,,,,,,,"desired,",1
,,,,,,,,,,,,,,,,,,,,,,,,,dessert!,1
,,,,,,,,,,,,,,,,,,,,,,,,,dessert?,1
,,,,,,,,,,,,,,,,,,,,,,,,,detach,1
,,,,,,,,,,,,,,,,,,,,,,,,,detailed,1
,,,,,,,,,,,,,,,,,,,,,,,,,details:,1
,,,,,,,,,,,,,,,,,,,,,,,,,develop,1
,,,,,,,,,,,,,,,,,,,,,,,,,diced ,1
,,,,,,,,,,,,,,,,,,,,,,,,,diced 1/2,1
,,,,,,,,,,,,,,,,,,,,,,,,,diced 6-8,1
,,,,,,,,,,,,,,,,,,,,,,,,,did:1,1
,,,,,,,,,,,,,,,,,,,,,,,,,didn't,1
,,,,,,,,,,,,,,,,,,,,,,,,,dientes,1
,,,,,,,,,,,,,,,,,,,,,,,,,diet,1
,,,,,,,,,,,,,,,,,,,,,,,,,difference,1
,,,,,,,,,,,,,,,,,,,,,,,,,difícil,1
,,,,,,,,,,,,,,,,,,,,,,,,,dig,1
,,,,,,,,,,,,,,,,,,,,,,,,,digestive,1
,,,,,,,,,,,,,,,,,,,,,,,,,dining,1
,,,,,,,,,,,,,,,,,,,,,,,,,dinner!,1
,,,,,,,,,,,,,,,,,,,,,,,,,"dinner,",1
,,,,,,,,,,,,,,,,,,,,,,,,,dinners,1
,,,,,,,,,,,,,,,,,,,,,,,,,dinner✨,1
,,,,,,,,,,,,,,,,,,,,,,,,,dip!,1
,,,,,,,,,,,,,,,,,,,,,,,,,dipotong,1
,,,,,,,,,,,,,,,,,,,,,,,,,dipped,1
,,,,,,,,,,,,,,,,,,,,,,,,,dippers.,1
,,,,,,,,,,,,,,,,,,,,,,,,,direction:,1
,,,,,,,,,,,,,,,,,,,,,,,,,directly,1
,,,,,,,,,,,,,,,,,,,,,,,,,dirt,1
,,,,,,,,,,,,,,,,,,,,,,,,,"disajikan,",1
,,,,,,,,,,,,,,,,,,,,,,,,,"dish,",1
,,,,,,,,,,,,,,,,,,,,,,,,,dish:,1
,,,,,,,,,,,,,,,,,,,,,,,,,dish?,1
,,,,,,,,,,,,,,,,,,,,,,,,,dissolving,1
,,,,,,,,,,,,,,,,,,,,,,,,,distribute,1
,,,,,,,,,,,,,,,,,,,,,,,,,dit,1
,,,,,,,,,,,,,,,,,,,,,,,,,divot,1
,,,,,,,,,,,,,,,,,,,,,,,,,dms!,1
,,,,,,,,,,,,,,,,,,,,,,,,,dms❤️🥰,1
,,,,,,,,,,,,,,,,,,,,,,,,,"do,",1
,,,,,,,,,,,,,,,,,,,,,,,,,do:,1
,,,,,,,,,,,,,,,,,,,,,,,,,"doctors,",1
,,,,,,,,,,,,,,,,,,,,,,,,,doe,1
,,,,,,,,,,,,,,,,,,,,,,,,,doesn’t,1
,,,,,,,,,,,,,,,,,,,,,,,,,doing,1
,,,,,,,,,,,,,,,,,,,,,,,,,dolci,1
,,,,,,,,,,,,,,,,,,,,,,,,,dollop,1
,,,,,,,,,,,,,,,,,,,,,,,,,donations,1
,,,,,,,,,,,,,,,,,,,,,,,,,done!,1
,,,,,,,,,,,,,,,,,,,,,,,,,doneness.,1
,,,,,,,,,,,,,,,,,,,,,,,,,dont,1
,,,,,,,,,,,,,,,,,,,,,,,,,door.,1
,,,,,,,,,,,,,,,,,,,,,,,,,dough),1
,,,,,,,,,,,,,,,,,,,,,,,,,"dough,",1
,,,,,,,,,,,,,,,,,,,,,,,,,"down,",1
,,,,,,,,,,,,,,,,,,,,,,,,,download,1
,,,,,,,,,,,,,,,,,,,,,,,,,dozen,1
,,,,,,,,,,,,,,,,,,,,,,,,,dr.pepper?,1
,,,,,,,,,,,,,,,,,,,,,,,,,"drain,",1
,,,,,,,,,,,,,,,,,,,,,,,,,drain.,1
,,,,,,,,,,,,,,,,,,,,,,,,,"drain.
6.",1
,,,,,,,,,,,,,,,,,,,,,,,,,dressing…life-changing!👌🏼✨,1
,,,,,,,,,,,,,,,,,,,,,,,,,drink,1
,,,,,,,,,,,,,,,,,,,,,,,,,dripping,1
,,,,,,,,,,,,,,,,,,,,,,,,,drooling,1
,,,,,,,,,,,,,,,,,,,,,,,,,"drops,",1
,,,,,,,,,,,,,,,,,,,,,,,,,dry.,1
,,,,,,,,,,,,,,,,,,,,,,,,,"dry.
5.",1
,,,,,,,,,,,,,,,,,,,,,,,,,dudes,1
,,,,,,,,,,,,,,,,,,,,,,,,,due,1
,,,,,,,,,,,,,,,,,,,,,,,,,dulzor,1
,,,,,,,,,,,,,,,,,,,,,,,,,dumplings!!,1
,,,,,,,,,,,,,,,,,,,,,,,,,dutch-processed,1
,,,,,,,,,,,,,,,,,,,,,,,,,décembre,1
,,,,,,,,,,,,,,,,,,,,,,,,,each),1
,,,,,,,,,,,,,,,,,,,,,,,,,each:,1
,,,,,,,,,,,,,,,,,,,,,,,,,"easier),",1
,,,,,,,,,,,,,,,,,,,,,,,,,easier.,1
,,,,,,,,,,,,,,,,,,,,,,,,,easily,1
,,,,,,,,,,,,,,,,,,,,,,,,,easter—completely,1
,,,,,,,,,,,,,,,,,,,,,,,,,easy!,1
,,,,,,,,,,,,,,,,,,,,,,,,,eat!,1
,,,,,,,,,,,,,,,,,,,,,,,,,"eat,",1
,,,,,,,,,,,,,,,,,,,,,,,,,eat.,1
,,,,,,,,,,,,,,,,,,,,,,,,,eaters,1
,,,,,,,,,,,,,,,,,,,,,,,,,eating.,1
,,,,,,,,,,,,,,,,,,,,,,,,,eating:,1
,,,,,,,,,,,,,,,,,,,,,,,,,ebook,1
,,,,,,,,,,,,,,,,,,,,,,,,,ebooks,1
,,,,,,,,,,,,,,,,,,,,,,,,,"edges,",1
,,,,,,,,,,,,,,,,,,,,,,,,,edition,1
,,,,,,,,,,,,,,,,,,,,,,,,,effect,1
,,,,,,,,,,,,,,,,,,,,,,,,,effective,1
,,,,,,,,,,,,,,,,,,,,,,,,,effortless,1
,,,,,,,,,,,,,,,,,,,,,,,,,"egg
1",1
,,,,,,,,,,,,,,,,,,,,,,,,,"egg-free,",1
,,,,,,,,,,,,,,,,,,,,,,,,,eggless,1
,,,,,,,,,,,,,,,,,,,,,,,,,eggplant,1
,,,,,,,,,,,,,,,,,,,,,,,,,eggplant),1
,,,,,,,,,,,,,,,,,,,,,,,,,eggs!,1
,,,,,,,,,,,,,,,,,,,,,,,,,egypt,1
,,,,,,,,,,,,,,,,,,,,,,,,,eid,1
,,,,,,,,,,,,,,,,,,,,,,,,,ein,1
,,,,,,,,,,,,,,,,,,,,,,,,,einen,1
,,,,,,,,,,,,,,,,,,,,,,,,,ekşi,1
,,,,,,,,,,,,,,,,,,,,,,,,,"elastic,",1
,,,,,,,,,,,,,,,,,,,,,,,,,element,1
,,,,,,,,,,,,,,,,,,,,,,,,,elevates,1
,,,,,,,,,,,,,,,,,,,,,,,,,else,1
,,,,,,,,,,,,,,,,,,,,,,,,,else!,1
,,,,,,,,,,,,,,,,,,,,,,,,,"end,",1
,,,,,,,,,,,,,,,,,,,,,,,,,energy,1
,,,,,,,,,,,,,,,,,,,,,,,,,enerjik,1
,,,,,,,,,,,,,,,,,,,,,,,,,"enfin,",1
,,,,,,,,,,,,,,,,,,,,,,,,,enhanced,1
,,,,,,,,,,,,,,,,,,,,,,,,,"enjoy!
",1
,,,,,,,,,,,,,,,,,,,,,,,,,enjoy!!,1
,,,,,,,,,,,,,,,,,,,,,,,,,enjoy!😋✨,1
,,,,,,,,,,,,,,,,,,,,,,,,,enjoy.,1
,,,,,,,,,,,,,,,,,,,,,,,,,enjoyable,1
,,,,,,,,,,,,,,,,,,,,,,,,,"enjoyable,",1
,,,,,,,,,,,,,,,,,,,,,,,,,enjoyed,1
,,,,,,,,,,,,,,,,,,,,,,,,,enjoying,1
,,,,,,,,,,,,,,,,,,,,,,,,,enjoys,1
,,,,,,,,,,,,,,,,,,,,,,,,,enjoyy🥰,1
,,,,,,,,,,,,,,,,,,,,,,,,,enkelt,1
,,,,,,,,,,,,,,,,,,,,,,,,,"eno,",1
,,,,,,,,,,,,,,,,,,,,,,,,,enoki,1
,,,,,,,,,,,,,,,,,,,,,,,,,ensalada,1
,,,,,,,,,,,,,,,,,,,,,,,,,ensaladas,1
,,,,,,,,,,,,,,,,,,,,,,,,,"ensuite,",1
,,,,,,,,,,,,,,,,,,,,,,,,,enter,1
,,,,,,,,,,,,,,,,,,,,,,,,,entirely,1
,,,,,,,,,,,,,,,,,,,,,,,,,então,1
,,,,,,,,,,,,,,,,,,,,,,,,,ep.,1
,,,,,,,,,,,,,,,,,,,,,,,,,ep.3,1
,,,,,,,,,,,,,,,,,,,,,,,,,equally,1
,,,,,,,,,,,,,,,,,,,,,,,,,ervan,1
,,,,,,,,,,,,,,,,,,,,,,,,,essential.,1
,,,,,,,,,,,,,,,,,,,,,,,,,essentials,1
,,,,,,,,,,,,,,,,,,,,,,,,,est,1
,,,,,,,,,,,,,,,,,,,,,,,,,esta,1
,,,,,,,,,,,,,,,,,,,,,,,,,etwas,1
,,,,,,,,,,,,,,,,,,,,,,,,,evenly.,1
,,,,,,,,,,,,,,,,,,,,,,,,,eventually,1
,,,,,,,,,,,,,,,,,,,,,,,,,ever!!,1
,,,,,,,,,,,,,,,,,,,,,,,,,everyday,1
,,,,,,,,,,,,,,,,,,,,,,,,,everyone's,1
,,,,,,,,,,,,,,,,,,,,,,,,,everyone’s,1
,,,,,,,,,,,,,,,,,,,,,,,,,everywhere,1
,,,,,,,,,,,,,,,,,,,,,,,,,excited,1
,,,,,,,,,,,,,,,,,,,,,,,,,exciting,1
,,,,,,,,,,,,,,,,,,,,,,,,,exclusive,1
,,,,,,,,,,,,,,,,,,,,,,,,,exists,1
,,,,,,,,,,,,,,,,,,,,,,,,,"expected,",1
,,,,,,,,,,,,,,,,,,,,,,,,,expected.,1
,,,,,,,,,,,,,,,,,,,,,,,,,"experience,",1
,,,,,,,,,,,,,,,,,,,,,,,,,"extract,",1
,,,,,,,,,,,,,,,,,,,,,,,,,extreme,1
,,,,,,,,,,,,,,,,,,,,,,,,,eyeballed,1
,,,,,,,,,,,,,,,,,,,,,,,,,f,1
,,,,,,,,,,,,,,,,,,,,,,,,,f),1
,,,,,,,,,,,,,,,,,,,,,,,,,fabrication,1
,,,,,,,,,,,,,,,,,,,,,,,,,face.,1
,,,,,,,,,,,,,,,,,,,,,,,,,faire,1
,,,,,,,,,,,,,,,,,,,,,,,,,falling,1
,,,,,,,,,,,,,,,,,,,,,,,,,"family,",1
,,,,,,,,,,,,,,,,,,,,,,,,,fan/220ºc.,1
,,,,,,,,,,,,,,,,,,,,,,,,,fan??,1
,,,,,,,,,,,,,,,,,,,,,,,,,fancy,1
,,,,,,,,,,,,,,,,,,,,,,,,,faovrite,1
,,,,,,,,,,,,,,,,,,,,,,,,,farm-fresh,1
,,,,,,,,,,,,,,,,,,,,,,,,,fast,1
,,,,,,,,,,,,,,,,,,,,,,,,,fat),1
,,,,,,,,,,,,,,,,,,,,,,,,,father’s,1
,,,,,,,,,,,,,,,,,,,,,,,,,fats,1
,,,,,,,,,,,,,,,,,,,,,,,,,"favoritas,",1
,,,,,,,,,,,,,,,,,,,,,,,,,favorite!,1
,,,,,,,,,,,,,,,,,,,,,,,,,"favorite,",1
,,,,,,,,,,,,,,,,,,,,,,,,,favoritr,1
,,,,,,,,,,,,,,,,,,,,,,,,,"favourite,",1
,,,,,,,,,,,,,,,,,,,,,,,,,favourite??,1
,,,,,,,,,,,,,,,,,,,,,,,,,feature!,1
,,,,,,,,,,,,,,,,,,,,,,,,,featuring,1
,,,,,,,,,,,,,,,,,,,,,,,,,"fee,",1
,,,,,,,,,,,,,,,,,,,,,,,,,fees,1
,,,,,,,,,,,,,,,,,,,,,,,,,feijão,1
,,,,,,,,,,,,,,,,,,,,,,,,,fell,1
,,,,,,,,,,,,,,,,,,,,,,,,,felt,1
,,,,,,,,,,,,,,,,,,,,,,,,,feta.,1
,,,,,,,,,,,,,,,,,,,,,,,,,fette,1
,,,,,,,,,,,,,,,,,,,,,,,,,ff.,1
,,,,,,,,,,,,,,,,,,,,,,,,,fiestas,1
,,,,,,,,,,,,,,,,,,,,,,,,,fight,1
,,,,,,,,,,,,,,,,,,,,,,,,,figured,1
,,,,,,,,,,,,,,,,,,,,,,,,,"filling,",1
,,,,,,,,,,,,,,,,,,,,,,,,,fillings.,1
,,,,,,,,,,,,,,,,,,,,,,,,,film,1
,,,,,,,,,,,,,,,,,,,,,,,,,filo.,1
,,,,,,,,,,,,,,,,,,,,,,,,,filter,1
,,,,,,,,,,,,,,,,,,,,,,,,,fin,1
,,,,,,,,,,,,,,,,,,,,,,,,,final,1
,,,,,,,,,,,,,,,,,,,,,,,,,finché,1
,,,,,,,,,,,,,,,,,,,,,,,,,finding,1
,,,,,,,,,,,,,,,,,,,,,,,,,finds,1
,,,,,,,,,,,,,,,,,,,,,,,,,finest:,1
,,,,,,,,,,,,,,,,,,,,,,,,,"finished,",1
,,,,,,,,,,,,,,,,,,,,,,,,,finns,1
,,,,,,,,,,,,,,,,,,,,,,,,,"finny,",1
,,,,,,,,,,,,,,,,,,,,,,,,,fire-roasted,1
,,,,,,,,,,,,,,,,,,,,,,,,,"first,",1
,,,,,,,,,,,,,,,,,,,,,,,,,"fish,",1
,,,,,,,,,,,,,,,,,,,,,,,,,fitness!!!,1
,,,,,,,,,,,,,,,,,,,,,,,,,fitted,1
,,,,,,,,,,,,,,,,,,,,,,,,,five,1
,,,,,,,,,,,,,,,,,,,,,,,,,flakes).,1
,,,,,,,,,,,,,,,,,,,,,,,,,"flakes,",1
,,,,,,,,,,,,,,,,,,,,,,,,,flakes.,1
,,,,,,,,,,,,,,,,,,,,,,,,,"flaky,",1
,,,,,,,,,,,,,,,,,,,,,,,,,flan,1
,,,,,,,,,,,,,,,,,,,,,,,,,flank,1
,,,,,,,,,,,,,,,,,,,,,,,,,flash,1
,,,,,,,,,,,,,,,,,,,,,,,,,flat,1
,,,,,,,,,,,,,,,,,,,,,,,,,flavor),1
,,,,,,,,,,,,,,,,,,,,,,,,,flavor-time,1
,,,,,,,,,,,,,,,,,,,,,,,,,"flavors,",1
,,,,,,,,,,,,,,,,,,,,,,,,,flavour!,1
,,,,,,,,,,,,,,,,,,,,,,,,,flavour.,1
,,,,,,,,,,,,,,,,,,,,,,,,,floats,1
,,,,,,,,,,,,,,,,,,,,,,,,,"flour
1",1
,,,,,,,,,,,,,,,,,,,,,,,,,flour -,1
,,,,,,,,,,,,,,,,,,,,,,,,,flour⁣ 1/2,1
,,,,,,,,,,,,,,,,,,,,,,,,,fluff,1
,,,,,,,,,,,,,,,,,,,,,,,,,flummery,1
,,,,,,,,,,,,,,,,,,,,,,,,,foamy,1
,,,,,,,,,,,,,,,,,,,,,,,,,foil.,1
,,,,,,,,,,,,,,,,,,,,,,,,,following,1
,,,,,,,,,,,,,,,,,,,,,,,,,fond,1
,,,,,,,,,,,,,,,,,,,,,,,,,fondu,1
,,,,,,,,,,,,,,,,,,,,,,,,,"food,",1
,,,,,,,,,,,,,,,,,,,,,,,,,foot,1
,,,,,,,,,,,,,,,,,,,,,,,,,football,1
,,,,,,,,,,,,,,,,,,,,,,,,,forever,1
,,,,,,,,,,,,,,,,,,,,,,,,,forget,1
,,,,,,,,,,,,,,,,,,,,,,,,,"fork,",1
,,,,,,,,,,,,,,,,,,,,,,,,,fork.,1
,,,,,,,,,,,,,,,,,,,,,,,,,"forks,",1
,,,,,,,,,,,,,,,,,,,,,,,,,form.,1
,,,,,,,,,,,,,,,,,,,,,,,,,formed,1
,,,,,,,,,,,,,,,,,,,,,,,,,forms.,1
,,,,,,,,,,,,,,,,,,,,,,,,,fortified,1
,,,,,,,,,,,,,,,,,,,,,,,,,forward,1
,,,,,,,,,,,,,,,,,,,,,,,,,for at,1
,,,,,,,,,,,,,,,,,,,,,,,,,fragole,1
,,,,,,,,,,,,,,,,,,,,,,,,,fragrant. ,1
,,,,,,,,,,,,,,,,,,,,,,,,,"freeze,",1
,,,,,,,,,,,,,,,,,,,,,,,,,"freezer,",1
,,,,,,,,,,,,,,,,,,,,,,,,,freezers,1
,,,,,,,,,,,,,,,,,,,,,,,,,freeze”),1
,,,,,,,,,,,,,,,,,,,,,,,,,frequently.,1
,,,,,,,,,,,,,,,,,,,,,,,,,freshly-made,1
,,,,,,,,,,,,,,,,,,,,,,,,,freshness,1
,,,,,,,,,,,,,,,,,,,,,,,,,freyadish.com,1
,,,,,,,,,,,,,,,,,,,,,,,,,friday,1
,,,,,,,,,,,,,,,,,,,,,,,,,fridge.,1
,,,,,,,,,,,,,,,,,,,,,,,,,fridge/freezer,1
,,,,,,,,,,,,,,,,,,,,,,,,,friend!,1
,,,,,,,,,,,,,,,,,,,,,,,,,friendly?,1
,,,,,,,,,,,,,,,,,,,,,,,,,"friends,",1
,,,,,,,,,,,,,,,,,,,,,,,,,friendsgiving,1
,,,,,,,,,,,,,,,,,,,,,,,,,frier,1
,,,,,,,,,,,,,,,,,,,,,,,,,fries,1
,,,,,,,,,,,,,,,,,,,,,,,,,fries…,1
,,,,,,,,,,,,,,,,,,,,,,,,,"frittata,",1
,,,,,,,,,,,,,,,,,,,,,,,,,from!,1
,,,,,,,,,,,,,,,,,,,,,,,,,frozen),1
,,,,,,,,,,,,,,,,,,,,,,,,,"frozen,",1
,,,,,,,,,,,,,,,,,,,,,,,,,frusta,1
,,,,,,,,,,,,,,,,,,,,,,,,,"frying

pasta:

200",1
,,,,,,,,,,,,,,,,,,,,,,,,,"frying
flour",1
,,,,,,,,,,,,,,,,,,,,,,,,,frying.,1
,,,,,,,,,,,,,,,,,,,,,,,,,fríe,1
,,,,,,,,,,,,,,,,,,,,,,,,,ft.,1
,,,,,,,,,,,,,,,,,,,,,,,,,fudge,1
,,,,,,,,,,,,,,,,,,,,,,,,,fudgey,1
,,,,,,,,,,,,,,,,,,,,,,,,,fudgy.,1
,,,,,,,,,,,,,,,,,,,,,,,,,"full,",1
,,,,,,,,,,,,,,,,,,,,,,,,,full-fat,1
,,,,,,,,,,,,,,,,,,,,,,,,,funnel,1
,,,,,,,,,,,,,,,,,,,,,,,,,furikake,1
,,,,,,,,,,,,,,,,,,,,,,,,,"furikake,",1
,,,,,,,,,,,,,,,,,,,,,,,,,future,1
,,,,,,,,,,,,,,,,,,,,,,,,,"fyp,",1
,,,,,,,,,,,,,,,,,,,,,,,,,fácil!,1
,,,,,,,,,,,,,,,,,,,,,,,,,"gallo

🔗",1
,,,,,,,,,,,,,,,,,,,,,,,,,gallon,1
,,,,,,,,,,,,,,,,,,,,,,,,,"game,",1
,,,,,,,,,,,,,,,,,,,,,,,,,gamechanger.,1
,,,,,,,,,,,,,,,,,,,,,,,,,gameday,1
,,,,,,,,,,,,,,,,,,,,,,,,,games,1
,,,,,,,,,,,,,,,,,,,,,,,,,garam,1
,,,,,,,,,,,,,,,,,,,,,,,,,garlic-honey,1
,,,,,,,,,,,,,,,,,,,,,,,,,garlic-parmesan,1
,,,,,,,,,,,,,,,,,,,,,,,,,"garlic.
2.",1
,,,,,,,,,,,,,,,,,,,,,,,,,garlichopped.,1
,,,,,,,,,,,,,,,,,,,,,,,,,gaspi,1
,,,,,,,,,,,,,,,,,,,,,,,,,gave,1
,,,,,,,,,,,,,,,,,,,,,,,,,gcash,1
,,,,,,,,,,,,,,,,,,,,,,,,,gcash!,1
,,,,,,,,,,,,,,,,,,,,,,,,,geben,1
,,,,,,,,,,,,,,,,,,,,,,,,,geheel,1
,,,,,,,,,,,,,,,,,,,,,,,,,geheel.,1
,,,,,,,,,,,,,,,,,,,,,,,,,geklopt,1
,,,,,,,,,,,,,,,,,,,,,,,,,gelas,1
,,,,,,,,,,,,,,,,,,,,,,,,,gelatine),1
,,,,,,,,,,,,,,,,,,,,,,,,,"gelatine,",1
,,,,,,,,,,,,,,,,,,,,,,,,,geldi,1
,,,,,,,,,,,,,,,,,,,,,,,,,gelen,1
,,,,,,,,,,,,,,,,,,,,,,,,,generations,1
,,,,,,,,,,,,,,,,,,,,,,,,,generous,1
,,,,,,,,,,,,,,,,,,,,,,,,,geniet,1
,,,,,,,,,,,,,,,,,,,,,,,,,gentle,1
,,,,,,,,,,,,,,,,,,,,,,,,,"gently,",1
,,,,,,,,,,,,,,,,,,,,,,,,,geode,1
,,,,,,,,,,,,,,,,,,,,,,,,,geringerer,1
,,,,,,,,,,,,,,,,,,,,,,,,,giant,1
,,,,,,,,,,,,,,,,,,,,,,,,,gibi,1
,,,,,,,,,,,,,,,,,,,,,,,,,gießen,1
,,,,,,,,,,,,,,,,,,,,,,,,,gift,1
,,,,,,,,,,,,,,,,,,,,,,,,,gimmedelicious.com,1
,,,,,,,,,,,,,,,,,,,,,,,,,gingerbread,1
,,,,,,,,,,,,,,,,,,,,,,,,,gingersnap,1
,,,,,,,,,,,,,,,,,,,,,,,,,girl,1
,,,,,,,,,,,,,,,,,,,,,,,,,girlfriend,1
,,,,,,,,,,,,,,,,,,,,,,,,,girls,1
,,,,,,,,,,,,,,,,,,,,,,,,,gives,1
,,,,,,,,,,,,,,,,,,,,,,,,,glad,1
,,,,,,,,,,,,,,,,,,,,,,,,,glass,1
,,,,,,,,,,,,,,,,,,,,,,,,,"glass,",1
,,,,,,,,,,,,,,,,,,,,,,,,,glasses,1
,,,,,,,,,,,,,,,,,,,,,,,,,glaze,1
,,,,,,,,,,,,,,,,,,,,,,,,,glazed,1
,,,,,,,,,,,,,,,,,,,,,,,,,glug,1
,,,,,,,,,,,,,,,,,,,,,,,,,gnocchi,1
,,,,,,,,,,,,,,,,,,,,,,,,,gnocchi!,1
,,,,,,,,,,,,,,,,,,,,,,,,,go!,1
,,,,,,,,,,,,,,,,,,,,,,,,,goals,1
,,,,,,,,,,,,,,,,,,,,,,,,,"goals,",1
,,,,,,,,,,,,,,,,,,,,,,,,,goals🔥,1
,,,,,,,,,,,,,,,,,,,,,,,,,goats,1
,,,,,,,,,,,,,,,,,,,,,,,,,gochujang,1
,,,,,,,,,,,,,,,,,,,,,,,,,goes,1
,,,,,,,,,,,,,,,,,,,,,,,,,goes!,1
,,,,,,,,,,,,,,,,,,,,,,,,,gone,1
,,,,,,,,,,,,,,,,,,,,,,,,,"good,",1
,,,,,,,,,,,,,,,,,,,,,,,,,good.,1
,,,,,,,,,,,,,,,,,,,,,,,,,"gooey,",1
,,,,,,,,,,,,,,,,,,,,,,,,,gooey.,1
,,,,,,,,,,,,,,,,,,,,,,,,,goood,1
,,,,,,,,,,,,,,,,,,,,,,,,,gooooo,1
,,,,,,,,,,,,,,,,,,,,,,,,,goreng,1
,,,,,,,,,,,,,,,,,,,,,,,,,gostou?,1
,,,,,,,,,,,,,,,,,,,,,,,,,gott!,1
,,,,,,,,,,,,,,,,,,,,,,,,,gouda!,1
,,,,,,,,,,,,,,,,,,,,,,,,,gourmand,1
,,,,,,,,,,,,,,,,,,,,,,,,,grain,1
,,,,,,,,,,,,,,,,,,,,,,,,,grass-fed,1
,,,,,,,,,,,,,,,,,,,,,,,,,grateful,1
,,,,,,,,,,,,,,,,,,,,,,,,,gratin,1
,,,,,,,,,,,,,,,,,,,,,,,,,grease),1
,,,,,,,,,,,,,,,,,,,,,,,,,greasing,1
,,,,,,,,,,,,,,,,,,,,,,,,,grill.,1
,,,,,,,,,,,,,,,,,,,,,,,,,grocery,1
,,,,,,,,,,,,,,,,,,,,,,,,,growing,1
,,,,,,,,,,,,,,,,,,,,,,,,,großes,1
,,,,,,,,,,,,,,,,,,,,,,,,,guacamole,1
,,,,,,,,,,,,,,,,,,,,,,,,,guardala,1
,,,,,,,,,,,,,,,,,,,,,,,,,gula,1
,,,,,,,,,,,,,,,,,,,,,,,,,gummies,1
,,,,,,,,,,,,,,,,,,,,,,,,,guna,1
,,,,,,,,,,,,,,,,,,,,,,,,,gusto,1
,,,,,,,,,,,,,,,,,,,,,,,,,gustó,1
,,,,,,,,,,,,,,,,,,,,,,,,,guuuwwwddd✨,1
,,,,,,,,,,,,,,,,,,,,,,,,,guy,1
,,,,,,,,,,,,,,,,,,,,,,,,,gx,1
,,,,,,,,,,,,,,,,,,,,,,,,,gyros,1
,,,,,,,,,,,,,,,,,,,,,,,,,h,1
,,,,,,,,,,,,,,,,,,,,,,,,,haaave,1
,,,,,,,,,,,,,,,,,,,,,,,,,hack,1
,,,,,,,,,,,,,,,,,,,,,,,,,hack—perfect,1
,,,,,,,,,,,,,,,,,,,,,,,,,had!,1
,,,,,,,,,,,,,,,,,,,,,,,,,"half,",1
,,,,,,,,,,,,,,,,,,,,,,,,,"half-and-half),",1
,,,,,,,,,,,,,,,,,,,,,,,,,halfway),1
,,,,,,,,,,,,,,,,,,,,,,,,,halves,1
,,,,,,,,,,,,,,,,,,,,,,,,,ham,1
,,,,,,,,,,,,,,,,,,,,,,,,,hamburger,1
,,,,,,,,,,,,,,,,,,,,,,,,,hand,1
,,,,,,,,,,,,,,,,,,,,,,,,,"hand,",1
,,,,,,,,,,,,,,,,,,,,,,,,,hand.,1
,,,,,,,,,,,,,,,,,,,,,,,,,handbag,1
,,,,,,,,,,,,,,,,,,,,,,,,,handheld,1
,,,,,,,,,,,,,,,,,,,,,,,,,handle,1
,,,,,,,,,,,,,,,,,,,,,,,,,"handle.
",1
,,,,,,,,,,,,,,,,,,,,,,,,,"hands,",1
,,,,,,,,,,,,,,,,,,,,,,,,,hands.,1
,,,,,,,,,,,,,,,,,,,,,,,,,handy,1
,,,,,,,,,,,,,,,,,,,,,,,,,happiest,1
,,,,,,,,,,,,,,,,,,,,,,,,,"happiest,",1
,,,,,,,,,,,,,,,,,,,,,,,,,"happy,",1
,,,,,,,,,,,,,,,,,,,,,,,,,"hard,",1
,,,,,,,,,,,,,,,,,,,,,,,,,hard.,1
,,,,,,,,,,,,,,,,,,,,,,,,,harmony,1
,,,,,,,,,,,,,,,,,,,,,,,,,harrington,1
,,,,,,,,,,,,,,,,,,,,,,,,,hashtag,1
,,,,,,,,,,,,,,,,,,,,,,,,,hassle,1
,,,,,,,,,,,,,,,,,,,,,,,,,hasta,1
,,,,,,,,,,,,,,,,,,,,,,,,,hate,1
,,,,,,,,,,,,,,,,,,,,,,,,,hated,1
,,,,,,,,,,,,,,,,,,,,,,,,,have!,1
,,,,,,,,,,,,,,,,,,,,,,,,,have.,1
,,,,,,,,,,,,,,,,,,,,,,,,,hazelnotenpasta,1
,,,,,,,,,,,,,,,,,,,,,,,,,hazırım☀️,1
,,,,,,,,,,,,,,,,,,,,,,,,,health,1
,,,,,,,,,,,,,,,,,,,,,,,,,healthier,1
,,,,,,,,,,,,,,,,,,,,,,,,,"healthy,",1
,,,,,,,,,,,,,,,,,,,,,,,,,health💯,1
,,,,,,,,,,,,,,,,,,,,,,,,,heaped,1
,,,,,,,,,,,,,,,,,,,,,,,,,hear,1
,,,,,,,,,,,,,,,,,,,,,,,,,"heartburn,",1
,,,,,,,,,,,,,,,,,,,,,,,,,heartburn. ,1
,,,,,,,,,,,,,,,,,,,,,,,,,hearty,1
,,,,,,,,,,,,,,,,,,,,,,,,,heat:,1
,,,,,,,,,,,,,,,,,,,,,,,,,heb,1
,,,,,,,,,,,,,,,,,,,,,,,,,hehe,1
,,,,,,,,,,,,,,,,,,,,,,,,,heinz,1
,,,,,,,,,,,,,,,,,,,,,,,,,hello,1
,,,,,,,,,,,,,,,,,,,,,,,,,helper,1
,,,,,,,,,,,,,,,,,,,,,,,,,helps,1
,,,,,,,,,,,,,,,,,,,,,,,,,"herbs
1/2",1
,,,,,,,,,,,,,,,,,,,,,,,,,"herbs,",1
,,,,,,,,,,,,,,,,,,,,,,,,,herd,1
,,,,,,,,,,,,,,,,,,,,,,,,,here!,1
,,,,,,,,,,,,,,,,,,,,,,,,,here!📖👨‍🍳❤️,1
,,,,,,,,,,,,,,,,,,,,,,,,,"hesitant,",1
,,,,,,,,,,,,,,,,,,,,,,,,,he’s,1
,,,,,,,,,,,,,,,,,,,,,,,,,hier,1
,,,,,,,,,,,,,,,,,,,,,,,,,hierover,1
,,,,,,,,,,,,,,,,,,,,,,,,,hierva,1
,,,,,,,,,,,,,,,,,,,,,,,,,hiervoor,1
,,,,,,,,,,,,,,,,,,,,,,,,,high-quality,1
,,,,,,,,,,,,,,,,,,,,,,,,,higher,1
,,,,,,,,,,,,,,,,,,,,,,,,,highest,1
,,,,,,,,,,,,,,,,,,,,,,,,,him,1
,,,,,,,,,,,,,,,,,,,,,,,,,hingga,1
,,,,,,,,,,,,,,,,,,,,,,,,,hissettiren,1
,,,,,,,,,,,,,,,,,,,,,,,,,hitze,1
,,,,,,,,,,,,,,,,,,,,,,,,,hize,1
,,,,,,,,,,,,,,,,,,,,,,,,,holes,1
,,,,,,,,,,,,,,,,,,,,,,,,,holidays!,1
,,,,,,,,,,,,,,,,,,,,,,,,,home!,1
,,,,,,,,,,,,,,,,,,,,,,,,,home!🤤,1
,,,,,,,,,,,,,,,,,,,,,,,,,home?,1
,,,,,,,,,,,,,,,,,,,,,,,,,home?🙋🏻‍♀️,1
,,,,,,,,,,,,,,,,,,,,,,,,,home—no,1
,,,,,,,,,,,,,,,,,,,,,,,,,honest,1
,,,,,,,,,,,,,,,,,,,,,,,,,honestly,1
,,,,,,,,,,,,,,,,,,,,,,,,,honeynut,1
,,,,,,,,,,,,,,,,,,,,,,,,,hook.,1
,,,,,,,,,,,,,,,,,,,,,,,,,hope,1
,,,,,,,,,,,,,,,,,,,,,,,,,horchata!,1
,,,,,,,,,,,,,,,,,,,,,,,,,hospital,1
,,,,,,,,,,,,,,,,,,,,,,,,,hot!,1
,,,,,,,,,,,,,,,,,,,,,,,,,hot!.,1
,,,,,,,,,,,,,,,,,,,,,,,,,hot.,1
,,,,,,,,,,,,,,,,,,,,,,,,,"hotdogs,",1
,,,,,,,,,,,,,,,,,,,,,,,,,hot…it,1
,,,,,,,,,,,,,,,,,,,,,,,,,"hours,",1
,,,,,,,,,,,,,,,,,,,,,,,,,however,1
,,,,,,,,,,,,,,,,,,,,,,,,,https://archersfood.com/buttery-cheese-garlic-rolls/,1
,,,,,,,,,,,,,,,,,,,,,,,,,"https://archersfood.com/chocolate-nutella-pancakes/

(or",1
,,,,,,,,,,,,,,,,,,,,,,,,,https://archersfood.com/dark-chocolate-mousse-cake/,1
,,,,,,,,,,,,,,,,,,,,,,,,,https://archersfood.com/no-bake-kinder-bueno-cheesecake/,1
,,,,,,,,,,,,,,,,,,,,,,,,,"https://archersfood.com/nutella-chocolate-rolls/

(or",1
,,,,,,,,,,,,,,,,,,,,,,,,,https://archersfood.com/nutella-stuffed-pancake/,1
,,,,,,,,,,,,,,,,,,,,,,,,,huhu,1
,,,,,,,,,,,,,,,,,,,,,,,,,hungry,1
,,,,,,,,,,,,,,,,,,,,,,,,,hurry,1
,,,,,,,,,,,,,,,,,,,,,,,,,husband’s,1
,,,,,,,,,,,,,,,,,,,,,,,,,hype!,1
,,,,,,,,,,,,,,,,,,,,,,,,,i'll,1
,,,,,,,,,,,,,,,,,,,,,,,,,ib:,1
,,,,,,,,,,,,,,,,,,,,,,,,,iceberg;,1
,,,,,,,,,,,,,,,,,,,,,,,,,icecream,1
,,,,,,,,,,,,,,,,,,,,,,,,,icecream.,1
,,,,,,,,,,,,,,,,,,,,,,,,,idea!,1
,,,,,,,,,,,,,,,,,,,,,,,,,idea!🤩,1
,,,,,,,,,,,,,,,,,,,,,,,,,ideally,1
,,,,,,,,,,,,,,,,,,,,,,,,,ideas💡,1
,,,,,,,,,,,,,,,,,,,,,,,,,identical,1
,,,,,,,,,,,,,,,,,,,,,,,,,idol,1
,,,,,,,,,,,,,,,,,,,,,,,,,ily,1
,,,,,,,,,,,,,,,,,,,,,,,,,immergetele,1
,,,,,,,,,,,,,,,,,,,,,,,,,immune,1
,,,,,,,,,,,,,,,,,,,,,,,,,importantly,1
,,,,,,,,,,,,,,,,,,,,,,,,,"importantly,",1
,,,,,,,,,,,,,,,,,,,,,,,,,impress,1
,,,,,,,,,,,,,,,,,,,,,,,,,in-laws,1
,,,,,,,,,,,,,,,,,,,,,,,,,includes,1
,,,,,,,,,,,,,,,,,,,,,,,,,incredibly,1
,,,,,,,,,,,,,,,,,,,,,,,,,increments),1
,,,,,,,,,,,,,,,,,,,,,,,,,"increments,",1
,,,,,,,,,,,,,,,,,,,,,,,,,indescribably,1
,,,,,,,,,,,,,,,,,,,,,,,,,indigestion**,1
,,,,,,,,,,,,,,,,,,,,,,,,,individual,1
,,,,,,,,,,,,,,,,,,,,,,,,,individually,1
,,,,,,,,,,,,,,,,,,,,,,,,,infine,1
,,,,,,,,,,,,,,,,,,,,,,,,,information,1
,,,,,,,,,,,,,,,,,,,,,,,,,infuse,1
,,,,,,,,,,,,,,,,,,,,,,,,,"ingredient,",1
,,,,,,,,,,,,,,,,,,,,,,,,,ingredienti:,1
,,,,,,,,,,,,,,,,,,,,,,,,,"ingredients
",1
,,,,,,,,,,,,,,,,,,,,,,,,,"ingredients,",1
,,,,,,,,,,,,,,,,,,,,,,,,,ingredients: -,1
,,,,,,,,,,,,,,,,,,,,,,,,,ingredients;,1
,,,,,,,,,,,,,,,,,,,,,,,,,ingredients👇🏻,1
,,,,,,,,,,,,,,,,,,,,,,,,,ini,1
,,,,,,,,,,,,,,,,,,,,,,,,,injuries,1
,,,,,,,,,,,,,,,,,,,,,,,,,insanely,1
,,,,,,,,,,,,,,,,,,,,,,,,,inserted,1
,,,,,,,,,,,,,,,,,,,,,,,,,inside!!!,1
,,,,,,,,,,,,,,,,,,,,,,,,,inside.,1
,,,,,,,,,,,,,,,,,,,,,,,,,inside😓what,1
,,,,,,,,,,,,,,,,,,,,,,,,,"inso,",1
,,,,,,,,,,,,,,,,,,,,,,,,,inspo✨,1
,,,,,,,,,,,,,,,,,,,,,,,,,instead.,1
,,,,,,,,,,,,,,,,,,,,,,,,,"instructions
",1
,,,,,,,,,,,,,,,,,,,,,,,,,"instructions,",1
,,,,,,,,,,,,,,,,,,,,,,,,,"integrity,",1
,,,,,,,,,,,,,,,,,,,,,,,,,interested,1
,,,,,,,,,,,,,,,,,,,,,,,,,interesting,1
,,,,,,,,,,,,,,,,,,,,,,,,,interior,1
,,,,,,,,,,,,,,,,,,,,,,,,,internal,1
,,,,,,,,,,,,,,,,,,,,,,,,,introducing,1
,,,,,,,,,,,,,,,,,,,,,,,,,involved,1
,,,,,,,,,,,,,,,,,,,,,,,,,irish,1
,,,,,,,,,,,,,,,,,,,,,,,,,irresistible,1
,,,,,,,,,,,,,,,,,,,,,,,,,irresistible.,1
,,,,,,,,,,,,,,,,,,,,,,,,,is!,1
,,,,,,,,,,,,,,,,,,,,,,,,,is:,1
,,,,,,,,,,,,,,,,,,,,,,,,,isn't,1
,,,,,,,,,,,,,,,,,,,,,,,,,isn’t,1
,,,,,,,,,,,,,,,,,,,,,,,,,it!,1
,,,,,,,,,,,,,,,,,,,,,,,,,it!!,1
,,,,,,,,,,,,,,,,,,,,,,,,,it!😋,1
,,,,,,,,,,,,,,,,,,,,,,,,,it),1
,,,,,,,,,,,,,,,,,,,,,,,,,"it,",1
,,,,,,,,,,,,,,,,,,,,,,,,,it...,1
,,,,,,,,,,,,,,,,,,,,,,,,,it: ,1
,,,,,,,,,,,,,,,,,,,,,,,,,it?,1
,,,,,,,,,,,,,,,,,,,,,,,,,it’ll,1
,,,,,,,,,,,,,,,,,,,,,,,,,i didn’t add,1
,,,,,,,,,,,,,,,,,,,,,,,,,"jalapeño,",1
,,,,,,,,,,,,,,,,,,,,,,,,,january,1
,,,,,,,,,,,,,,,,,,,,,,,,,japan,1
,,,,,,,,,,,,,,,,,,,,,,,,,japanese,1
,,,,,,,,,,,,,,,,,,,,,,,,,jar),1
,,,,,,,,,,,,,,,,,,,,,,,,,jasmine,1
,,,,,,,,,,,,,,,,,,,,,,,,,join,1
,,,,,,,,,,,,,,,,,,,,,,,,,joining,1
,,,,,,,,,,,,,,,,,,,,,,,,,journeys,1
,,,,,,,,,,,,,,,,,,,,,,,,,joy!👨‍🍳📖❤️,1
,,,,,,,,,,,,,,,,,,,,,,,,,"juice
-seasonings:",1
,,,,,,,,,,,,,,,,,,,,,,,,,juiced,1
,,,,,,,,,,,,,,,,,,,,,,,,,juicy,1
,,,,,,,,,,,,,,,,,,,,,,,,,"juicy,",1
,,,,,,,,,,,,,,,,,,,,,,,,,jusqu’à,1
,,,,,,,,,,,,,,,,,,,,,,,,,kakao,1
,,,,,,,,,,,,,,,,,,,,,,,,,kalau,1
,,,,,,,,,,,,,,,,,,,,,,,,,kaleng,1
,,,,,,,,,,,,,,,,,,,,,,,,,kalengan,1
,,,,,,,,,,,,,,,,,,,,,,,,,kali,1
,,,,,,,,,,,,,,,,,,,,,,,,,kalian,1
,,,,,,,,,,,,,,,,,,,,,,,,,kaling,1
,,,,,,,,,,,,,,,,,,,,,,,,,"kaling,",1
,,,,,,,,,,,,,,,,,,,,,,,,,kamusta,1
,,,,,,,,,,,,,,,,,,,,,,,,,karamel,1
,,,,,,,,,,,,,,,,,,,,,,,,,katsu,1
,,,,,,,,,,,,,,,,,,,,,,,,,kcals,1
,,,,,,,,,,,,,,,,,,,,,,,,,kebabs,1
,,,,,,,,,,,,,,,,,,,,,,,,,keeping,1
,,,,,,,,,,,,,,,,,,,,,,,,,kek,1
,,,,,,,,,,,,,,,,,,,,,,,,,keksejä,1
,,,,,,,,,,,,,,,,,,,,,,,,,kemasan),1
,,,,,,,,,,,,,,,,,,,,,,,,,kembali,1
,,,,,,,,,,,,,,,,,,,,,,,,,kemudian,1
,,,,,,,,,,,,,,,,,,,,,,,,,kentucky,1
,,,,,,,,,,,,,,,,,,,,,,,,,"ketchup
-2",1
,,,,,,,,,,,,,,,,,,,,,,,,,"ketchup,",1
,,,,,,,,,,,,,,,,,,,,,,,,,"ketchup,worcestershire",1
,,,,,,,,,,,,,,,,,,,,,,,,,ketchup.,1
,,,,,,,,,,,,,,,,,,,,,,,,,ketchup?,1
,,,,,,,,,,,,,,,,,,,,,,,,,keto,1
,,,,,,,,,,,,,,,,,,,,,,,,,kettle,1
,,,,,,,,,,,,,,,,,,,,,,,,,key,1
,,,,,,,,,,,,,,,,,,,,,,,,,kfc,1
,,,,,,,,,,,,,,,,,,,,,,,,,kfc!,1
,,,,,,,,,,,,,,,,,,,,,,,,,kg),1
,,,,,,,,,,,,,,,,,,,,,,,,,"kid,",1
,,,,,,,,,,,,,,,,,,,,,,,,,kids.,1
,,,,,,,,,,,,,,,,,,,,,,,,,kids🥪,1
,,,,,,,,,,,,,,,,,,,,,,,,,kid’s,1
,,,,,,,,,,,,,,,,,,,,,,,,,kielbasa,1
,,,,,,,,,,,,,,,,,,,,,,,,,kit,1
,,,,,,,,,,,,,,,,,,,,,,,,,"kitchen,",1
,,,,,,,,,,,,,,,,,,,,,,,,,kitchen:,1
,,,,,,,,,,,,,,,,,,,,,,,,,knafeh,1
,,,,,,,,,,,,,,,,,,,,,,,,,"knife,",1
,,,,,,,,,,,,,,,,,,,,,,,,,knorr.,1
,,,,,,,,,,,,,,,,,,,,,,,,,koelkast,1
,,,,,,,,,,,,,,,,,,,,,,,,,kokosnusraspeln,1
,,,,,,,,,,,,,,,,,,,,,,,,,kombinlerim,1
,,,,,,,,,,,,,,,,,,,,,,,,,koşun🏃🏃‍♀,1
,,,,,,,,,,,,,,,,,,,,,,,,,kruton,1
,,,,,,,,,,,,,,,,,,,,,,,,,kung,1
,,,,,,,,,,,,,,,,,,,,,,,,,kweenatics!,1
,,,,,,,,,,,,,,,,,,,,,,,,,kwokspots.com,1
,,,,,,,,,,,,,,,,,,,,,,,,,köket!,1
,,,,,,,,,,,,,,,,,,,,,,,,,kühlschrank,1
,,,,,,,,,,,,,,,,,,,,,,,,,l,1
,,,,,,,,,,,,,,,,,,,,,,,,,l'olio,1
,,,,,,,,,,,,,,,,,,,,,,,,,l'uovo,1
,,,,,,,,,,,,,,,,,,,,,,,,,l've,1
,,,,,,,,,,,,,,,,,,,,,,,,,lactose,1
,,,,,,,,,,,,,,,,,,,,,,,,,"ladle,",1
,,,,,,,,,,,,,,,,,,,,,,,,,lados,1
,,,,,,,,,,,,,,,,,,,,,,,,,lady’s,1
,,,,,,,,,,,,,,,,,,,,,,,,,lamb:,1
,,,,,,,,,,,,,,,,,,,,,,,,,lang,1
,,,,,,,,,,,,,,,,,,,,,,,,,language,1
,,,,,,,,,,,,,,,,,,,,,,,,,las,1
,,,,,,,,,,,,,,,,,,,,,,,,,lasagne!,1
,,,,,,,,,,,,,,,,,,,,,,,,,lashings,1
,,,,,,,,,,,,,,,,,,,,,,,,,lassen,1
,,,,,,,,,,,,,,,,,,,,,,,,,last!,1
,,,,,,,,,,,,,,,,,,,,,,,,,"lastly,",1
,,,,,,,,,,,,,,,,,,,,,,,,,lata,1
,,,,,,,,,,,,,,,,,,,,,,,,,later!,1
,,,,,,,,,,,,,,,,,,,,,,,,,later.,1
,,,,,,,,,,,,,,,,,,,,,,,,,lato,1
,,,,,,,,,,,,,,,,,,,,,,,,,lattice.,1
,,,,,,,,,,,,,,,,,,,,,,,,,launch,1
,,,,,,,,,,,,,,,,,,,,,,,,,lawerence,1
,,,,,,,,,,,,,,,,,,,,,,,,,lay,1
,,,,,,,,,,,,,,,,,,,,,,,,,layered,1
,,,,,,,,,,,,,,,,,,,,,,,,,layers.,1
,,,,,,,,,,,,,,,,,,,,,,,,,lazy,1
,,,,,,,,,,,,,,,,,,,,,,,,,leaf,1
,,,,,,,,,,,,,,,,,,,,,,,,,"leaf,",1
,,,,,,,,,,,,,,,,,,,,,,,,,lean,1
,,,,,,,,,,,,,,,,,,,,,,,,,learn,1
,,,,,,,,,,,,,,,,,,,,,,,,,learned,1
,,,,,,,,,,,,,,,,,,,,,,,,,least a,1
,,,,,,,,,,,,,,,,,,,,,,,,,lebih,1
,,,,,,,,,,,,,,,,,,,,,,,,,lechuga,1
,,,,,,,,,,,,,,,,,,,,,,,,,leci.,1
,,,,,,,,,,,,,,,,,,,,,,,,,left…,1
,,,,,,,,,,,,,,,,,,,,,,,,,leggermente,1
,,,,,,,,,,,,,,,,,,,,,,,,,lemons,1
,,,,,,,,,,,,,,,,,,,,,,,,,length,1
,,,,,,,,,,,,,,,,,,,,,,,,,lengthways,1
,,,,,,,,,,,,,,,,,,,,,,,,,lengthwise.,1
,,,,,,,,,,,,,,,,,,,,,,,,,les,1
,,,,,,,,,,,,,,,,,,,,,,,,,less!🥗🌟🍵💖,1
,,,,,,,,,,,,,,,,,,,,,,,,,letting,1
,,,,,,,,,,,,,,,,,,,,,,,,,"lettuce,",1
,,,,,,,,,,,,,,,,,,,,,,,,,lettuce.,1
,,,,,,,,,,,,,,,,,,,,,,,,,levain,1
,,,,,,,,,,,,,,,,,,,,,,,,,level.,1
,,,,,,,,,,,,,,,,,,,,,,,,,lever,1
,,,,,,,,,,,,,,,,,,,,,,,,,lexus,1
,,,,,,,,,,,,,,,,,,,,,,,,,lezzetine,1
,,,,,,,,,,,,,,,,,,,,,,,,,lezzetleri,1
,,,,,,,,,,,,,,,,,,,,,,,,,licuando,1
,,,,,,,,,,,,,,,,,,,,,,,,,licuó.,1
,,,,,,,,,,,,,,,,,,,,,,,,,life's,1
,,,,,,,,,,,,,,,,,,,,,,,,,life.,1
,,,,,,,,,,,,,,,,,,,,,,,,,life…,1
,,,,,,,,,,,,,,,,,,,,,,,,,"light,",1
,,,,,,,,,,,,,,,,,,,,,,,,,lighter,1
,,,,,,,,,,,,,,,,,,,,,,,,,"like,",1
,,,,,,,,,,,,,,,,,,,,,,,,,likes,1
,,,,,,,,,,,,,,,,,,,,,,,,,liking,1
,,,,,,,,,,,,,,,,,,,,,,,,,lilo,1
,,,,,,,,,,,,,,,,,,,,,,,,,limón,1
,,,,,,,,,,,,,,,,,,,,,,,,,linguine,1
,,,,,,,,,,,,,,,,,,,,,,,,,lining,1
,,,,,,,,,,,,,,,,,,,,,,,,,link.,1
,,,,,,,,,,,,,,,,,,,,,,,,,linked!!!,1
,,,,,,,,,,,,,,,,,,,,,,,,,liquid.,1
,,,,,,,,,,,,,,,,,,,,,,,,,liscio,1
,,,,,,,,,,,,,,,,,,,,,,,,,list,1
,,,,,,,,,,,,,,,,,,,,,,,,,list.,1
,,,,,,,,,,,,,,,,,,,,,,,,,listo,1
,,,,,,,,,,,,,,,,,,,,,,,,,liter,1
,,,,,,,,,,,,,,,,,,,,,,,,,literally,1
,,,,,,,,,,,,,,,,,,,,,,,,,llnk,1
,,,,,,,,,,,,,,,,,,,,,,,,,loading,1
,,,,,,,,,,,,,,,,,,,,,,,,,local,1
,,,,,,,,,,,,,,,,,,,,,,,,,log,1
,,,,,,,,,,,,,,,,,,,,,,,,,lol,1
,,,,,,,,,,,,,,,,,,,,,,,,,london,1
,,,,,,,,,,,,,,,,,,,,,,,,,loosen,1
,,,,,,,,,,,,,,,,,,,,,,,,,los,1
,,,,,,,,,,,,,,,,,,,,,,,,,lose,1
,,,,,,,,,,,,,,,,,,,,,,,,,lost,1
,,,,,,,,,,,,,,,,,,,,,,,,,lot,1
,,,,,,,,,,,,,,,,,,,,,,,,,lots,1
,,,,,,,,,,,,,,,,,,,,,,,,,loving,1
,,,,,,,,,,,,,,,,,,,,,,,,,"low,",1
,,,,,,,,,,,,,,,,,,,,,,,,,low-medium,1
,,,,,,,,,,,,,,,,,,,,,,,,,low-sodium,1
,,,,,,,,,,,,,,,,,,,,,,,,,luck!,1
,,,,,,,,,,,,,,,,,,,,,,,,,luego,1
,,,,,,,,,,,,,,,,,,,,,,,,,lukewarm,1
,,,,,,,,,,,,,,,,,,,,,,,,,lukewarm.,1
,,,,,,,,,,,,,,,,,,,,,,,,,lumpia,1
,,,,,,,,,,,,,,,,,,,,,,,,,"lumps,",1
,,,,,,,,,,,,,,,,,,,,,,,,,lumps.,1
,,,,,,,,,,,,,,,,,,,,,,,,,lunches,1
,,,,,,,,,,,,,,,,,,,,,,,,,l’expédition,1
,,,,,,,,,,,,,,,,,,,,,,,,,l’opération.,1
,,,,,,,,,,,,,,,,,,,,,,,,,maak,1
,,,,,,,,,,,,,,,,,,,,,,,,,mac&cheese,1
,,,,,,,,,,,,,,,,,,,,,,,,,macro,1
,,,,,,,,,,,,,,,,,,,,,,,,,macros:,1
,,,,,,,,,,,,,,,,,,,,,,,,,maille,1
,,,,,,,,,,,,,,,,,,,,,,,,,main,1
,,,,,,,,,,,,,,,,,,,,,,,,,maintaining,1
,,,,,,,,,,,,,,,,,,,,,,,,,mais,1
,,,,,,,,,,,,,,,,,,,,,,,,,maja♥️,1
,,,,,,,,,,,,,,,,,,,,,,,,,make.,1
,,,,,,,,,,,,,,,,,,,,,,,,,maken,1
,,,,,,,,,,,,,,,,,,,,,,,,,mama,1
,,,,,,,,,,,,,,,,,,,,,,,,,man,1
,,,,,,,,,,,,,,,,,,,,,,,,,"mangoes,",1
,,,,,,,,,,,,,,,,,,,,,,,,,manis,1
,,,,,,,,,,,,,,,,,,,,,,,,,manquer,1
,,,,,,,,,,,,,,,,,,,,,,,,,mantener,1
,,,,,,,,,,,,,,,,,,,,,,,,,marbled,1
,,,,,,,,,,,,,,,,,,,,,,,,,marg,1
,,,,,,,,,,,,,,,,,,,,,,,,,marinara.,1
,,,,,,,,,,,,,,,,,,,,,,,,,marinate,1
,,,,,,,,,,,,,,,,,,,,,,,,,maris,1
,,,,,,,,,,,,,,,,,,,,,,,,,mark,1
,,,,,,,,,,,,,,,,,,,,,,,,,marrows,1
,,,,,,,,,,,,,,,,,,,,,,,,,"marshmallow),",1
,,,,,,,,,,,,,,,,,,,,,,,,,martajada,1
,,,,,,,,,,,,,,,,,,,,,,,,,masak,1
,,,,,,,,,,,,,,,,,,,,,,,,,masarap.,1
,,,,,,,,,,,,,,,,,,,,,,,,,"mascarpone,",1
,,,,,,,,,,,,,,,,,,,,,,,,,"mascarpone,hazelnootcreme",1
,,,,,,,,,,,,,,,,,,,,,,,,,"mashing,",1
,,,,,,,,,,,,,,,,,,,,,,,,,"mass,",1
,,,,,,,,,,,,,,,,,,,,,,,,,massive,1
,,,,,,,,,,,,,,,,,,,,,,,,,matcha,1
,,,,,,,,,,,,,,,,,,,,,,,,,matters,1
,,,,,,,,,,,,,,,,,,,,,,,,,maximizar,1
,,,,,,,,,,,,,,,,,,,,,,,,,"mayonnaise
-1/4",1
,,,,,,,,,,,,,,,,,,,,,,,,,mccormick,1
,,,,,,,,,,,,,,,,,,,,,,,,,"me,",1
,,,,,,,,,,,,,,,,,,,,,,,,,me.,1
,,,,,,,,,,,,,,,,,,,,,,,,,meal!,1
,,,,,,,,,,,,,,,,,,,,,,,,,"meal,",1
,,,,,,,,,,,,,,,,,,,,,,,,,meal-prepping,1
,,,,,,,,,,,,,,,,,,,,,,,,,meal:,1
,,,,,,,,,,,,,,,,,,,,,,,,,meals).,1
,,,,,,,,,,,,,,,,,,,,,,,,,"meals,",1
,,,,,,,,,,,,,,,,,,,,,,,,,meals.,1
,,,,,,,,,,,,,,,,,,,,,,,,,meaning,1
,,,,,,,,,,,,,,,,,,,,,,,,,"meantime,",1
,,,,,,,,,,,,,,,,,,,,,,,,,mechada,1
,,,,,,,,,,,,,,,,,,,,,,,,,med,1
,,,,,,,,,,,,,,,,,,,,,,,,,medium-,1
,,,,,,,,,,,,,,,,,,,,,,,,,medium-high,1
,,,,,,,,,,,,,,,,,,,,,,,,,medium-sized,1
,,,,,,,,,,,,,,,,,,,,,,,,,medium.,1
,,,,,,,,,,,,,,,,,,,,,,,,,medjool,1
,,,,,,,,,,,,,,,,,,,,,,,,,meets,1
,,,,,,,,,,,,,,,,,,,,,,,,,mejor..,1
,,,,,,,,,,,,,,,,,,,,,,,,,melhor,1
,,,,,,,,,,,,,,,,,,,,,,,,,melkchocolade,1
,,,,,,,,,,,,,,,,,,,,,,,,,melted.,1
,,,,,,,,,,,,,,,,,,,,,,,,,melty.,1
,,,,,,,,,,,,,,,,,,,,,,,,,"members,",1
,,,,,,,,,,,,,,,,,,,,,,,,,membership,1
,,,,,,,,,,,,,,,,,,,,,,,,,membuat:,1
,,,,,,,,,,,,,,,,,,,,,,,,,memorial,1
,,,,,,,,,,,,,,,,,,,,,,,,,mencoba!,1
,,,,,,,,,,,,,,,,,,,,,,,,,mendidih.,1
,,,,,,,,,,,,,,,,,,,,,,,,,meng,1
,,,,,,,,,,,,,,,,,,,,,,,,,menus,1
,,,,,,,,,,,,,,,,,,,,,,,,,meringue.,1
,,,,,,,,,,,,,,,,,,,,,,,,,mescolate,1
,,,,,,,,,,,,,,,,,,,,,,,,,message,1
,,,,,,,,,,,,,,,,,,,,,,,,,"metabolism,",1
,,,,,,,,,,,,,,,,,,,,,,,,,"method,",1
,,,,,,,,,,,,,,,,,,,,,,,,,"metre,",1
,,,,,,,,,,,,,,,,,,,,,,,,,mexican-inspired,1
,,,,,,,,,,,,,,,,,,,,,,,,,mezcla,1
,,,,,,,,,,,,,,,,,,,,,,,,,microwave-safe,1
,,,,,,,,,,,,,,,,,,,,,,,,,microwave.,1
,,,,,,,,,,,,,,,,,,,,,,,,,middle,1
,,,,,,,,,,,,,,,,,,,,,,,,,miele,1
,,,,,,,,,,,,,,,,,,,,,,,,,milch,1
,,,,,,,,,,,,,,,,,,,,,,,,,"milch,",1
,,,,,,,,,,,,,,,,,,,,,,,,,mild 1,1
,,,,,,,,,,,,,,,,,,,,,,,,,"milk
vegetable",1
,,,,,,,,,,,,,,,,,,,,,,,,,milk),1
,,,,,,,,,,,,,,,,,,,,,,,,,milks,1
,,,,,,,,,,,,,,,,,,,,,,,,,milkshake!,1
,,,,,,,,,,,,,,,,,,,,,,,,,milk -,1
,,,,,,,,,,,,,,,,,,,,,,,,,million,1
,,,,,,,,,,,,,,,,,,,,,,,,,min).,1
,,,,,,,,,,,,,,,,,,,,,,,,,"min,",1
,,,,,,,,,,,,,,,,,,,,,,,,,mince,1
,,,,,,,,,,,,,,,,,,,,,,,,,"minced
250",1
,,,,,,,,,,,,,,,,,,,,,,,,,"minced,",1
,,,,,,,,,,,,,,,,,,,,,,,,,mind,1
,,,,,,,,,,,,,,,,,,,,,,,,,mind!,1
,,,,,,,,,,,,,,,,,,,,,,,,,"minerals,",1
,,,,,,,,,,,,,,,,,,,,,,,,,mint),1
,,,,,,,,,,,,,,,,,,,,,,,,,mint-chocolate,1
,,,,,,,,,,,,,,,,,,,,,,,,,minute!,1
,,,,,,,,,,,,,,,,,,,,,,,,,"minute,",1
,,,,,,,,,,,,,,,,,,,,,,,,,minutes!😍🍳🍅,1
,,,,,,,,,,,,,,,,,,,,,,,,,minutes),1
,,,,,,,,,,,,,,,,,,,,,,,,,"minutes),",1
,,,,,,,,,,,,,,,,,,,,,,,,,minutes. ,1
,,,,,,,,,,,,,,,,,,,,,,,,,minutes/microwave.,1
,,,,,,,,,,,,,,,,,,,,,,,,,minutes—perfect,1
,,,,,,,,,,,,,,,,,,,,,,,,,minyak,1
,,,,,,,,,,,,,,,,,,,,,,,,,mirin,1
,,,,,,,,,,,,,,,,,,,,,,,,,mis,1
,,,,,,,,,,,,,,,,,,,,,,,,,misma,1
,,,,,,,,,,,,,,,,,,,,,,,,,miss,1
,,,,,,,,,,,,,,,,,,,,,,,,,mix.,1
,,,,,,,,,,,,,,,,,,,,,,,,,"mix.
3.",1
,,,,,,,,,,,,,,,,,,,,,,,,,mixer.,1
,,,,,,,,,,,,,,,,,,,,,,,,,mixture),1
,,,,,,,,,,,,,,,,,,,,,,,,,"mixture:
-2",1
,,,,,,,,,,,,,,,,,,,,,,,,,mixture;,1
,,,,,,,,,,,,,,,,,,,,,,,,,mmmproved,1
,,,,,,,,,,,,,,,,,,,,,,,,,moins,1
,,,,,,,,,,,,,,,,,,,,,,,,,moisture,1
,,,,,,,,,,,,,,,,,,,,,,,,,moisture. ,1
,,,,,,,,,,,,,,,,,,,,,,,,,moitié,1
,,,,,,,,,,,,,,,,,,,,,,,,,"mold,",1
,,,,,,,,,,,,,,,,,,,,,,,,,"molida,",1
,,,,,,,,,,,,,,,,,,,,,,,,,monte,1
,,,,,,,,,,,,,,,,,,,,,,,,,monter,1
,,,,,,,,,,,,,,,,,,,,,,,,,montgomery,1
,,,,,,,,,,,,,,,,,,,,,,,,,"month,",1
,,,,,,,,,,,,,,,,,,,,,,,,,more!,1
,,,,,,,,,,,,,,,,,,,,,,,,,more!).👍🏻,1
,,,,,,,,,,,,,,,,,,,,,,,,,more!✨,1
,,,,,,,,,,,,,,,,,,,,,,,,,more?,1
,,,,,,,,,,,,,,,,,,,,,,,,,"morrison,",1
,,,,,,,,,,,,,,,,,,,,,,,,,motivation,1
,,,,,,,,,,,,,,,,,,,,,,,,,moule.,1
,,,,,,,,,,,,,,,,,,,,,,,,,mousse,1
,,,,,,,,,,,,,,,,,,,,,,,,,mouthwatering,1
,,,,,,,,,,,,,,,,,,,,,,,,,movie,1
,,,,,,,,,,,,,,,,,,,,,,,,,"much,",1
,,,,,,,,,,,,,,,,,,,,,,,,,muenster,1
,,,,,,,,,,,,,,,,,,,,,,,,,muffin,1
,,,,,,,,,,,,,,,,,,,,,,,,,muffins:,1
,,,,,,,,,,,,,,,,,,,,,,,,,mugs,1
,,,,,,,,,,,,,,,,,,,,,,,,,mukbang,1
,,,,,,,,,,,,,,,,,,,,,,,,,"mushroom,",1
,,,,,,,,,,,,,,,,,,,,,,,,,mushrooms🍜🧎‍♀️too,1
,,,,,,,,,,,,,,,,,,,,,,,,,"mustard,",1
,,,,,,,,,,,,,,,,,,,,,,,,,mutlaka,1
,,,,,,,,,,,,,,,,,,,,,,,,,méxico,1
,,,,,,,,,,,,,,,,,,,,,,,,,na,1
,,,,,,,,,,,,,,,,,,,,,,,,,na!,1
,,,,,,,,,,,,,,,,,,,,,,,,,naan,1
,,,,,,,,,,,,,,,,,,,,,,,,,nachos,1
,,,,,,,,,,,,,,,,,,,,,,,,,nachos),1
,,,,,,,,,,,,,,,,,,,,,,,,,nachtje,1
,,,,,,,,,,,,,,,,,,,,,,,,,nadec,1
,,,,,,,,,,,,,,,,,,,,,,,,,name,1
,,,,,,,,,,,,,,,,,,,,,,,,,national,1
,,,,,,,,,,,,,,,,,,,,,,,,,"natural,",1
,,,,,,,,,,,,,,,,,,,,,,,,,ne,1
,,,,,,,,,,,,,,,,,,,,,,,,,near,1
,,,,,,,,,,,,,,,,,,,,,,,,,nearly,1
,,,,,,,,,,,,,,,,,,,,,,,,,necesitas:,1
,,,,,,,,,,,,,,,,,,,,,,,,,necessary.,1
,,,,,,,,,,,,,,,,,,,,,,,,,need-,1
,,,,,,,,,,,,,,,,,,,,,,,,,need:,1
,,,,,,,,,,,,,,,,,,,,,,,,,"needed)
salt",1
,,,,,,,,,,,,,,,,,,,,,,,,,needed.,1
,,,,,,,,,,,,,,,,,,,,,,,,,needs.,1
,,,,,,,,,,,,,,,,,,,,,,,,,nehmen.,1
,,,,,,,,,,,,,,,,,,,,,,,,,nell’impasto,1
,,,,,,,,,,,,,,,,,,,,,,,,,"nephew,",1
,,,,,,,,,,,,,,,,,,,,,,,,,neresi,1
,,,,,,,,,,,,,,,,,,,,,,,,,network,1
,,,,,,,,,,,,,,,,,,,,,,,,,"next,",1
,,,,,,,,,,,,,,,,,,,,,,,,,next??,1
,,,,,,,,,,,,,,,,,,,,,,,,,ng,1
,,,,,,,,,,,,,,,,,,,,,,,,,ni,1
,,,,,,,,,,,,,,,,,,,,,,,,,nih,1
,,,,,,,,,,,,,,,,,,,,,,,,,niin,1
,,,,,,,,,,,,,,,,,,,,,,,,,nivel,1
,,,,,,,,,,,,,,,,,,,,,,,,,"nivel,",1
,,,,,,,,,,,,,,,,,,,,,,,,,no-waste,1
,,,,,,,,,,,,,,,,,,,,,,,,,nodig,1
,,,,,,,,,,,,,,,,,,,,,,,,,non-daury,1
,,,,,,,,,,,,,,,,,,,,,,,,,nonstick,1
,,,,,,,,,,,,,,,,,,,,,,,,,"noodles,",1
,,,,,,,,,,,,,,,,,,,,,,,,,noodles.,1
,,,,,,,,,,,,,,,,,,,,,,,,,noodles:,1
,,,,,,,,,,,,,,,,,,,,,,,,,noon,1
,,,,,,,,,,,,,,,,,,,,,,,,,nori,1
,,,,,,,,,,,,,,,,,,,,,,,,,"nori,",1
,,,,,,,,,,,,,,,,,,,,,,,,,normal,1
,,,,,,,,,,,,,,,,,,,,,,,,,note),1
,,,,,,,,,,,,,,,,,,,,,,,,,notes:,1
,,,,,,,,,,,,,,,,,,,,,,,,,nothing,1
,,,,,,,,,,,,,,,,,,,,,,,,,"nothing🫡

you",1
,,,,,,,,,,,,,,,,,,,,,,,,,nougat,1
,,,,,,,,,,,,,,,,,,,,,,,,,nourishing,1
,,,,,,,,,,,,,,,,,,,,,,,,,novembre,1
,,,,,,,,,,,,,,,,,,,,,,,,,now?,1
,,,,,,,,,,,,,,,,,,,,,,,,,nuevo,1
,,,,,,,,,,,,,,,,,,,,,,,,,number,1
,,,,,,,,,,,,,,,,,,,,,,,,,nurses,1
,,,,,,,,,,,,,,,,,,,,,,,,,nutribullet,1
,,,,,,,,,,,,,,,,,,,,,,,,,nuts,1
,,,,,,,,,,,,,,,,,,,,,,,,,nutty.,1
,,,,,,,,,,,,,,,,,,,,,,,,,nyegerin,1
,,,,,,,,,,,,,,,,,,,,,,,,,oats.,1
,,,,,,,,,,,,,,,,,,,,,,,,,obessed,1
,,,,,,,,,,,,,,,,,,,,,,,,,obsessed!,1
,,,,,,,,,,,,,,,,,,,,,,,,,obtenez,1
,,,,,,,,,,,,,,,,,,,,,,,,,"occasionally,",1
,,,,,,,,,,,,,,,,,,,,,,,,,off).,1
,,,,,,,,,,,,,,,,,,,,,,,,,officially,1
,,,,,,,,,,,,,,,,,,,,,,,,,offset,1
,,,,,,,,,,,,,,,,,,,,,,,,,often,1
,,,,,,,,,,,,,,,,,,,,,,,,,"oh,",1
,,,,,,,,,,,,,,,,,,,,,,,,,"oil
1",1
,,,,,,,,,,,,,,,,,,,,,,,,,"oil.
",1
,,,,,,,,,,,,,,,,,,,,,,,,,"oil.
5.",1
,,,,,,,,,,,,,,,,,,,,,,,,,oil. ,1
,,,,,,,,,,,,,,,,,,,,,,,,,oiled,1
,,,,,,,,,,,,,,,,,,,,,,,,,ok,1
,,,,,,,,,,,,,,,,,,,,,,,,,"ok,",1
,,,,,,,,,,,,,,,,,,,,,,,,,old,1
,,,,,,,,,,,,,,,,,,,,,,,,,old.,1
,,,,,,,,,,,,,,,,,,,,,,,,,olives,1
,,,,,,,,,,,,,,,,,,,,,,,,,"olla,",1
,,,,,,,,,,,,,,,,,,,,,,,,,olsun,1
,,,,,,,,,,,,,,,,,,,,,,,,,olursa,1
,,,,,,,,,,,,,,,,,,,,,,,,,om,1
,,,,,,,,,,,,,,,,,,,,,,,,,omega-3s,1
,,,,,,,,,,,,,,,,,,,,,,,,,omogeneo.,1
,,,,,,,,,,,,,,,,,,,,,,,,,on).,1
,,,,,,,,,,,,,,,,,,,,,,,,,one!!,1
,,,,,,,,,,,,,,,,,,,,,,,,,"one,",1
,,,,,,,,,,,,,,,,,,,,,,,,,ones,1
,,,,,,,,,,,,,,,,,,,,,,,,,one…with,1
,,,,,,,,,,,,,,,,,,,,,,,,,ongeklopte,1
,,,,,,,,,,,,,,,,,,,,,,,,,onigirazu🥑,1
,,,,,,,,,,,,,,,,,,,,,,,,,"onion),",1
,,,,,,,,,,,,,,,,,,,,,,,,,"onion⁣,",1
,,,,,,,,,,,,,,,,,,,,,,,,,only),1
,,,,,,,,,,,,,,,,,,,,,,,,,"ooey,",1
,,,,,,,,,,,,,,,,,,,,,,,,,oops.,1
,,,,,,,,,,,,,,,,,,,,,,,,,op.,1
,,,,,,,,,,,,,,,,,,,,,,,,,"open,",1
,,,,,,,,,,,,,,,,,,,,,,,,,opening,1
,,,,,,,,,,,,,,,,,,,,,,,,,optimizar,1
,,,,,,,,,,,,,,,,,,,,,,,,,optimize,1
,,,,,,,,,,,,,,,,,,,,,,,,,optional 1/2,1
,,,,,,,,,,,,,,,,,,,,,,,,,orange,1
,,,,,,,,,,,,,,,,,,,,,,,,,order,1
,,,,,,,,,,,,,,,,,,,,,,,,,ordinary,1
,,,,,,,,,,,,,,,,,,,,,,,,,"oreo,",1
,,,,,,,,,,,,,,,,,,,,,,,,,oreos,1
,,,,,,,,,,,,,,,,,,,,,,,,,oreos!,1
,,,,,,,,,,,,,,,,,,,,,,,,,oreos.,1
,,,,,,,,,,,,,,,,,,,,,,,,,organum,1
,,,,,,,,,,,,,,,,,,,,,,,,,original.,1
,,,,,,,,,,,,,,,,,,,,,,,,,orrr,1
,,,,,,,,,,,,,,,,,,,,,,,,,orrr…,1
,,,,,,,,,,,,,,,,,,,,,,,,,osta,1
,,,,,,,,,,,,,,,,,,,,,,,,,otro,1
,,,,,,,,,,,,,,,,,,,,,,,,,ottenete,1
,,,,,,,,,,,,,,,,,,,,,,,,,out.,1
,,,,,,,,,,,,,,,,,,,,,,,,,outdood,1
,,,,,,,,,,,,,,,,,,,,,,,,,oval,1
,,,,,,,,,,,,,,,,,,,,,,,,,oven-safe,1
,,,,,,,,,,,,,,,,,,,,,,,,,"over,",1
,,,,,,,,,,,,,,,,,,,,,,,,,overall,1
,,,,,,,,,,,,,,,,,,,,,,,,,overmix,1
,,,,,,,,,,,,,,,,,,,,,,,,,overnight.,1
,,,,,,,,,,,,,,,,,,,,,,,,,owes,1
,,,,,,,,,,,,,,,,,,,,,,,,,"own,",1
,,,,,,,,,,,,,,,,,,,,,,,,,owner,1
,,,,,,,,,,,,,,,,,,,,,,,,,oyster,1
,,,,,,,,,,,,,,,,,,,,,,,,,oyun,1
,,,,,,,,,,,,,,,,,,,,,,,,,oz.,1
,,,,,,,,,,,,,,,,,,,,,,,,,package.,1
,,,,,,,,,,,,,,,,,,,,,,,,,package🙌🏾,1
,,,,,,,,,,,,,,,,,,,,,,,,,packet,1
,,,,,,,,,,,,,,,,,,,,,,,,,packet.,1
,,,,,,,,,,,,,,,,,,,,,,,,,padella,1
,,,,,,,,,,,,,,,,,,,,,,,,,page!,1
,,,,,,,,,,,,,,,,,,,,,,,,,pain,1
,,,,,,,,,,,,,,,,,,,,,,,,,painting,1
,,,,,,,,,,,,,,,,,,,,,,,,,pairing,1
,,,,,,,,,,,,,,,,,,,,,,,,,pairing.,1
,,,,,,,,,,,,,,,,,,,,,,,,,paleo!,1
,,,,,,,,,,,,,,,,,,,,,,,,,paling,1
,,,,,,,,,,,,,,,,,,,,,,,,,paljon,1
,,,,,,,,,,,,,,,,,,,,,,,,,pan),1
,,,,,,,,,,,,,,,,,,,,,,,,,pan-sear,1
,,,,,,,,,,,,,,,,,,,,,,,,,panacea!),1
,,,,,,,,,,,,,,,,,,,,,,,,,pancake.,1
,,,,,,,,,,,,,,,,,,,,,,,,,pancakes😍✨,1
,,,,,,,,,,,,,,,,,,,,,,,,,"pancetta,",1
,,,,,,,,,,,,,,,,,,,,,,,,,panlasa,1
,,,,,,,,,,,,,,,,,,,,,,,,,pans.,1
,,,,,,,,,,,,,,,,,,,,,,,,,papas,1
,,,,,,,,,,,,,,,,,,,,,,,,,"paper,",1
,,,,,,,,,,,,,,,,,,,,,,,,,"paper.
",1
,,,,,,,,,,,,,,,,,,,,,,,,,"paprika
1",1
,,,,,,,,,,,,,,,,,,,,,,,,,par,1
,,,,,,,,,,,,,,,,,,,,,,,,,parallel,1
,,,,,,,,,,,,,,,,,,,,,,,,,parents,1
,,,,,,,,,,,,,,,,,,,,,,,,,parley,1
,,,,,,,,,,,,,,,,,,,,,,,,,"parsnip,",1
,,,,,,,,,,,,,,,,,,,,,,,,,parsnip.,1
,,,,,,,,,,,,,,,,,,,,,,,,,partially,1
,,,,,,,,,,,,,,,,,,,,,,,,,particularly,1
,,,,,,,,,,,,,,,,,,,,,,,,,parts),1
,,,,,,,,,,,,,,,,,,,,,,,,,party…it’s,1
,,,,,,,,,,,,,,,,,,,,,,,,,pas,1
,,,,,,,,,,,,,,,,,,,,,,,,,passed,1
,,,,,,,,,,,,,,,,,,,,,,,,,past,1
,,,,,,,,,,,,,,,,,,,,,,,,,"pasta
1",1
,,,,,,,,,,,,,,,,,,,,,,,,,"pasta
10-12",1
,,,,,,,,,,,,,,,,,,,,,,,,,pasta!,1
,,,,,,,,,,,,,,,,,,,,,,,,,"pasta,chicken",1
,,,,,,,,,,,,,,,,,,,,,,,,,"pastas,",1
,,,,,,,,,,,,,,,,,,,,,,,,,pasta🔥,1
,,,,,,,,,,,,,,,,,,,,,,,,,pasta🧄🧀,1
,,,,,,,,,,,,,,,,,,,,,,,,,paste 3,1
,,,,,,,,,,,,,,,,,,,,,,,,,"patties,",1
,,,,,,,,,,,,,,,,,,,,,,,,,paul's,1
,,,,,,,,,,,,,,,,,,,,,,,,,pay,1
,,,,,,,,,,,,,,,,,,,,,,,,,paying,1
,,,,,,,,,,,,,,,,,,,,,,,,,pc,1
,,,,,,,,,,,,,,,,,,,,,,,,,pcs,1
,,,,,,,,,,,,,,,,,,,,,,,,,peaches,1
,,,,,,,,,,,,,,,,,,,,,,,,,peak. 5-dust,1
,,,,,,,,,,,,,,,,,,,,,,,,,peaks.,1
,,,,,,,,,,,,,,,,,,,,,,,,,pearl,1
,,,,,,,,,,,,,,,,,,,,,,,,,pecans,1
,,,,,,,,,,,,,,,,,,,,,,,,,pechuga,1
,,,,,,,,,,,,,,,,,,,,,,,,,peel!,1
,,,,,,,,,,,,,,,,,,,,,,,,,peeled),1
,,,,,,,,,,,,,,,,,,,,,,,,,pembe,1
,,,,,,,,,,,,,,,,,,,,,,,,,pendant,1
,,,,,,,,,,,,,,,,,,,,,,,,,penne,1
,,,,,,,,,,,,,,,,,,,,,,,,,penti,1
,,,,,,,,,,,,,,,,,,,,,,,,,pentiyle,1
,,,,,,,,,,,,,,,,,,,,,,,,,people,1
,,,,,,,,,,,,,,,,,,,,,,,,,people.,1
,,,,,,,,,,,,,,,,,,,,,,,,,"pepper
",1
,,,,,,,,,,,,,,,,,,,,,,,,,"pepper
-neutral",1
,,,,,,,,,,,,,,,,,,,,,,,,,"pepper
1",1
,,,,,,,,,,,,,,,,,,,,,,,,,"pepper
1/2",1
,,,,,,,,,,,,,,,,,,,,,,,,,"pepper
cane’s",1
,,,,,,,,,,,,,,,,,,,,,,,,,pepper(to,1
,,,,,,,,,,,,,,,,,,,,,,,,,"peppers,",1
,,,,,,,,,,,,,,,,,,,,,,,,,peppers.,1
,,,,,,,,,,,,,,,,,,,,,,,,,perfecting,1
,,,,,,,,,,,,,,,,,,,,,,,,,perfection.,1
,,,,,,,,,,,,,,,,,,,,,,,,,performance,1
,,,,,,,,,,,,,,,,,,,,,,,,,perks,1
,,,,,,,,,,,,,,,,,,,,,,,,,perpendicular,1
,,,,,,,,,,,,,,,,,,,,,,,,,person,1
,,,,,,,,,,,,,,,,,,,,,,,,,person),1
,,,,,,,,,,,,,,,,,,,,,,,,,perspective,1
,,,,,,,,,,,,,,,,,,,,,,,,,"pesto,",1
,,,,,,,,,,,,,,,,,,,,,,,,,pet,1
,,,,,,,,,,,,,,,,,,,,,,,,,petunjuk,1
,,,,,,,,,,,,,,,,,,,,,,,,,ph,1
,,,,,,,,,,,,,,,,,,,,,,,,,ph!,1
,,,,,,,,,,,,,,,,,,,,,,,,,photo.,1
,,,,,,,,,,,,,,,,,,,,,,,,,phyllo,1
,,,,,,,,,,,,,,,,,,,,,,,,,piastachio,1
,,,,,,,,,,,,,,,,,,,,,,,,,picanha,1
,,,,,,,,,,,,,,,,,,,,,,,,,pick,1
,,,,,,,,,,,,,,,,,,,,,,,,,picked,1
,,,,,,,,,,,,,,,,,,,,,,,,,pickled,1
,,,,,,,,,,,,,,,,,,,,,,,,,picks,1
,,,,,,,,,,,,,,,,,,,,,,,,,picky,1
,,,,,,,,,,,,,,,,,,,,,,,,,picosito,1
,,,,,,,,,,,,,,,,,,,,,,,,,pictured:,1
,,,,,,,,,,,,,,,,,,,,,,,,,pie.,1
,,,,,,,,,,,,,,,,,,,,,,,,,"pieces,",1
,,,,,,,,,,,,,,,,,,,,,,,,,piercing,1
,,,,,,,,,,,,,,,,,,,,,,,,,pies,1
,,,,,,,,,,,,,,,,,,,,,,,,,pimienta,1
,,,,,,,,,,,,,,,,,,,,,,,,,"pimienta,",1
,,,,,,,,,,,,,,,,,,,,,,,,,pimienta.,1
,,,,,,,,,,,,,,,,,,,,,,,,,pin.,1
,,,,,,,,,,,,,,,,,,,,,,,,,pinakbet,1
,,,,,,,,,,,,,,,,,,,,,,,,,pinching,1
,,,,,,,,,,,,,,,,,,,,,,,,,pinto,1
,,,,,,,,,,,,,,,,,,,,,,,,,pipe,1
,,,,,,,,,,,,,,,,,,,,,,,,,piper,1
,,,,,,,,,,,,,,,,,,,,,,,,,piping,1
,,,,,,,,,,,,,,,,,,,,,,,,,pitted,1
,,,,,,,,,,,,,,,,,,,,,,,,,pizza!!,1
,,,,,,,,,,,,,,,,,,,,,,,,,pizzadillas,1
,,,,,,,,,,,,,,,,,,,,,,,,,pizza’s,1
,,,,,,,,,,,,,,,,,,,,,,,,,pizzico,1
,,,,,,,,,,,,,,,,,,,,,,,,,pkg,1
,,,,,,,,,,,,,,,,,,,,,,,,,place.,1
,,,,,,,,,,,,,,,,,,,,,,,,,placez,1
,,,,,,,,,,,,,,,,,,,,,,,,,planning,1
,,,,,,,,,,,,,,,,,,,,,,,,,plantains,1
,,,,,,,,,,,,,,,,,,,,,,,,,plate,1
,,,,,,,,,,,,,,,,,,,,,,,,,plate.,1
,,,,,,,,,,,,,,,,,,,,,,,,,"platform,",1
,,,,,,,,,,,,,,,,,,,,,,,,,platform.,1
,,,,,,,,,,,,,,,,,,,,,,,,,platforms,1
,,,,,,,,,,,,,,,,,,,,,,,,,play,1
,,,,,,,,,,,,,,,,,,,,,,,,,please!,1
,,,,,,,,,,,,,,,,,,,,,,,,,please!!!,1
,,,,,,,,,,,,,,,,,,,,,,,,,pleated,1
,,,,,,,,,,,,,,,,,,,,,,,,,plenty,1
,,,,,,,,,,,,,,,,,,,,,,,,,poco,1
,,,,,,,,,,,,,,,,,,,,,,,,,poems,1
,,,,,,,,,,,,,,,,,,,,,,,,,poi,1
,,,,,,,,,,,,,,,,,,,,,,,,,pollo,1
,,,,,,,,,,,,,,,,,,,,,,,,,pookis,1
,,,,,,,,,,,,,,,,,,,,,,,,,popcorn},1
,,,,,,,,,,,,,,,,,,,,,,,,,popular,1
,,,,,,,,,,,,,,,,,,,,,,,,,popular!,1
,,,,,,,,,,,,,,,,,,,,,,,,,por,1
,,,,,,,,,,,,,,,,,,,,,,,,,porridge,1
,,,,,,,,,,,,,,,,,,,,,,,,,portions.,1
,,,,,,,,,,,,,,,,,,,,,,,,,posting,1
,,,,,,,,,,,,,,,,,,,,,,,,,potato.,1
,,,,,,,,,,,,,,,,,,,,,,,,,potato:,1
,,,,,,,,,,,,,,,,,,,,,,,,,potato},1
,,,,,,,,,,,,,,,,,,,,,,,,,potato’s,1
,,,,,,,,,,,,,,,,,,,,,,,,,potongan,1
,,,,,,,,,,,,,,,,,,,,,,,,,pots,1
,,,,,,,,,,,,,,,,,,,,,,,,,pounds,1
,,,,,,,,,,,,,,,,,,,,,,,,,"powder
-seasonings:",1
,,,,,,,,,,,,,,,,,,,,,,,,,"powder
1/2",1
,,,,,,,,,,,,,,,,,,,,,,,,,pre,1
,,,,,,,,,,,,,,,,,,,,,,,,,"preference,",1
,,,,,,,,,,,,,,,,,,,,,,,,,"preference,,",1
,,,,,,,,,,,,,,,,,,,,,,,,,preferred.,1
,,,,,,,,,,,,,,,,,,,,,,,,,prend,1
,,,,,,,,,,,,,,,,,,,,,,,,,prep:,1
,,,,,,,,,,,,,,,,,,,,,,,,,prepable,1
,,,,,,,,,,,,,,,,,,,,,,,,,prepara,1
,,,,,,,,,,,,,,,,,,,,,,,,,"preps,",1
,,,,,,,,,,,,,,,,,,,,,,,,,prep”,1
,,,,,,,,,,,,,,,,,,,,,,,,,prep😋,1
,,,,,,,,,,,,,,,,,,,,,,,,,pretty,1
,,,,,,,,,,,,,,,,,,,,,,,,,prevent,1
,,,,,,,,,,,,,,,,,,,,,,,,,previous,1
,,,,,,,,,,,,,,,,,,,,,,,,,print,1
,,,,,,,,,,,,,,,,,,,,,,,,,printable,1
,,,,,,,,,,,,,,,,,,,,,,,,,"pro,",1
,,,,,,,,,,,,,,,,,,,,,,,,,probala,1
,,,,,,,,,,,,,,,,,,,,,,,,,problem-,1
,,,,,,,,,,,,,,,,,,,,,,,,,proceed,1
,,,,,,,,,,,,,,,,,,,,,,,,,"process,",1
,,,,,,,,,,,,,,,,,,,,,,,,,produce,1
,,,,,,,,,,,,,,,,,,,,,,,,,product,1
,,,,,,,,,,,,,,,,,,,,,,,,,product!!,1
,,,,,,,,,,,,,,,,,,,,,,,,,product.,1
,,,,,,,,,,,,,,,,,,,,,,,,,produit,1
,,,,,,,,,,,,,,,,,,,,,,,,,produits,1
,,,,,,,,,,,,,,,,,,,,,,,,,professionnel,1
,,,,,,,,,,,,,,,,,,,,,,,,,profile,1
,,,,,,,,,,,,,,,,,,,,,,,,,profile🥰,1
,,,,,,,,,,,,,,,,,,,,,,,,,promise,1
,,,,,,,,,,,,,,,,,,,,,,,,,promoting,1
,,,,,,,,,,,,,,,,,,,,,,,,,proof,1
,,,,,,,,,,,,,,,,,,,,,,,,,"protality,",1
,,,,,,,,,,,,,,,,,,,,,,,,,protein),1
,,,,,,,,,,,,,,,,,,,,,,,,,protein-to-calorie,1
,,,,,,,,,,,,,,,,,,,,,,,,,proteins,1
,,,,,,,,,,,,,,,,,,,,,,,,,proudest,1
,,,,,,,,,,,,,,,,,,,,,,,,,prove,1
,,,,,,,,,,,,,,,,,,,,,,,,,pt.,1
,,,,,,,,,,,,,,,,,,,,,,,,,puasa,1
,,,,,,,,,,,,,,,,,,,,,,,,,pub,1
,,,,,,,,,,,,,,,,,,,,,,,,,pudding,1
,,,,,,,,,,,,,,,,,,,,,,,,,pudding”,1
,,,,,,,,,,,,,,,,,,,,,,,,,puffed,1
,,,,,,,,,,,,,,,,,,,,,,,,,puffs,1
,,,,,,,,,,,,,,,,,,,,,,,,,puis,1
,,,,,,,,,,,,,,,,,,,,,,,,,pull,1
,,,,,,,,,,,,,,,,,,,,,,,,,pumpkin,1
,,,,,,,,,,,,,,,,,,,,,,,,,"pumpkin,",1
,,,,,,,,,,,,,,,,,,,,,,,,,pumpkins,1
,,,,,,,,,,,,,,,,,,,,,,,,,pumpkins!,1
,,,,,,,,,,,,,,,,,,,,,,,,,puree  steps: 1-,1
,,,,,,,,,,,,,,,,,,,,,,,,,purple,1
,,,,,,,,,,,,,,,,,,,,,,,,,purée,1
,,,,,,,,,,,,,,,,,,,,,,,,,"purée,",1
,,,,,,,,,,,,,,,,,,,,,,,,,putih,1
,,,,,,,,,,,,,,,,,,,,,,,,,pwede,1
,,,,,,,,,,,,,,,,,,,,,,,,,python,1
,,,,,,,,,,,,,,,,,,,,,,,,,på,1
,,,,,,,,,,,,,,,,,,,,,,,,,quality,1
,,,,,,,,,,,,,,,,,,,,,,,,,quantities,1
,,,,,,,,,,,,,,,,,,,,,,,,,quel,1
,,,,,,,,,,,,,,,,,,,,,,,,,querés,1
,,,,,,,,,,,,,,,,,,,,,,,,,quesabirria,1
,,,,,,,,,,,,,,,,,,,,,,,,,quesadilla’s,1
,,,,,,,,,,,,,,,,,,,,,,,,,queso,1
,,,,,,,,,,,,,,,,,,,,,,,,,quickest,1
,,,,,,,,,,,,,,,,,,,,,,,,,quickly,1
,,,,,,,,,,,,,,,,,,,,,,,,,radar.,1
,,,,,,,,,,,,,,,,,,,,,,,,,ramadan,1
,,,,,,,,,,,,,,,,,,,,,,,,,ramekins,1
,,,,,,,,,,,,,,,,,,,,,,,,,ramen,1
,,,,,,,,,,,,,,,,,,,,,,,,,ramsay,1
,,,,,,,,,,,,,,,,,,,,,,,,,rangement,1
,,,,,,,,,,,,,,,,,,,,,,,,,"rapide,",1
,,,,,,,,,,,,,,,,,,,,,,,,,"rare,",1
,,,,,,,,,,,,,,,,,,,,,,,,,rasanya,1
,,,,,,,,,,,,,,,,,,,,,,,,,raspberries,1
,,,,,,,,,,,,,,,,,,,,,,,,,rat.,1
,,,,,,,,,,,,,,,,,,,,,,,,,ratio,1
,,,,,,,,,,,,,,,,,,,,,,,,,raw,1
,,,,,,,,,,,,,,,,,,,,,,,,,reached.,1
,,,,,,,,,,,,,,,,,,,,,,,,,reaches,1
,,,,,,,,,,,,,,,,,,,,,,,,,read,1
,,,,,,,,,,,,,,,,,,,,,,,,,"ready,",1
,,,,,,,,,,,,,,,,,,,,,,,,,realistic,1
,,,,,,,,,,,,,,,,,,,,,,,,,realized,1
,,,,,,,,,,,,,,,,,,,,,,,,,reason,1
,,,,,,,,,,,,,,,,,,,,,,,,,received,1
,,,,,,,,,,,,,,,,,,,,,,,,,recent,1
,,,,,,,,,,,,,,,,,,,,,,,,,receptet,1
,,,,,,,,,,,,,,,,,,,,,,,,,reception,1
,,,,,,,,,,,,,,,,,,,,,,,,,recherchez,1
,,,,,,,,,,,,,,,,,,,,,,,,,"recipe!

chocolate",1
,,,,,,,,,,,,,,,,,,,,,,,,,"recipe!

nutella",1
,,,,,,,,,,,,,,,,,,,,,,,,,recipe's,1
,,,,,,,,,,,,,,,,,,,,,,,,,recipe)✨🐰,1
,,,,,,,,,,,,,,,,,,,,,,,,,recipes!,1
,,,,,,,,,,,,,,,,,,,,,,,,,recipes”,1
,,,,,,,,,,,,,,,,,,,,,,,,,recipe🌙,1
,,,,,,,,,,,,,,,,,,,,,,,,,recipe👇🏼,1
,,,,,,,,,,,,,,,,,,,,,,,,,recipe💛🥭✨,1
,,,,,,,,,,,,,,,,,,,,,,,,,recipe💥have,1
,,,,,,,,,,,,,,,,,,,,,,,,,recipe🔥,1
,,,,,,,,,,,,,,,,,,,,,,,,,recommend.,1
,,,,,,,,,,,,,,,,,,,,,,,,,recommended,1
,,,,,,,,,,,,,,,,,,,,,,,,,recreated,1
,,,,,,,,,,,,,,,,,,,,,,,,,recs,1
,,,,,,,,,,,,,,,,,,,,,,,,,rectangle,1
,,,,,,,,,,,,,,,,,,,,,,,,,redo,1
,,,,,,,,,,,,,,,,,,,,,,,,,reels?,1
,,,,,,,,,,,,,,,,,,,,,,,,,reese’s,1
,,,,,,,,,,,,,,,,,,,,,,,,,reference,1
,,,,,,,,,,,,,,,,,,,,,,,,,refreshing,1
,,,,,,,,,,,,,,,,,,,,,,,,,refrigerate.,1
,,,,,,,,,,,,,,,,,,,,,,,,,refrigerator,1
,,,,,,,,,,,,,,,,,,,,,,,,,regardless.,1
,,,,,,,,,,,,,,,,,,,,,,,,,regular,1
,,,,,,,,,,,,,,,,,,,,,,,,,"reheat,",1
,,,,,,,,,,,,,,,,,,,,,,,,,remade,1
,,,,,,,,,,,,,,,,,,,,,,,,,remainder,1
,,,,,,,,,,,,,,,,,,,,,,,,,remains,1
,,,,,,,,,,,,,,,,,,,,,,,,,remember,1
,,,,,,,,,,,,,,,,,,,,,,,,,remember.,1
,,,,,,,,,,,,,,,,,,,,,,,,,reminds,1
,,,,,,,,,,,,,,,,,,,,,,,,,removing,1
,,,,,,,,,,,,,,,,,,,,,,,,,rent,1
,,,,,,,,,,,,,,,,,,,,,,,,,report.,1
,,,,,,,,,,,,,,,,,,,,,,,,,requested,1
,,,,,,,,,,,,,,,,,,,,,,,,,required!,1
,,,,,,,,,,,,,,,,,,,,,,,,,res,1
,,,,,,,,,,,,,,,,,,,,,,,,,reserva.,1
,,,,,,,,,,,,,,,,,,,,,,,,,reserving,1
,,,,,,,,,,,,,,,,,,,,,,,,,resist,1
,,,,,,,,,,,,,,,,,,,,,,,,,resistance,1
,,,,,,,,,,,,,,,,,,,,,,,,,restaurant-quality,1
,,,,,,,,,,,,,,,,,,,,,,,,,restaurants,1
,,,,,,,,,,,,,,,,,,,,,,,,,restocking,1
,,,,,,,,,,,,,,,,,,,,,,,,,restocks,1
,,,,,,,,,,,,,,,,,,,,,,,,,result,1
,,,,,,,,,,,,,,,,,,,,,,,,,results,1
,,,,,,,,,,,,,,,,,,,,,,,,,retain,1
,,,,,,,,,,,,,,,,,,,,,,,,,reusable,1
,,,,,,,,,,,,,,,,,,,,,,,,,reveal!❤️,1
,,,,,,,,,,,,,,,,,,,,,,,,,review,1
,,,,,,,,,,,,,,,,,,,,,,,,,ribbons,1
,,,,,,,,,,,,,,,,,,,,,,,,,rice),1
,,,,,,,,,,,,,,,,,,,,,,,,,ricetta:,1
,,,,,,,,,,,,,,,,,,,,,,,,,"rich,",1
,,,,,,,,,,,,,,,,,,,,,,,,,richer,1
,,,,,,,,,,,,,,,,,,,,,,,,,"ricotta,",1
,,,,,,,,,,,,,,,,,,,,,,,,,riding,1
,,,,,,,,,,,,,,,,,,,,,,,,,rigati),1
,,,,,,,,,,,,,,,,,,,,,,,,,rigatoni,1
,,,,,,,,,,,,,,,,,,,,,,,,,rin,1
,,,,,,,,,,,,,,,,,,,,,,,,,"rind⁣,",1
,,,,,,,,,,,,,,,,,,,,,,,,,ring,1
,,,,,,,,,,,,,,,,,,,,,,,,,"rising,",1
,,,,,,,,,,,,,,,,,,,,,,,,,risposta,1
,,,,,,,,,,,,,,,,,,,,,,,,,ro,1
,,,,,,,,,,,,,,,,,,,,,,,,,ro*tel,1
,,,,,,,,,,,,,,,,,,,,,,,,,ro*tel®,1
,,,,,,,,,,,,,,,,,,,,,,,,,roast,1
,,,,,,,,,,,,,,,,,,,,,,,,,"roast,",1
,,,,,,,,,,,,,,,,,,,,,,,,,roasting,1
,,,,,,,,,,,,,,,,,,,,,,,,,roja,1
,,,,,,,,,,,,,,,,,,,,,,,,,rolled,1
,,,,,,,,,,,,,,,,,,,,,,,,,rollenform,1
,,,,,,,,,,,,,,,,,,,,,,,,,"rolls
",1
,,,,,,,,,,,,,,,,,,,,,,,,,"rolls

where",1
,,,,,,,,,,,,,,,,,,,,,,,,,"rolls
-",1
,,,,,,,,,,,,,,,,,,,,,,,,,"rolls,",1
,,,,,,,,,,,,,,,,,,,,,,,,,rolls/slider,1
,,,,,,,,,,,,,,,,,,,,,,,,,roma,1
,,,,,,,,,,,,,,,,,,,,,,,,,romantic,1
,,,,,,,,,,,,,,,,,,,,,,,,,rooted,1
,,,,,,,,,,,,,,,,,,,,,,,,,"rosemary
",1
,,,,,,,,,,,,,,,,,,,,,,,,,rosemary) 1,1
,,,,,,,,,,,,,,,,,,,,,,,,,rotam,1
,,,,,,,,,,,,,,,,,,,,,,,,,rotating,1
,,,,,,,,,,,,,,,,,,,,,,,,,rotisserie,1
,,,,,,,,,,,,,,,,,,,,,,,,,"round,",1
,,,,,,,,,,,,,,,,,,,,,,,,,round.,1
,,,,,,,,,,,,,,,,,,,,,,,,,rounds.,1
,,,,,,,,,,,,,,,,,,,,,,,,,routine…,1
,,,,,,,,,,,,,,,,,,,,,,,,,running,1
,,,,,,,,,,,,,,,,,,,,,,,,,rápida,1
,,,,,,,,,,,,,,,,,,,,,,,,,réaliser,1
,,,,,,,,,,,,,,,,,,,,,,,,,réduction,1
,,,,,,,,,,,,,,,,,,,,,,,,,répondre,1
,,,,,,,,,,,,,,,,,,,,,,,,,répétez,1
,,,,,,,,,,,,,,,,,,,,,,,,,röllchen✨,1
,,,,,,,,,,,,,,,,,,,,,,,,,sa,1
,,,,,,,,,,,,,,,,,,,,,,,,,saber,1
,,,,,,,,,,,,,,,,,,,,,,,,,sacrificing,1
,,,,,,,,,,,,,,,,,,,,,,,,,safe,1
,,,,,,,,,,,,,,,,,,,,,,,,,safety,1
,,,,,,,,,,,,,,,,,,,,,,,,,sago.,1
,,,,,,,,,,,,,,,,,,,,,,,,,sahne,1
,,,,,,,,,,,,,,,,,,,,,,,,,"sainsbury's,",1
,,,,,,,,,,,,,,,,,,,,,,,,,"sal,",1
,,,,,,,,,,,,,,,,,,,,,,,,,salad!,1
,,,,,,,,,,,,,,,,,,,,,,,,,"salmon,",1
,,,,,,,,,,,,,,,,,,,,,,,,,"salt

instructions:
1.",1
,,,,,,,,,,,,,,,,,,,,,,,,,"salt
1/2",1
,,,,,,,,,,,,,,,,,,,,,,,,,salt).,1
,,,,,,,,,,,,,,,,,,,,,,,,,salted. ,1
,,,,,,,,,,,,,,,,,,,,,,,,,salts!,1
,,,,,,,,,,,,,,,,,,,,,,,,,"salud,",1
,,,,,,,,,,,,,,,,,,,,,,,,,samyang,1
,,,,,,,,,,,,,,,,,,,,,,,,,sand,1
,,,,,,,,,,,,,,,,,,,,,,,,,sandwich.,1
,,,,,,,,,,,,,,,,,,,,,,,,,sandwiched,1
,,,,,,,,,,,,,,,,,,,,,,,,,sandwiches,1
,,,,,,,,,,,,,,,,,,,,,,,,,santa.,1
,,,,,,,,,,,,,,,,,,,,,,,,,"santel""",1
,,,,,,,,,,,,,,,,,,,,,,,,,"sarap,",1
,,,,,,,,,,,,,,,,,,,,,,,,,"sartén,",1
,,,,,,,,,,,,,,,,,,,,,,,,,satay,1
,,,,,,,,,,,,,,,,,,,,,,,,,satisfy,1
,,,,,,,,,,,,,,,,,,,,,,,,,"sauce
-1/2",1
,,,,,,,,,,,,,,,,,,,,,,,,,"sauce
-seasonings:",1
,,,,,,,,,,,,,,,,,,,,,,,,,"saucepan,",1
,,,,,,,,,,,,,,,,,,,,,,,,,saucepan.,1
,,,,,,,,,,,,,,,,,,,,,,,,,sauces,1
,,,,,,,,,,,,,,,,,,,,,,,,,saucy,1
,,,,,,,,,,,,,,,,,,,,,,,,,saus,1
,,,,,,,,,,,,,,,,,,,,,,,,,sausages.,1
,,,,,,,,,,,,,,,,,,,,,,,,,"sausage⁣,",1
,,,,,,,,,,,,,,,,,,,,,,,,,sautéed,1
,,,,,,,,,,,,,,,,,,,,,,,,,saved,1
,,,,,,,,,,,,,,,,,,,,,,,,,saving,1
,,,,,,,,,,,,,,,,,,,,,,,,,savoury,1
,,,,,,,,,,,,,,,,,,,,,,,,,sayce,1
,,,,,,,,,,,,,,,,,,,,,,,,,sazon,1
,,,,,,,,,,,,,,,,,,,,,,,,,sazona,1
,,,,,,,,,,,,,,,,,,,,,,,,,sazonando,1
,,,,,,,,,,,,,,,,,,,,,,,,,sbattete,1
,,,,,,,,,,,,,,,,,,,,,,,,,schaal,1
,,,,,,,,,,,,,,,,,,,,,,,,,schenk,1
,,,,,,,,,,,,,,,,,,,,,,,,,schlagen,1
,,,,,,,,,,,,,,,,,,,,,,,,,schlagsahne,1
,,,,,,,,,,,,,,,,,,,,,,,,,scoops.,1
,,,,,,,,,,,,,,,,,,,,,,,,,scramble,1
,,,,,,,,,,,,,,,,,,,,,,,,,scrape,1
,,,,,,,,,,,,,,,,,,,,,,,,,screams,1
,,,,,,,,,,,,,,,,,,,,,,,,,screenshot,1
,,,,,,,,,,,,,,,,,,,,,,,,,scrumptious!!!!,1
,,,,,,,,,,,,,,,,,,,,,,,,,seal,1
,,,,,,,,,,,,,,,,,,,,,,,,,seal.,1
,,,,,,,,,,,,,,,,,,,,,,,,,sealed.,1
,,,,,,,,,,,,,,,,,,,,,,,,,seam,1
,,,,,,,,,,,,,,,,,,,,,,,,,search!❤️,1
,,,,,,,,,,,,,,,,,,,,,,,,,season!,1
,,,,,,,,,,,,,,,,,,,,,,,,,seasoning:,1
,,,,,,,,,,,,,,,,,,,,,,,,,"seasonings,",1
,,,,,,,,,,,,,,,,,,,,,,,,,"seasoning⁣,",1
,,,,,,,,,,,,,,,,,,,,,,,,,seaweed,1
,,,,,,,,,,,,,,,,,,,,,,,,,sec,1
,,,,,,,,,,,,,,,,,,,,,,,,,seconds***,1
,,,,,,,,,,,,,,,,,,,,,,,,,seconds***! ,1
,,,,,,,,,,,,,,,,,,,,,,,,,seconds***.,1
,,,,,,,,,,,,,,,,,,,,,,,,,seconds.,1
,,,,,,,,,,,,,,,,,,,,,,,,,secret,1
,,,,,,,,,,,,,,,,,,,,,,,,,secukupnya.,1
,,,,,,,,,,,,,,,,,,,,,,,,,sedang,1
,,,,,,,,,,,,,,,,,,,,,,,,,"seeds,",1
,,,,,,,,,,,,,,,,,,,,,,,,,seem,1
,,,,,,,,,,,,,,,,,,,,,,,,,seen,1
,,,,,,,,,,,,,,,,,,,,,,,,,seen.,1
,,,,,,,,,,,,,,,,,,,,,,,,,seger?,1
,,,,,,,,,,,,,,,,,,,,,,,,,segment,1
,,,,,,,,,,,,,,,,,,,,,,,,,segments,1
,,,,,,,,,,,,,,,,,,,,,,,,,segue,1
,,,,,,,,,,,,,,,,,,,,,,,,,seguirme,1
,,,,,,,,,,,,,,,,,,,,,,,,,selamat,1
,,,,,,,,,,,,,,,,,,,,,,,,,selera.,1
,,,,,,,,,,,,,,,,,,,,,,,,,semaine,1
,,,,,,,,,,,,,,,,,,,,,,,,,semaines,1
,,,,,,,,,,,,,,,,,,,,,,,,,semi-cooled,1
,,,,,,,,,,,,,,,,,,,,,,,,,semi-skimmed,1
,,,,,,,,,,,,,,,,,,,,,,,,,semillas,1
,,,,,,,,,,,,,,,,,,,,,,,,,sending,1
,,,,,,,,,,,,,,,,,,,,,,,,,sensation,1
,,,,,,,,,,,,,,,,,,,,,,,,,sensitive,1
,,,,,,,,,,,,,,,,,,,,,,,,,separately,1
,,,,,,,,,,,,,,,,,,,,,,,,,"separately,",1
,,,,,,,,,,,,,,,,,,,,,,,,,separately.,1
,,,,,,,,,,,,,,,,,,,,,,,,,serie,1
,,,,,,,,,,,,,,,,,,,,,,,,,serve),1
,,,,,,,,,,,,,,,,,,,,,,,,,serve:,1
,,,,,,,,,,,,,,,,,,,,,,,,,servieren.,1
,,,,,,,,,,,,,,,,,,,,,,,,,serving!,1
,,,,,,,,,,,,,,,,,,,,,,,,,serving.,1
,,,,,,,,,,,,,,,,,,,,,,,,,servings.,1
,,,,,,,,,,,,,,,,,,,,,,,,,set),1
,,,,,,,,,,,,,,,,,,,,,,,,,setacciati,1
,,,,,,,,,,,,,,,,,,,,,,,,,setelah,1
,,,,,,,,,,,,,,,,,,,,,,,,,setuju,1
,,,,,,,,,,,,,,,,,,,,,,,,,sexiest,1
,,,,,,,,,,,,,,,,,,,,,,,,,shaggy,1
,,,,,,,,,,,,,,,,,,,,,,,,,shallots),1
,,,,,,,,,,,,,,,,,,,,,,,,,"shallots,",1
,,,,,,,,,,,,,,,,,,,,,,,,,shamed,1
,,,,,,,,,,,,,,,,,,,,,,,,,shaped,1
,,,,,,,,,,,,,,,,,,,,,,,,,shares,1
,,,,,,,,,,,,,,,,,,,,,,,,,shaved,1
,,,,,,,,,,,,,,,,,,,,,,,,,shawarma,1
,,,,,,,,,,,,,,,,,,,,,,,,,shawarma!,1
,,,,,,,,,,,,,,,,,,,,,,,,,sheba,1
,,,,,,,,,,,,,,,,,,,,,,,,,"sheet,",1
,,,,,,,,,,,,,,,,,,,,,,,,,sheets.,1
,,,,,,,,,,,,,,,,,,,,,,,,,shell,1
,,,,,,,,,,,,,,,,,,,,,,,,,shingled,1
,,,,,,,,,,,,,,,,,,,,,,,,,shipping,1
,,,,,,,,,,,,,,,,,,,,,,,,,shoaxing,1
,,,,,,,,,,,,,,,,,,,,,,,,,shop-,1
,,,,,,,,,,,,,,,,,,,,,,,,,shortcrust,1
,,,,,,,,,,,,,,,,,,,,,,,,,shot,1
,,,,,,,,,,,,,,,,,,,,,,,,,shots!!,1
,,,,,,,,,,,,,,,,,,,,,,,,,shot…,1
,,,,,,,,,,,,,,,,,,,,,,,,,showing,1
,,,,,,,,,,,,,,,,,,,,,,,,,shown,1
,,,,,,,,,,,,,,,,,,,,,,,,,shred.,1
,,,,,,,,,,,,,,,,,,,,,,,,,shrimp,1
,,,,,,,,,,,,,,,,,,,,,,,,,shrimp.,1
,,,,,,,,,,,,,,,,,,,,,,,,,siap,1
,,,,,,,,,,,,,,,,,,,,,,,,,siapa,1
,,,,,,,,,,,,,,,,,,,,,,,,,sicilian,1
,,,,,,,,,,,,,,,,,,,,,,,,,side.,1
,,,,,,,,,,,,,,,,,,,,,,,,,side/dip,1
,,,,,,,,,,,,,,,,,,,,,,,,,sideways,1
,,,,,,,,,,,,,,,,,,,,,,,,,siempre,1
,,,,,,,,,,,,,,,,,,,,,,,,,sieve,1
,,,,,,,,,,,,,,,,,,,,,,,,,sift,1
,,,,,,,,,,,,,,,,,,,,,,,,,silicone,1
,,,,,,,,,,,,,,,,,,,,,,,,,simmering,1
,,,,,,,,,,,,,,,,,,,,,,,,,"simple,",1
,,,,,,,,,,,,,,,,,,,,,,,,,"sirloin,",1
,,,,,,,,,,,,,,,,,,,,,,,,,sisig,1
,,,,,,,,,,,,,,,,,,,,,,,,,siz,1
,,,,,,,,,,,,,,,,,,,,,,,,,"size,",1
,,,,,,,,,,,,,,,,,,,,,,,,,size.,1
,,,,,,,,,,,,,,,,,,,,,,,,,skin-on,1
,,,,,,,,,,,,,,,,,,,,,,,,,skin.,1
,,,,,,,,,,,,,,,,,,,,,,,,,skl🍙,1
,,,,,,,,,,,,,,,,,,,,,,,,,skorlarını,1
,,,,,,,,,,,,,,,,,,,,,,,,,skyr,1
,,,,,,,,,,,,,,,,,,,,,,,,,skyr),1
,,,,,,,,,,,,,,,,,,,,,,,,,slice.,1
,,,,,,,,,,,,,,,,,,,,,,,,,"sliced
1",1
,,,,,,,,,,,,,,,,,,,,,,,,,sliced.,1
,,,,,,,,,,,,,,,,,,,,,,,,,"slices
1",1
,,,,,,,,,,,,,,,,,,,,,,,,,"slices,",1
,,,,,,,,,,,,,,,,,,,,,,,,,slices.,1
,,,,,,,,,,,,,,,,,,,,,,,,,slicing,1
,,,,,,,,,,,,,,,,,,,,,,,,,slicing.,1
,,,,,,,,,,,,,,,,,,,,,,,,,sliders,1
,,,,,,,,,,,,,,,,,,,,,,,,,sliders.,1
,,,,,,,,,,,,,,,,,,,,,,,,,"slightly,",1
,,,,,,,,,,,,,,,,,,,,,,,,,slightly.,1
,,,,,,,,,,,,,,,,,,,,,,,,,"slow-cooked,",1
,,,,,,,,,,,,,,,,,,,,,,,,,smart,1
,,,,,,,,,,,,,,,,,,,,,,,,,smell,1
,,,,,,,,,,,,,,,,,,,,,,,,,smile,1
,,,,,,,,,,,,,,,,,,,,,,,,,smokehouse,1
,,,,,,,,,,,,,,,,,,,,,,,,,"smooth,",1
,,,,,,,,,,,,,,,,,,,,,,,,,smoother,1
,,,,,,,,,,,,,,,,,,,,,,,,,smoothie!,1
,,,,,,,,,,,,,,,,,,,,,,,,,snack!,1
,,,,,,,,,,,,,,,,,,,,,,,,,"snack,",1
,,,,,,,,,,,,,,,,,,,,,,,,,snack.,1
,,,,,,,,,,,,,,,,,,,,,,,,,snack😮‍💨🍌🍫,1
,,,,,,,,,,,,,,,,,,,,,,,,,snakeplatter,1
,,,,,,,,,,,,,,,,,,,,,,,,,sobre,1
,,,,,,,,,,,,,,,,,,,,,,,,,soft/air,1
,,,,,,,,,,,,,,,,,,,,,,,,,soften.,1
,,,,,,,,,,,,,,,,,,,,,,,,,"softened,",1
,,,,,,,,,,,,,,,,,,,,,,,,,soggy),1
,,,,,,,,,,,,,,,,,,,,,,,,,sold,1
,,,,,,,,,,,,,,,,,,,,,,,,,solids,1
,,,,,,,,,,,,,,,,,,,,,,,,,solutions',1
,,,,,,,,,,,,,,,,,,,,,,,,,soon!,1
,,,,,,,,,,,,,,,,,,,,,,,,,soon❤️edible,1
,,,,,,,,,,,,,,,,,,,,,,,,,soooo,1
,,,,,,,,,,,,,,,,,,,,,,,,,sopa,1
,,,,,,,,,,,,,,,,,,,,,,,,,sopas,1
,,,,,,,,,,,,,,,,,,,,,,,,,sore,1
,,,,,,,,,,,,,,,,,,,,,,,,,"sounds,",1
,,,,,,,,,,,,,,,,,,,,,,,,,"soup,",1
,,,,,,,,,,,,,,,,,,,,,,,,,soupy,1
,,,,,,,,,,,,,,,,,,,,,,,,,spaghetti.,1
,,,,,,,,,,,,,,,,,,,,,,,,,spam,1
,,,,,,,,,,,,,,,,,,,,,,,,,sparkling,1
,,,,,,,,,,,,,,,,,,,,,,,,,sparkling/soda,1
,,,,,,,,,,,,,,,,,,,,,,,,,spatula,1
,,,,,,,,,,,,,,,,,,,,,,,,,specific,1
,,,,,,,,,,,,,,,,,,,,,,,,,speed,1
,,,,,,,,,,,,,,,,,,,,,,,,,speedy,1
,,,,,,,,,,,,,,,,,,,,,,,,,spice,1
,,,,,,,,,,,,,,,,,,,,,,,,,spiderwebs,1
,,,,,,,,,,,,,,,,,,,,,,,,,spin,1
,,,,,,,,,,,,,,,,,,,,,,,,,"spinach
3",1
,,,,,,,,,,,,,,,,,,,,,,,,,spinach.,1
,,,,,,,,,,,,,,,,,,,,,,,,,spinach⁣  1.,1
,,,,,,,,,,,,,,,,,,,,,,,,,spiral,1
,,,,,,,,,,,,,,,,,,,,,,,,,spirit!,1
,,,,,,,,,,,,,,,,,,,,,,,,,splashes,1
,,,,,,,,,,,,,,,,,,,,,,,,,spoil,1
,,,,,,,,,,,,,,,,,,,,,,,,,spooky,1
,,,,,,,,,,,,,,,,,,,,,,,,,spot?😊❤️,1
,,,,,,,,,,,,,,,,,,,,,,,,,spray.,1
,,,,,,,,,,,,,,,,,,,,,,,,,sprinkling,1
,,,,,,,,,,,,,,,,,,,,,,,,,squid,1
,,,,,,,,,,,,,,,,,,,,,,,,,"srinagarindra,",1
,,,,,,,,,,,,,,,,,,,,,,,,,sriracha,1
,,,,,,,,,,,,,,,,,,,,,,,,,staff,1
,,,,,,,,,,,,,,,,,,,,,,,,,stalks,1
,,,,,,,,,,,,,,,,,,,,,,,,,"stalks,",1
,,,,,,,,,,,,,,,,,,,,,,,,,standup,1
,,,,,,,,,,,,,,,,,,,,,,,,,standup.,1
,,,,,,,,,,,,,,,,,,,,,,,,,staple!,1
,,,,,,,,,,,,,,,,,,,,,,,,,starch -,1
,,,,,,,,,,,,,,,,,,,,,,,,,started,1
,,,,,,,,,,,,,,,,,,,,,,,,,starting,1
,,,,,,,,,,,,,,,,,,,,,,,,,station,1
,,,,,,,,,,,,,,,,,,,,,,,,,staying,1
,,,,,,,,,,,,,,,,,,,,,,,,,steamed,1
,,,,,,,,,,,,,,,,,,,,,,,,,steamer,1
,,,,,,,,,,,,,,,,,,,,,,,,,steamer),1
,,,,,,,,,,,,,,,,,,,,,,,,,"steamer,",1
,,,,,,,,,,,,,,,,,,,,,,,,,steif,1
,,,,,,,,,,,,,,,,,,,,,,,,,stem,1
,,,,,,,,,,,,,,,,,,,,,,,,,stevia,1
,,,,,,,,,,,,,,,,,,,,,,,,,stick),1
,,,,,,,,,,,,,,,,,,,,,,,,,sticking,1
,,,,,,,,,,,,,,,,,,,,,,,,,sticky.,1
,,,,,,,,,,,,,,,,,,,,,,,,,"stiff,",1
,,,,,,,,,,,,,,,,,,,,,,,,,stirring.,1
,,,,,,,,,,,,,,,,,,,,,,,,,"stock,",1
,,,,,,,,,,,,,,,,,,,,,,,,,stood,1
,,,,,,,,,,,,,,,,,,,,,,,,,stop,1
,,,,,,,,,,,,,,,,,,,,,,,,,stop🤣,1
,,,,,,,,,,,,,,,,,,,,,,,,,storage,1
,,,,,,,,,,,,,,,,,,,,,,,,,storefront,1
,,,,,,,,,,,,,,,,,,,,,,,,,storing,1
,,,,,,,,,,,,,,,,,,,,,,,,,strawberries,1
,,,,,,,,,,,,,,,,,,,,,,,,,strawberries!,1
,,,,,,,,,,,,,,,,,,,,,,,,,streaks),1
,,,,,,,,,,,,,,,,,,,,,,,,,stress-free,1
,,,,,,,,,,,,,,,,,,,,,,,,,stress.,1
,,,,,,,,,,,,,,,,,,,,,,,,,stressed,1
,,,,,,,,,,,,,,,,,,,,,,,,,stretch,1
,,,,,,,,,,,,,,,,,,,,,,,,,stretchy.,1
,,,,,,,,,,,,,,,,,,,,,,,,,streuen,1
,,,,,,,,,,,,,,,,,,,,,,,,,strips.,1
,,,,,,,,,,,,,,,,,,,,,,,,,stromboli,1
,,,,,,,,,,,,,,,,,,,,,,,,,stunden,1
,,,,,,,,,,,,,,,,,,,,,,,,,stunning,1
,,,,,,,,,,,,,,,,,,,,,,,,,stücke,1
,,,,,,,,,,,,,,,,,,,,,,,,,sub)매콤한,1
,,,,,,,,,,,,,,,,,,,,,,,,,subscribing,1
,,,,,,,,,,,,,,,,,,,,,,,,,substack,1
,,,,,,,,,,,,,,,,,,,,,,,,,substitute,1
,,,,,,,,,,,,,,,,,,,,,,,,,substituted,1
,,,,,,,,,,,,,,,,,,,,,,,,,succeed,1
,,,,,,,,,,,,,,,,,,,,,,,,,succes!,1
,,,,,,,,,,,,,,,,,,,,,,,,,sucre),1
,,,,,,,,,,,,,,,,,,,,,,,,,sudah,1
,,,,,,,,,,,,,,,,,,,,,,,,,suffer,1
,,,,,,,,,,,,,,,,,,,,,,,,,sugar.,1
,,,,,,,,,,,,,,,,,,,,,,,,,sugar;,1
,,,,,,,,,,,,,,,,,,,,,,,,,sugars.,1
,,,,,,,,,,,,,,,,,,,,,,,,,suggest,1
,,,,,,,,,,,,,,,,,,,,,,,,,suitcase,1
,,,,,,,,,,,,,,,,,,,,,,,,,suka,1
,,,,,,,,,,,,,,,,,,,,,,,,,sulit,1
,,,,,,,,,,,,,,,,,,,,,,,,,sunday,1
,,,,,,,,,,,,,,,,,,,,,,,,,supermarkets),1
,,,,,,,,,,,,,,,,,,,,,,,,,supermarkets>,1
,,,,,,,,,,,,,,,,,,,,,,,,,suplementos,1
,,,,,,,,,,,,,,,,,,,,,,,,,supplies,1
,,,,,,,,,,,,,,,,,,,,,,,,,supplémentaire,1
,,,,,,,,,,,,,,,,,,,,,,,,,supports,1
,,,,,,,,,,,,,,,,,,,,,,,,,surface,1
,,,,,,,,,,,,,,,,,,,,,,,,,surface.,1
,,,,,,,,,,,,,,,,,,,,,,,,,surplus”,1
,,,,,,,,,,,,,,,,,,,,,,,,,surprising,1
,,,,,,,,,,,,,,,,,,,,,,,,,sustainable!,1
,,,,,,,,,,,,,,,,,,,,,,,,,swak,1
,,,,,,,,,,,,,,,,,,,,,,,,,sweetness),1
,,,,,,,,,,,,,,,,,,,,,,,,,swipe,1
,,,,,,,,,,,,,,,,,,,,,,,,,swipes,1
,,,,,,,,,,,,,,,,,,,,,,,,,swirled,1
,,,,,,,,,,,,,,,,,,,,,,,,,swirling,1
,,,,,,,,,,,,,,,,,,,,,,,,,swirls,1
,,,,,,,,,,,,,,,,,,,,,,,,,swirl™,1
,,,,,,,,,,,,,,,,,,,,,,,,,så,1
,,,,,,,,,,,,,,,,,,,,,,,,,sıra,1
,,,,,,,,,,,,,,,,,,,,,,,,,s’mores,1
,,,,,,,,,,,,,,,,,,,,,,,,,tablespoon-sized,1
,,,,,,,,,,,,,,,,,,,,,,,,,tacky,1
,,,,,,,,,,,,,,,,,,,,,,,,,tacos.,1
,,,,,,,,,,,,,,,,,,,,,,,,,tagliate,1
,,,,,,,,,,,,,,,,,,,,,,,,,"tagliatelle

ingredients:
200",1
,,,,,,,,,,,,,,,,,,,,,,,,,"tagliatelle,",1
,,,,,,,,,,,,,,,,,,,,,,,,,tahmin,1
,,,,,,,,,,,,,,,,,,,,,,,,,take-out?,1
,,,,,,,,,,,,,,,,,,,,,,,,,takeaway.,1
,,,,,,,,,,,,,,,,,,,,,,,,,taking,1
,,,,,,,,,,,,,,,,,,,,,,,,,takjil,1
,,,,,,,,,,,,,,,,,,,,,,,,,tamad:,1
,,,,,,,,,,,,,,,,,,,,,,,,,tamang,1
,,,,,,,,,,,,,,,,,,,,,,,,,tart,1
,,,,,,,,,,,,,,,,,,,,,,,,,"taste
1/2",1
,,,,,,,,,,,,,,,,,,,,,,,,,"taste
grated",1
,,,,,,,,,,,,,,,,,,,,,,,,,taste),1
,,,,,,,,,,,,,,,,,,,,,,,,,taste).,1
,,,,,,,,,,,,,,,,,,,,,,,,,"taste,",1
,,,,,,,,,,,,,,,,,,,,,,,,,taste 1,1
,,,,,,,,,,,,,,,,,,,,,,,,,taste 1-2,1
,,,,,,,,,,,,,,,,,,,,,,,,,taste salt,1
,,,,,,,,,,,,,,,,,,,,,,,,,tasting,1
,,,,,,,,,,,,,,,,,,,,,,,,,tasty’s,1
,,,,,,,,,,,,,,,,,,,,,,,,,tatemada,1
,,,,,,,,,,,,,,,,,,,,,,,,,taza,1
,,,,,,,,,,,,,,,,,,,,,,,,,tbsp),1
,,,,,,,,,,,,,,,,,,,,,,,,,te,1
,,,,,,,,,,,,,,,,,,,,,,,,,tear,1
,,,,,,,,,,,,,,,,,,,,,,,,,tech,1
,,,,,,,,,,,,,,,,,,,,,,,,,technique,1
,,,,,,,,,,,,,,,,,,,,,,,,,teddy,1
,,,,,,,,,,,,,,,,,,,,,,,,,teilen.,1
,,,,,,,,,,,,,,,,,,,,,,,,,tell,1
,,,,,,,,,,,,,,,,,,,,,,,,,temp),1
,,,,,,,,,,,,,,,,,,,,,,,,,temper,1
,,,,,,,,,,,,,,,,,,,,,,,,,temperature!,1
,,,,,,,,,,,,,,,,,,,,,,,,,temperature),1
,,,,,,,,,,,,,,,,,,,,,,,,,temperature.,1
,,,,,,,,,,,,,,,,,,,,,,,,,tempura,1
,,,,,,,,,,,,,,,,,,,,,,,,,tend,1
,,,,,,,,,,,,,,,,,,,,,,,,,"tender-sized).
in",1
,,,,,,,,,,,,,,,,,,,,,,,,,"tenderloins)
-2",1
,,,,,,,,,,,,,,,,,,,,,,,,,"tenders,",1
,,,,,,,,,,,,,,,,,,,,,,,,,tenders.,1
,,,,,,,,,,,,,,,,,,,,,,,,,tepung,1
,,,,,,,,,,,,,,,,,,,,,,,,,"terakhir,",1
,,,,,,,,,,,,,,,,,,,,,,,,,teriyaki,1
,,,,,,,,,,,,,,,,,,,,,,,,,term,1
,,,,,,,,,,,,,,,,,,,,,,,,,tesco),1
,,,,,,,,,,,,,,,,,,,,,,,,,"tesco,",1
,,,,,,,,,,,,,,,,,,,,,,,,,tested,1
,,,,,,,,,,,,,,,,,,,,,,,,,texture,1
,,,,,,,,,,,,,,,,,,,,,,,,,thailand,1
,,,,,,,,,,,,,,,,,,,,,,,,,"thanksgiving,",1
,,,,,,,,,,,,,,,,,,,,,,,,,that's,1
,,,,,,,,,,,,,,,,,,,,,,,,,"that,",1
,,,,,,,,,,,,,,,,,,,,,,,,,thats,1
,,,,,,,,,,,,,,,,,,,,,,,,,"them,",1
,,,,,,,,,,,,,,,,,,,,,,,,,them.,1
,,,,,,,,,,,,,,,,,,,,,,,,,them:,1
,,,,,,,,,,,,,,,,,,,,,,,,,therapy,1
,,,,,,,,,,,,,,,,,,,,,,,,,there's,1
,,,,,,,,,,,,,,,,,,,,,,,,,theres,1
,,,,,,,,,,,,,,,,,,,,,,,,,there…wear,1
,,,,,,,,,,,,,,,,,,,,,,,,,"thick,",1
,,,,,,,,,,,,,,,,,,,,,,,,,thick-cut,1
,,,,,,,,,,,,,,,,,,,,,,,,,"thicken,",1
,,,,,,,,,,,,,,,,,,,,,,,,,thickened.,1
,,,,,,,,,,,,,,,,,,,,,,,,,thickening,1
,,,,,,,,,,,,,,,,,,,,,,,,,thicker,1
,,,,,,,,,,,,,,,,,,,,,,,,,thighs,1
,,,,,,,,,,,,,,,,,,,,,,,,,things,1
,,,,,,,,,,,,,,,,,,,,,,,,,think?,1
,,,,,,,,,,,,,,,,,,,,,,,,,third,1
,,,,,,,,,,,,,,,,,,,,,,,,,this!,1
,,,,,,,,,,,,,,,,,,,,,,,,,this:,1
,,,,,,,,,,,,,,,,,,,,,,,,,this??,1
,,,,,,,,,,,,,,,,,,,,,,,,,this😮‍💨,1
,,,,,,,,,,,,,,,,,,,,,,,,,tho,1
,,,,,,,,,,,,,,,,,,,,,,,,,though,1
,,,,,,,,,,,,,,,,,,,,,,,,,thoughts??,1
,,,,,,,,,,,,,,,,,,,,,,,,,thousands,1
,,,,,,,,,,,,,,,,,,,,,,,,,throughout,1
,,,,,,,,,,,,,,,,,,,,,,,,,throw,1
,,,,,,,,,,,,,,,,,,,,,,,,,"thyme,",1
,,,,,,,,,,,,,,,,,,,,,,,,,ticking,1
,,,,,,,,,,,,,,,,,,,,,,,,,ties,1
,,,,,,,,,,,,,,,,,,,,,,,,,tight,1
,,,,,,,,,,,,,,,,,,,,,,,,,tightly.,1
,,,,,,,,,,,,,,,,,,,,,,,,,tik-tok,1
,,,,,,,,,,,,,,,,,,,,,,,,,tiktok,1
,,,,,,,,,,,,,,,,,,,,,,,,,tiktokcookbook,1
,,,,,,,,,,,,,,,,,,,,,,,,,tilt,1
,,,,,,,,,,,,,,,,,,,,,,,,,time!,1
,,,,,,,,,,,,,,,,,,,,,,,,,times,1
,,,,,,,,,,,,,,,,,,,,,,,,,"times.
4.",1
,,,,,,,,,,,,,,,,,,,,,,,,,tiny,1
,,,,,,,,,,,,,,,,,,,,,,,,,tips,1
,,,,,,,,,,,,,,,,,,,,,,,,,tips👇,1
,,,,,,,,,,,,,,,,,,,,,,,,,tl,1
,,,,,,,,,,,,,,,,,,,,,,,,,tn,1
,,,,,,,,,,,,,,,,,,,,,,,,,toasting,1
,,,,,,,,,,,,,,,,,,,,,,,,,toasts,1
,,,,,,,,,,,,,,,,,,,,,,,,,toast…,1
,,,,,,,,,,,,,,,,,,,,,,,,,today:,1
,,,,,,,,,,,,,,,,,,,,,,,,,today’s,1
,,,,,,,,,,,,,,,,,,,,,,,,,todos,1
,,,,,,,,,,,,,,,,,,,,,,,,,toefjes,1
,,,,,,,,,,,,,,,,,,,,,,,,,tofu,1
,,,,,,,,,,,,,,,,,,,,,,,,,together!,1
,,,,,,,,,,,,,,,,,,,,,,,,,together. 6-,1
,,,,,,,,,,,,,,,,,,,,,,,,,tomate,1
,,,,,,,,,,,,,,,,,,,,,,,,,tomates,1
,,,,,,,,,,,,,,,,,,,,,,,,,tomatoes⁣ 4,1
,,,,,,,,,,,,,,,,,,,,,,,,,tonight!👩🏽‍🍳,1
,,,,,,,,,,,,,,,,,,,,,,,,,tonight’s,1
,,,,,,,,,,,,,,,,,,,,,,,,,tonight🍝,1
,,,,,,,,,,,,,,,,,,,,,,,,,tony’s,1
,,,,,,,,,,,,,,,,,,,,,,,,,too).,1
,,,,,,,,,,,,,,,,,,,,,,,,,tool,1
,,,,,,,,,,,,,,,,,,,,,,,,,tooth.,1
,,,,,,,,,,,,,,,,,,,,,,,,,top!,1
,,,,,,,,,,,,,,,,,,,,,,,,,top:,1
,,,,,,,,,,,,,,,,,,,,,,,,,topf,1
,,,,,,,,,,,,,,,,,,,,,,,,,topped,1
,,,,,,,,,,,,,,,,,,,,,,,,,"topping
shrimp",1
,,,,,,,,,,,,,,,,,,,,,,,,,topping).,1
,,,,,,,,,,,,,,,,,,,,,,,,,toppings:,1
,,,,,,,,,,,,,,,,,,,,,,,,,toque,1
,,,,,,,,,,,,,,,,,,,,,,,,,torch,1
,,,,,,,,,,,,,,,,,,,,,,,,,torn,1
,,,,,,,,,,,,,,,,,,,,,,,,,tossed,1
,,,,,,,,,,,,,,,,,,,,,,,,,"tostada,",1
,,,,,,,,,,,,,,,,,,,,,,,,,tostadas):,1
,,,,,,,,,,,,,,,,,,,,,,,,,"towel,",1
,,,,,,,,,,,,,,,,,,,,,,,,,towel-lined,1
,,,,,,,,,,,,,,,,,,,,,,,,,towel.,1
,,,,,,,,,,,,,,,,,,,,,,,,,towels,1
,,,,,,,,,,,,,,,,,,,,,,,,,towels.,1
,,,,,,,,,,,,,,,,,,,,,,,,,tradition!,1
,,,,,,,,,,,,,,,,,,,,,,,,,traditional,1
,,,,,,,,,,,,,,,,,,,,,,,,,train,1
,,,,,,,,,,,,,,,,,,,,,,,,,transformed,1
,,,,,,,,,,,,,,,,,,,,,,,,,translucent,1
,,,,,,,,,,,,,,,,,,,,,,,,,"translucent,",1
,,,,,,,,,,,,,,,,,,,,,,,,,translucent.,1
,,,,,,,,,,,,,,,,,,,,,,,,,translucent. 3-,1
,,,,,,,,,,,,,,,,,,,,,,,,,tray,1
,,,,,,,,,,,,,,,,,,,,,,,,,treat,1
,,,,,,,,,,,,,,,,,,,,,,,,,treated),1
,,,,,,,,,,,,,,,,,,,,,,,,,trempé,1
,,,,,,,,,,,,,,,,,,,,,,,,,trend,1
,,,,,,,,,,,,,,,,,,,,,,,,,trendiest,1
,,,,,,,,,,,,,,,,,,,,,,,,,triple,1
,,,,,,,,,,,,,,,,,,,,,,,,,trop,1
,,,,,,,,,,,,,,,,,,,,,,,,,trouver,1
,,,,,,,,,,,,,,,,,,,,,,,,,trust,1
,,,,,,,,,,,,,,,,,,,,,,,,,try!!,1
,,,,,,,,,,,,,,,,,,,,,,,,,tteokbokki,1
,,,,,,,,,,,,,,,,,,,,,,,,,tuang,1
,,,,,,,,,,,,,,,,,,,,,,,,,tubetti,1
,,,,,,,,,,,,,,,,,,,,,,,,,tuh,1
,,,,,,,,,,,,,,,,,,,,,,,,,tuna!,1
,,,,,,,,,,,,,,,,,,,,,,,,,tunacado,1
,,,,,,,,,,,,,,,,,,,,,,,,,tuned,1
,,,,,,,,,,,,,,,,,,,,,,,,,turns,1
,,,,,,,,,,,,,,,,,,,,,,,,,tutorial,1
,,,,,,,,,,,,,,,,,,,,,,,,,twice-fried,1
,,,,,,,,,,,,,,,,,,,,,,,,,two-ingredient,1
,,,,,,,,,,,,,,,,,,,,,,,,,type,1
,,,,,,,,,,,,,,,,,,,,,,,,,téléchargez,1
,,,,,,,,,,,,,,,,,,,,,,,,,uk,1
,,,,,,,,,,,,,,,,,,,,,,,,,ulam,1
,,,,,,,,,,,,,,,,,,,,,,,,,unboxing,1
,,,,,,,,,,,,,,,,,,,,,,,,,uncooked.,1
,,,,,,,,,,,,,,,,,,,,,,,,,"uncovered,",1
,,,,,,,,,,,,,,,,,,,,,,,,,uncovering,1
,,,,,,,,,,,,,,,,,,,,,,,,,undrained,1
,,,,,,,,,,,,,,,,,,,,,,,,,uneaten,1
,,,,,,,,,,,,,,,,,,,,,,,,,uneven,1
,,,,,,,,,,,,,,,,,,,,,,,,,ung,1
,,,,,,,,,,,,,,,,,,,,,,,,,uniform,1
,,,,,,,,,,,,,,,,,,,,,,,,,unilever,1
,,,,,,,,,,,,,,,,,,,,,,,,,uniquement),1
,,,,,,,,,,,,,,,,,,,,,,,,,unlock,1
,,,,,,,,,,,,,,,,,,,,,,,,,unreal!!,1
,,,,,,,,,,,,,,,,,,,,,,,,,untangle,1
,,,,,,,,,,,,,,,,,,,,,,,,,unwhipped,1
,,,,,,,,,,,,,,,,,,,,,,,,,uovo,1
,,,,,,,,,,,,,,,,,,,,,,,,,up).,1
,,,,,,,,,,,,,,,,,,,,,,,,,"up,",1
,,,,,,,,,,,,,,,,,,,,,,,,,uploading,1
,,,,,,,,,,,,,,,,,,,,,,,,,upside,1
,,,,,,,,,,,,,,,,,,,,,,,,,upside-down,1
,,,,,,,,,,,,,,,,,,,,,,,,,users,1
,,,,,,,,,,,,,,,,,,,,,,,,,uses,1
,,,,,,,,,,,,,,,,,,,,,,,,,using).,1
,,,,,,,,,,,,,,,,,,,,,,,,,using.,1
,,,,,,,,,,,,,,,,,,,,,,,,,usual,1
,,,,,,,,,,,,,,,,,,,,,,,,,utilisateurs,1
,,,,,,,,,,,,,,,,,,,,,,,,,uyumunun,1
,,,,,,,,,,,,,,,,,,,,,,,,,valentine,1
,,,,,,,,,,,,,,,,,,,,,,,,,valentines,1
,,,,,,,,,,,,,,,,,,,,,,,,,van,1
,,,,,,,,,,,,,,,,,,,,,,,,,"vanilla,",1
,,,,,,,,,,,,,,,,,,,,,,,,,vanille,1
,,,,,,,,,,,,,,,,,,,,,,,,,vanillezucker,1
,,,,,,,,,,,,,,,,,,,,,,,,,vary,1
,,,,,,,,,,,,,,,,,,,,,,,,,vazgeçilmezi.🤩,1
,,,,,,,,,,,,,,,,,,,,,,,,,vegemite,1
,,,,,,,,,,,,,,,,,,,,,,,,,veggie-friendly🍝💕,1
,,,,,,,,,,,,,,,,,,,,,,,,,veggies!,1
,,,,,,,,,,,,,,,,,,,,,,,,,"velveeta®,",1
,,,,,,,,,,,,,,,,,,,,,,,,,velvet,1
,,,,,,,,,,,,,,,,,,,,,,,,,verano,1
,,,,,,,,,,,,,,,,,,,,,,,,,versatile,1
,,,,,,,,,,,,,,,,,,,,,,,,,version!,1
,,,,,,,,,,,,,,,,,,,,,,,,,version.,1
,,,,,,,,,,,,,,,,,,,,,,,,,versions,1
,,,,,,,,,,,,,,,,,,,,,,,,,"verteilen,",1
,,,,,,,,,,,,,,,,,,,,,,,,,veux,1
,,,,,,,,,,,,,,,,,,,,,,,,,vez,1
,,,,,,,,,,,,,,,,,,,,,,,,,via),1
,,,,,,,,,,,,,,,,,,,,,,,,,videon,1
,,,,,,,,,,,,,,,,,,,,,,,,,vierte,1
,,,,,,,,,,,,,,,,,,,,,,,,,view,1
,,,,,,,,,,,,,,,,,,,,,,,,,views,1
,,,,,,,,,,,,,,,,,,,,,,,,,vine,1
,,,,,,,,,,,,,,,,,,,,,,,,,vollständig,1
,,,,,,,,,,,,,,,,,,,,,,,,,vom,1
,,,,,,,,,,,,,,,,,,,,,,,,,voor,1
,,,,,,,,,,,,,,,,,,,,,,,,,vs,1
,,,,,,,,,,,,,,,,,,,,,,,,,w/fruits,1
,,,,,,,,,,,,,,,,,,,,,,,,,w/homemade,1
,,,,,,,,,,,,,,,,,,,,,,,,,"wafer,",1
,,,,,,,,,,,,,,,,,,,,,,,,,wafers,1
,,,,,,,,,,,,,,,,,,,,,,,,,wake,1
,,,,,,,,,,,,,,,,,,,,,,,,,wallet. don’t let,1
,,,,,,,,,,,,,,,,,,,,,,,,,walnut,1
,,,,,,,,,,,,,,,,,,,,,,,,,walnuts,1
,,,,,,,,,,,,,,,,,,,,,,,,,wanna,1
,,,,,,,,,,,,,,,,,,,,,,,,,"want,",1
,,,,,,,,,,,,,,,,,,,,,,,,,wants,1
,,,,,,,,,,,,,,,,,,,,,,,,,warna,1
,,,,,,,,,,,,,,,,,,,,,,,,,was.,1
,,,,,,,,,,,,,,,,,,,,,,,,,wash!,1
,,,,,,,,,,,,,,,,,,,,,,,,,waste,1
,,,,,,,,,,,,,,,,,,,,,,,,,"waste-free,",1
,,,,,,,,,,,,,,,,,,,,,,,,,waste?,1
,,,,,,,,,,,,,,,,,,,,,,,,,wat,1
,,,,,,,,,,,,,,,,,,,,,,,,,"water
1",1
,,,,,,,,,,,,,,,,,,,,,,,,,watermelon,1
,,,,,,,,,,,,,,,,,,,,,,,,,way!,1
,,,,,,,,,,,,,,,,,,,,,,,,,waygu,1
,,,,,,,,,,,,,,,,,,,,,,,,,ways,1
,,,,,,,,,,,,,,,,,,,,,,,,,wayyy,1
,,,,,,,,,,,,,,,,,,,,,,,,,website!,1
,,,,,,,,,,,,,,,,,,,,,,,,,wedding,1
,,,,,,,,,,,,,,,,,,,,,,,,,wedge,1
,,,,,,,,,,,,,,,,,,,,,,,,,wedges.,1
,,,,,,,,,,,,,,,,,,,,,,,,,weekends!,1
,,,,,,,,,,,,,,,,,,,,,,,,,weekly,1
,,,,,,,,,,,,,,,,,,,,,,,,,"weekly,",1
,,,,,,,,,,,,,,,,,,,,,,,,,weeknights,1
,,,,,,,,,,,,,,,,,,,,,,,,,weeks!,1
,,,,,,,,,,,,,,,,,,,,,,,,,well-floured,1
,,,,,,,,,,,,,,,,,,,,,,,,,wellness,1
,,,,,,,,,,,,,,,,,,,,,,,,,wenn,1
,,,,,,,,,,,,,,,,,,,,,,,,,went,1
,,,,,,,,,,,,,,,,,,,,,,,,,wet.,1
,,,,,,,,,,,,,,,,,,,,,,,,,wether,1
,,,,,,,,,,,,,,,,,,,,,,,,,we’ll,1
,,,,,,,,,,,,,,,,,,,,,,,,,we’ve,1
,,,,,,,,,,,,,,,,,,,,,,,,,wheel,1
,,,,,,,,,,,,,,,,,,,,,,,,,whenever),1
,,,,,,,,,,,,,,,,,,,,,,,,,whilst,1
,,,,,,,,,,,,,,,,,,,,,,,,,whisked,1
,,,,,,,,,,,,,,,,,,,,,,,,,whiskers.,1
,,,,,,,,,,,,,,,,,,,,,,,,,whites),1
,,,,,,,,,,,,,,,,,,,,,,,,,whole.,1
,,,,,,,,,,,,,,,,,,,,,,,,,whole30,1
,,,,,,,,,,,,,,,,,,,,,,,,,who’s,1
,,,,,,,,,,,,,,,,,,,,,,,,,wilted.,1
,,,,,,,,,,,,,,,,,,,,,,,,,wine.,1
,,,,,,,,,,,,,,,,,,,,,,,,,wine⁣ 28,1
,,,,,,,,,,,,,,,,,,,,,,,,,wings,1
,,,,,,,,,,,,,,,,,,,,,,,,,"wings,",1
,,,,,,,,,,,,,,,,,,,,,,,,,withme,1
,,,,,,,,,,,,,,,,,,,,,,,,,"wok,",1
,,,,,,,,,,,,,,,,,,,,,,,,,won't,1
,,,,,,,,,,,,,,,,,,,,,,,,,wonderful,1
,,,,,,,,,,,,,,,,,,,,,,,,,wonder😋,1
,,,,,,,,,,,,,,,,,,,,,,,,,wont,1
,,,,,,,,,,,,,,,,,,,,,,,,,won’t,1
,,,,,,,,,,,,,,,,,,,,,,,,,words,1
,,,,,,,,,,,,,,,,,,,,,,,,,world,1
,,,,,,,,,,,,,,,,,,,,,,,,,worlds,1
,,,,,,,,,,,,,,,,,,,,,,,,,worrying,1
,,,,,,,,,,,,,,,,,,,,,,,,,"wrap

if",1
,,,,,,,,,,,,,,,,,,,,,,,,,wrap.,1
,,,,,,,,,,,,,,,,,,,,,,,,,wrapper,1
,,,,,,,,,,,,,,,,,,,,,,,,,"wrapper,",1
,,,,,,,,,,,,,,,,,,,,,,,,,wrapper.,1
,,,,,,,,,,,,,,,,,,,,,,,,,wrappers,1
,,,,,,,,,,,,,,,,,,,,,,,,,wrapping,1
,,,,,,,,,,,,,,,,,,,,,,,,,wraps,1
,,,,,,,,,,,,,,,,,,,,,,,,,wrong,1
,,,,,,,,,,,,,,,,,,,,,,,,,www.cookprimalgourmet.com,1
,,,,,,,,,,,,,,,,,,,,,,,,,www.moribyan.com,1
,,,,,,,,,,,,,,,,,,,,,,,,,www.mummadeyum.com.au,1
,,,,,,,,,,,,,,,,,,,,,,,,,xd,1
,,,,,,,,,,,,,,,,,,,,,,,,,xiao,1
,,,,,,,,,,,,,,,,,,,,,,,,,y'all,1
,,,,,,,,,,,,,,,,,,,,,,,,,yansıtan,1
,,,,,,,,,,,,,,,,,,,,,,,,,yanı,1
,,,,,,,,,,,,,,,,,,,,,,,,,yanımda🤍modumu,1
,,,,,,,,,,,,,,,,,,,,,,,,,yaz,1
,,,,,,,,,,,,,,,,,,,,,,,,,yaza,1
,,,,,,,,,,,,,,,,,,,,,,,,,year,1
,,,,,,,,,,,,,,,,,,,,,,,,,year's,1
,,,,,,,,,,,,,,,,,,,,,,,,,year),1
,,,,,,,,,,,,,,,,,,,,,,,,,"year,",1
,,,,,,,,,,,,,,,,,,,,,,,,,year?,1
,,,,,,,,,,,,,,,,,,,,,,,,,years,1
,,,,,,,,,,,,,,,,,,,,,,,,,years.,1
,,,,,,,,,,,,,,,,,,,,,,,,,yeni,1
,,,,,,,,,,,,,,,,,,,,,,,,,"yes,",1
,,,,,,,,,,,,,,,,,,,,,,,,,yet,1
,,,,,,,,,,,,,,,,,,,,,,,,,yet??,1
,,,,,,,,,,,,,,,,,,,,,,,,,yield,1
,,,,,,,,,,,,,,,,,,,,,,,,,yield:approximately,1
,,,,,,,,,,,,,,,,,,,,,,,,,you'd,1
,,,,,,,,,,,,,,,,,,,,,,,,,"you,",1
,,,,,,,,,,,,,,,,,,,,,,,,,you?,1
,,,,,,,,,,,,,,,,,,,,,,,,,yougourt,1
,,,,,,,,,,,,,,,,,,,,,,,,,youll,1
,,,,,,,,,,,,,,,,,,,,,,,,,youngs,1
,,,,,,,,,,,,,,,,,,,,,,,,,youre,1
,,,,,,,,,,,,,,,,,,,,,,,,,yourself!,1
,,,,,,,,,,,,,,,,,,,,,,,,,yourself:,1
,,,,,,,,,,,,,,,,,,,,,,,,,yum,1
,,,,,,,,,,,,,,,,,,,,,,,,,yummiest,1
,,,,,,,,,,,,,,,,,,,,,,,,,yummy,1
,,,,,,,,,,,,,,,,,,,,,,,,,zested,1
,,,,,,,,,,,,,,,,,,,,,,,,,zoe’s,1
,,,,,,,,,,,,,,,,,,,,,,,,,zu,1
,,,,,,,,,,,,,,,,,,,,,,,,,zubereitung,1
,,,,,,,,,,,,,,,,,,,,,,,,,zucchero,1
,,,,,,,,,,,,,,,,,,,,,,,,,zucchero.,1
,,,,,,,,,,,,,,,,,,,,,,,,,"zucker,",1
,,,,,,,,,,,,,,,,,,,,,,,,,zum,1
,,,,,,,,,,,,,,,,,,,,,,,,,zutaten,1
,,,,,,,,,,,,,,,,,,,,,,,,,zutaten:,1
,,,,,,,,,,,,,,,,,,,,,,,,,{chicken,1
,,,,,,,,,,,,,,,,,,,,,,,,,{mashed,1
,,,,,,,,,,,,,,,,,,,,,,,,,~18-20,1
,,,,,,,,,,,,,,,,,,,,,,,,,~35,1
,,,,,,,,,,,,,,,,,,,,,,,,, [ad],1
,,,,,,,,,,,,,,,,,,,,,,,,,çantamın,1
,,,,,,,,,,,,,,,,,,,,,,,,,"último,",1
,,,,,,,,,,,,,,,,,,,,,,,,,ананасами,1
,,,,,,,,,,,,,,,,,,,,,,,,,аппетита,1
,,,,,,,,,,,,,,,,,,,,,,,,,аппетита!,1
,,,,,,,,,,,,,,,,,,,,,,,,,больше,1
,,,,,,,,,,,,,,,,,,,,,,,,,"быстро,",1
,,,,,,,,,,,,,,,,,,,,,,,,,видео📽️,1
,,,,,,,,,,,,,,,,,,,,,,,,,вкусно,1
,,,,,,,,,,,,,,,,,,,,,,,,,вкусного,1
,,,,,,,,,,,,,,,,,,,,,,,,,всей,1
,,,,,,,,,,,,,,,,,,,,,,,,,вылейте,1
,,,,,,,,,,,,,,,,,,,,,,,,,город,1
,,,,,,,,,,,,,,,,,,,,,,,,,до,1
,,,,,,,,,,,,,,,,,,,,,,,,,ещё,1
,,,,,,,,,,,,,,,,,,,,,,,,,за,1
,,,,,,,,,,,,,,,,,,,,,,,,,завтрак,1
,,,,,,,,,,,,,,,,,,,,,,,,,завтрака:,1
,,,,,,,,,,,,,,,,,,,,,,,,,завтрака✅,1
,,,,,,,,,,,,,,,,,,,,,,,,,золотистой,1
,,,,,,,,,,,,,,,,,,,,,,,,,какой,1
,,,,,,,,,,,,,,,,,,,,,,,,,корочки.,1
,,,,,,,,,,,,,,,,,,,,,,,,,крышкой.,1
,,,,,,,,,,,,,,,,,,,,,,,,,кунжут,1
,,,,,,,,,,,,,,,,,,,,,,,,,"курицей,",1
,,,,,,,,,,,,,,,,,,,,,,,,,лаваш,1
,,,,,,,,,,,,,,,,,,,,,,,,,лавашом.,1
,,,,,,,,,,,,,,,,,,,,,,,,,легкий,1
,,,,,,,,,,,,,,,,,,,,,,,,,минут,1
,,,,,,,,,,,,,,,,,,,,,,,,,мой,1
,,,,,,,,,,,,,,,,,,,,,,,,,накройте,1
,,,,,,,,,,,,,,,,,,,,,,,,,обожаю,1
,,,,,,,,,,,,,,,,,,,,,,,,,очень,1
,,,,,,,,,,,,,,,,,,,,,,,,,перекус,1
,,,,,,,,,,,,,,,,,,,,,,,,,под,1
,,,,,,,,,,,,,,,,,,,,,,,,,поджарьте,1
,,,,,,,,,,,,,,,,,,,,,,,,,полезного,1
,,,,,,,,,,,,,,,,,,,,,,,,,помидоров,1
,,,,,,,,,,,,,,,,,,,,,,,,,помидоры,1
,,,,,,,,,,,,,,,,,,,,,,,,,попал,1
,,,,,,,,,,,,,,,,,,,,,,,,,пополам.,1
,,,,,,,,,,,,,,,,,,,,,,,,,приготовление:,1
,,,,,,,,,,,,,,,,,,,,,,,,,"просто,",1
,,,,,,,,,,,,,,,,,,,,,,,,,салат,1
,,,,,,,,,,,,,,,,,,,,,,,,,семьи,1
,,,,,,,,,,,,,,,,,,,,,,,,,сковороду.,1
,,,,,,,,,,,,,,,,,,,,,,,,,сложите,1
,,,,,,,,,,,,,,,,,,,,,,,,,солью,1
,,,,,,,,,,,,,,,,,,,,,,,,,сочетание,1
,,,,,,,,,,,,,,,,,,,,,,,,,супер,1
,,,,,,,,,,,,,,,,,,,,,,,,,"схватятся,",1
,,,,,,,,,,,,,,,,,,,,,,,,,сыра,1
,,,,,,,,,,,,,,,,,,,,,,,,,сыром,1
,,,,,,,,,,,,,,,,,,,,,,,,,чудо-картошка,1
,,,,,,,,,,,,,,,,,,,,,,,,,это,1
,,,,,,,,,,,,,,,,,,,,,,,,,"أبيض
1",1
,,,,,,,,,,,,,,,,,,,,,,,,,أسود,1
,,,,,,,,,,,,,,,,,,,,,,,,,"أسود
1",1
,,,,,,,,,,,,,,,,,,,,,,,,,"أسود
1/2",1
,,,,,,,,,,,,,,,,,,,,,,,,,"أشخاص)

الدجاج:

3",1
,,,,,,,,,,,,,,,,,,,,,,,,,أعشاب,1
,,,,,,,,,,,,,,,,,,,,,,,,,أو,1
,,,,,,,,,,,,,,,,,,,,,,,,,ابداعك,1
,,,,,,,,,,,,,,,,,,,,,,,,,ازالة,1
,,,,,,,,,,,,,,,,,,,,,,,,,الاظافر,1
,,,,,,,,,,,,,,,,,,,,,,,,,"الباستا
1",1
,,,,,,,,,,,,,,,,,,,,,,,,,البشرة,1
,,,,,,,,,,,,,,,,,,,,,,,,,الحار,1
,,,,,,,,,,,,,,,,,,,,,,,,,الحفاظ,1
,,,,,,,,,,,,,,,,,,,,,,,,,الخ,1
,,,,,,,,,,,,,,,,,,,,,,,,,الدجاج,1
,,,,,,,,,,,,,,,,,,,,,,,,,الدجاج:,1
,,,,,,,,,,,,,,,,,,,,,,,,,"الذوق
1/2",1
,,,,,,,,,,,,,,,,,,,,,,,,,"الرغبة

ingredients:",1
,,,,,,,,,,,,,,,,,,,,,,,,,الزيتون,1
,,,,,,,,,,,,,,,,,,,,,,,,,الطريقه:,1
,,,,,,,,,,,,,,,,,,,,,,,,,العظام,1
,,,,,,,,,,,,,,,,,,,,,,,,,الفلفل,1
,,,,,,,,,,,,,,,,,,,,,,,,,القلاية,1
,,,,,,,,,,,,,,,,,,,,,,,,,الكزبرة,1
,,,,,,,,,,,,,,,,,,,,,,,,,الم,1
,,,,,,,,,,,,,,,,,,,,,,,,,المفاصل,1
,,,,,,,,,,,,,,,,,,,,,,,,,المقرمشه,1
,,,,,,,,,,,,,,,,,,,,,,,,,المقلي,1
,,,,,,,,,,,,,,,,,,,,,,,,,الهوائية),1
,,,,,,,,,,,,,,,,,,,,,,,,,اهمها,1
,,,,,,,,,,,,,,,,,,,,,,,,,"بابريكا
1",1
,,,,,,,,,,,,,,,,,,,,,,,,,"باستا
1",1
,,,,,,,,,,,,,,,,,,,,,,,,,باستخدام,1
,,,,,,,,,,,,,,,,,,,,,,,,,بزااااااااااف,1
,,,,,,,,,,,,,,,,,,,,,,,,,بصل,1
,,,,,,,,,,,,,,,,,,,,,,,,,بطحين,1
,,,,,,,,,,,,,,,,,,,,,,,,,بقدونس,1
,,,,,,,,,,,,,,,,,,,,,,,,,بهارات,1
,,,,,,,,,,,,,,,,,,,,,,,,,"بودرة
1/2",1
,,,,,,,,,,,,,,,,,,,,,,,,,"بيضة
1",1
,,,,,,,,,,,,,,,,,,,,,,,,,تحصى,1
,,,,,,,,,,,,,,,,,,,,,,,,,تستخدمون,1
,,,,,,,,,,,,,,,,,,,,,,,,,تستفادو,1
,,,,,,,,,,,,,,,,,,,,,,,,,تعد,1
,,,,,,,,,,,,,,,,,,,,,,,,,تغطونه,1
,,,,,,,,,,,,,,,,,,,,,,,,,تقوية,1
,,,,,,,,,,,,,,,,,,,,,,,,,جبن,1
,,,,,,,,,,,,,,,,,,,,,,,,,جربوه,1
,,,,,,,,,,,,,,,,,,,,,,,,,حبة,1
,,,,,,,,,,,,,,,,,,,,,,,,,"حليب
زيت",1
,,,,,,,,,,,,,,,,,,,,,,,,,"خبز
1/2",1
,,,,,,,,,,,,,,,,,,,,,,,,,دبس,1
,,,,,,,,,,,,,,,,,,,,,,,,,دجاج,1
,,,,,,,,,,,,,,,,,,,,,,,,,رح,1
,,,,,,,,,,,,,,,,,,,,,,,,,رهيب,1
,,,,,,,,,,,,,,,,,,,,,,,,,زبادي,1
,,,,,,,,,,,,,,,,,,,,,,,,,"زبدة
1/2",1
,,,,,,,,,,,,,,,,,,,,,,,,,زنجبيل,1
,,,,,,,,,,,,,,,,,,,,,,,,,"سائلة
1",1
,,,,,,,,,,,,,,,,,,,,,,,,,سلطة,1
,,,,,,,,,,,,,,,,,,,,,,,,,سلق,1
,,,,,,,,,,,,,,,,,,,,,,,,,سهله,1
,,,,,,,,,,,,,,,,,,,,,,,,,شرائح,1
,,,,,,,,,,,,,,,,,,,,,,,,,شمندر,1
,,,,,,,,,,,,,,,,,,,,,,,,,شورما,1
,,,,,,,,,,,,,,,,,,,,,,,,,ص,1
,,,,,,,,,,,,,,,,,,,,,,,,,صحة,1
,,,,,,,,,,,,,,,,,,,,,,,,,صدر,1
,,,,,,,,,,,,,,,,,,,,,,,,,صلصة:,1
,,,,,,,,,,,,,,,,,,,,,,,,,صيفي,1
,,,,,,,,,,,,,,,,,,,,,,,,,طبخ,1
,,,,,,,,,,,,,,,,,,,,,,,,,طحين,1
,,,,,,,,,,,,,,,,,,,,,,,,,طحينيه,1
,,,,,,,,,,,,,,,,,,,,,,,,,عسل,1
,,,,,,,,,,,,,,,,,,,,,,,,,عصرة,1
,,,,,,,,,,,,,,,,,,,,,,,,,"عطرية
1/2",1
,,,,,,,,,,,,,,,,,,,,,,,,,على,1
,,,,,,,,,,,,,,,,,,,,,,,,,غ,1
,,,,,,,,,,,,,,,,,,,,,,,,,غنيه,1
,,,,,,,,,,,,,,,,,,,,,,,,,فتات,1
,,,,,,,,,,,,,,,,,,,,,,,,,فص,1
,,,,,,,,,,,,,,,,,,,,,,,,,فصوص,1
,,,,,,,,,,,,,,,,,,,,,,,,,فوائده,1
,,,,,,,,,,,,,,,,,,,,,,,,,قرفة,1
,,,,,,,,,,,,,,,,,,,,,,,,,كركم,1
,,,,,,,,,,,,,,,,,,,,,,,,,كريمة,1
,,,,,,,,,,,,,,,,,,,,,,,,,كله,1
,,,,,,,,,,,,,,,,,,,,,,,,,كلها,1
,,,,,,,,,,,,,,,,,,,,,,,,,كمون,1
,,,,,,,,,,,,,,,,,,,,,,,,,كولاجين,1
,,,,,,,,,,,,,,,,,,,,,,,,,لا,1
,,,,,,,,,,,,,,,,,,,,,,,,,لتحدي,1
,,,,,,,,,,,,,,,,,,,,,,,,,للباذنجان:,1
,,,,,,,,,,,,,,,,,,,,,,,,,للتزيين,1
,,,,,,,,,,,,,,,,,,,,,,,,,للسلطة:,1
,,,,,,,,,,,,,,,,,,,,,,,,,للصوص:,1
,,,,,,,,,,,,,,,,,,,,,,,,,للقلي,1
,,,,,,,,,,,,,,,,,,,,,,,,,لوصفه,1
,,,,,,,,,,,,,,,,,,,,,,,,,لين,1
,,,,,,,,,,,,,,,,,,,,,,,,,ماء,1
,,,,,,,,,,,,,,,,,,,,,,,,,مايونيز,1
,,,,,,,,,,,,,,,,,,,,,,,,,مبشور,1
,,,,,,,,,,,,,,,,,,,,,,,,,مجفف,1
,,,,,,,,,,,,,,,,,,,,,,,,,محمص,1
,,,,,,,,,,,,,,,,,,,,,,,,,مسلوق,1
,,,,,,,,,,,,,,,,,,,,,,,,,مشروب,1
,,,,,,,,,,,,,,,,,,,,,,,,,مع,1
,,,,,,,,,,,,,,,,,,,,,,,,,مفروم,1
,,,,,,,,,,,,,,,,,,,,,,,,,"مفروم
250",1
,,,,,,,,,,,,,,,,,,,,,,,,,مفرومة,1
,,,,,,,,,,,,,,,,,,,,,,,,,مقطع,1
,,,,,,,,,,,,,,,,,,,,,,,,,مل,1
,,,,,,,,,,,,,,,,,,,,,,,,,"ملح
1/2",1
,,,,,,,,,,,,,,,,,,,,,,,,,ممكن,1
,,,,,,,,,,,,,,,,,,,,,,,,,منتجات,1
,,,,,,,,,,,,,,,,,,,,,,,,,"ناعم
3",1
,,,,,,,,,,,,,,,,,,,,,,,,,نباتي,1
,,,,,,,,,,,,,,,,,,,,,,,,,واعتمدوه,1
,,,,,,,,,,,,,,,,,,,,,,,,,والشعر,1
,,,,,,,,,,,,,,,,,,,,,,,,,والشمندر,1
,,,,,,,,,,,,,,,,,,,,,,,,,وانضم,1
,,,,,,,,,,,,,,,,,,,,,,,,,وبصل,1
,,,,,,,,,,,,,,,,,,,,,,,,,وبودرة,1
,,,,,,,,,,,,,,,,,,,,,,,,,وتقلونه,1
,,,,,,,,,,,,,,,,,,,,,,,,,وخبز,1
,,,,,,,,,,,,,,,,,,,,,,,,,ورطوبتها,1
,,,,,,,,,,,,,,,,,,,,,,,,,ورنا,1
,,,,,,,,,,,,,,,,,,,,,,,,,وسريعه,1
,,,,,,,,,,,,,,,,,,,,,,,,,وفلفل,1
,,,,,,,,,,,,,,,,,,,,,,,,,وكمون,1
,,,,,,,,,,,,,,,,,,,,,,,,,ولا,1
,,,,,,,,,,,,,,,,,,,,,,,,,ولذيذه,1
,,,,,,,,,,,,,,,,,,,,,,,,,ومبشور,1
,,,,,,,,,,,,,,,,,,,,,,,,,وملح,1
,,,,,,,,,,,,,,,,,,,,,,,,,ونعناع,1
,,,,,,,,,,,,,,,,,,,,,,,,,يغورت,1
,,,,,,,,,,,,,,,,,,,,,,,,,يقرمش,1
,,,,,,,,,,,,,,,,,,,,,,,,,٣,1
,,,,,,,,,,,,,,,,,,,,,,,,,‏[🇲🇦],1
,,,,,,,,,,,,,,,,,,,,,,,,,——,1
,,,,,,,,,,,,,,,,,,,,,,,,,‘tis,1
,,,,,,,,,,,,,,,,,,,,,,,,,“beef”,1
,,,,,,,,,,,,,,,,,,,,,,,,,“choosing,1
,,,,,,,,,,,,,,,,,,,,,,,,,“filling”,1
,,,,,,,,,,,,,,,,,,,,,,,,,“giorgiapaino”🥞🍓,1
,,,,,,,,,,,,,,,,,,,,,,,,,“love,1
,,,,,,,,,,,,,,,,,,,,,,,,,“no,1
,,,,,,,,,,,,,,,,,,,,,,,,,“osta,1
,,,,,,,,,,,,,,,,,,,,,,,,,“savoring,1
,,,,,,,,,,,,,,,,,,,,,,,,,“x”,1
,,,,,,,,,,,,,,,,,,,,,,,,,“yum”,1
,,,,,,,,,,,,,,,,,,,,,,,,,•1.,1
,,,,,,,,,,,,,,,,,,,,,,,,,•2.,1
,,,,,,,,,,,,,,,,,,,,,,,,,•3.,1
,,,,,,,,,,,,,,,,,,,,,,,,,•39g,1
,,,,,,,,,,,,,,,,,,,,,,,,,•481,1
,,,,,,,,,,,,,,,,,,,,,,,,,•if,1
,,,,,,,,,,,,,,,,,,,,,,,,,•knead,1
,,,,,,,,,,,,,,,,,,,,,,,,,….,1
,,,,,,,,,,,,,,,,,,,,,,,,, 4-,1
,,,,,,,,,,,,,,,,,,,,,,,,, in,1
,,,,,,,,,,,,,,,,,,,,,,,,, veggies,1
,,,,,,,,,,,,,,,,,,,,,,,,,  2.,1
,,,,,,,,,,,,,,,,,,,,,,,,,  8.,1
,,,,,,,,,,,,,,,,,,,,,,,,, filling: -,1
,,,,,,,,,,,,,,,,,,,,,,,,, anywho here,1
,,,,,,,,,,,,,,,,,,,,,,,,,‼️‼️,1
,,,,,,,,,,,,,,,,,,,,,,,,,‼️‼️🤠🤠,1
,,,,,,,,,,,,,,,,,,,,,,,,,"‼️🫶

crispy",1
,,,,,,,,,,,,,,,,,,,,,,,,,℃).,1
,,,,,,,,,,,,,,,,,,,,,,,,,⏳,1
,,,,,,,,,,,,,,,,,,,,,,,,,▪️15,1
,,,,,,,,,,,,,,,,,,,,,,,,,▪️3,1
,,,,,,,,,,,,,,,,,,,,,,,,,▪️5,1
,,,,,,,,,,,,,,,,,,,,,,,,,▪️beat,1
,,,,,,,,,,,,,,,,,,,,,,,,,▪️boil,1
,,,,,,,,,,,,,,,,,,,,,,,,,▪️bring,1
,,,,,,,,,,,,,,,,,,,,,,,,,▪️chocolate,1
,,,,,,,,,,,,,,,,,,,,,,,,,▪️crumble,1
,,,,,,,,,,,,,,,,,,,,,,,,,▪️drizzle,1
,,,,,,,,,,,,,,,,,,,,,,,,,▪️grease,1
,,,,,,,,,,,,,,,,,,,,,,,,,▪️in,1
,,,,,,,,,,,,,,,,,,,,,,,,,▪️large,1
,,,,,,,,,,,,,,,,,,,,,,,,,▪️mix,1
,,,,,,,,,,,,,,,,,,,,,,,,,▪️over,1
,,,,,,,,,,,,,,,,,,,,,,,,,▪️prepare,1
,,,,,,,,,,,,,,,,,,,,,,,,,▪️prick,1
,,,,,,,,,,,,,,,,,,,,,,,,,▪️refrigerate,1
,,,,,,,,,,,,,,,,,,,,,,,,,▪️remove,1
,,,,,,,,,,,,,,,,,,,,,,,,,▪️reserve,1
,,,,,,,,,,,,,,,,,,,,,,,,,▪️season,1
,,,,,,,,,,,,,,,,,,,,,,,,,▪️slice,1
,,,,,,,,,,,,,,,,,,,,,,,,,▪️to,1
,,,,,,,,,,,,,,,,,,,,,,,,,▪️wash,1
,,,,,,,,,,,,,,,,,,,,,,,,,▫️1.5,1
,,,,,,,,,,,,,,,,,,,,,,,,,▫️100,1
,,,,,,,,,,,,,,,,,,,,,,,,,▫️120,1
,,,,,,,,,,,,,,,,,,,,,,,,,▫️15,1
,,,,,,,,,,,,,,,,,,,,,,,,,▫️150,1
,,,,,,,,,,,,,,,,,,,,,,,,,▫️20,1
,,,,,,,,,,,,,,,,,,,,,,,,,▫️500,1
,,,,,,,,,,,,,,,,,,,,,,,,,▫️6,1
,,,,,,,,,,,,,,,,,,,,,,,,,▫️85,1
,,,,,,,,,,,,,,,,,,,,,,,,,▫️sunflower,1
,,,,,,,,,,,,,,,,,,,,,,,,,☕️🍫,1
,,,,,,,,,,,,,,,,,,,,,,,,,☝🏼,1
,,,,,,,,,,,,,,,,,,,,,,,,,☺️,1
,,,,,,,,,,,,,,,,,,,,,,,,,♥️,1
,,,,,,,,,,,,,,,,,,,,,,,,,♨️,1
,,,,,,,,,,,,,,,,,,,,,,,,,⚠️,1
,,,,,,,,,,,,,,,,,,,,,,,,,✅packed,1
,,,,,,,,,,,,,,,,,,,,,,,,,✌🏻,1
,,,,,,,,,,,,,,,,,,,,,,,,,✨first,1
,,,,,,,,,,,,,,,,,,,,,,,,,✨la,1
,,,,,,,,,,,,,,,,,,,,,,,,,✨learn,1
,,,,,,,,,,,,,,,,,,,,,,,,,✨profitez,1
,,,,,,,,,,,,,,,,,,,,,,,,,✨pudding,1
,,,,,,,,,,,,,,,,,,,,,,,,,✨✨✨,1
,,,,,,,,,,,,,,,,,,,,,,,,,✨🍋,1
,,,,,,,,,,,,,,,,,,,,,,,,,✨🎀,1
,,,,,,,,,,,,,,,,,,,,,,,,,✨👩🏽‍🍳,1
,,,,,,,,,,,,,,,,,,,,,,,,,✨👩🏽‍🍳👇🏼,1
,,,,,,,,,,,,,,,,,,,,,,,,,✨😋,1
,,,,,,,,,,,,,,,,,,,,,,,,,✨🤩,1
,,,,,,,,,,,,,,,,,,,,,,,,,✨🥗,1
,,,,,,,,,,,,,,,,,,,,,,,,,❄️,1
,,,,,,,,,,,,,,,,,,,,,,,,,❄️🍅,1
,,,,,,,,,,,,,,,,,,,,,,,,,❤️link,1
,,,,,,,,,,,,,,,,,,,,,,,,,❤️”.,1
,,,,,,,,,,,,,,,,,,,,,,,,,❤️🤤,1
,,,,,,,,,,,,,,,,,,,,,,,,,❤️🥔,1
,,,,,,,,,,,,,,,,,,,,,,,,,➡️,1
,,,,,,,,,,,,,,,,,,,,,,,,,먹방,1
,,,,,,,,,,,,,,,,,,,,,,,,,뽀득뽀득,1
,,,,,,,,,,,,,,,,,,,,,,,,,사천짜파게티에,1
,,,,,,,,,,,,,,,,,,,,,,,,,킬바사,1
,,,,,,,,,,,,,,,,,,,,,,,,,🇮🇹cover,1
,,,,,,,,,,,,,,,,,,,,,,,,,🇮🇹repeat,1
,,,,,,,,,,,,,,,,,,,,,,,,,🇮🇹sprinkle,1
,,,,,,,,,,,,,,,,,,,,,,,,,🇮🇹start,1
,,,,,,,,,,,,,,,,,,,,,,,,,🇹🇭,1
,,,,,,,,,,,,,,,,,,,,,,,,,🌟,1
,,,,,,,,,,,,,,,,,,,,,,,,,🌭,1
,,,,,,,,,,,,,,,,,,,,,,,,,🌮,1
,,,,,,,,,,,,,,,,,,,,,,,,,🌯,1
,,,,,,,,,,,,,,,,,,,,,,,,,🌶🍋‍🟩,1
,,,,,,,,,,,,,,,,,,,,,,,,,🌶️,1
,,,,,,,,,,,,,,,,,,,,,,,,,🌶️),1
,,,,,,,,,,,,,,,,,,,,,,,,,🌺🪸@penti,1
,,,,,,,,,,,,,,,,,,,,,,,,,🌽just,1
,,,,,,,,,,,,,,,,,,,,,,,,,🌿,1
,,,,,,,,,,,,,,,,,,,,,,,,,🌿🍤,1
,,,,,,,,,,,,,,,,,,,,,,,,,🌿💜.,1
,,,,,,,,,,,,,,,,,,,,,,,,,🍄‍🟫,1
,,,,,,,,,,,,,,,,,,,,,,,,,🍅,1
,,,,,,,,,,,,,,,,,,,,,,,,,🍇🤩,1
,,,,,,,,,,,,,,,,,,,,,,,,,🍉,1
,,,,,,,,,,,,,,,,,,,,,,,,,🍋,1
,,,,,,,,,,,,,,,,,,,,,,,,,🍋🤍,1
,,,,,,,,,,,,,,,,,,,,,,,,,🍌trust,1
,,,,,,,,,,,,,,,,,,,,,,,,,🍌🍫,1
,,,,,,,,,,,,,,,,,,,,,,,,,🍍,1
,,,,,,,,,,,,,,,,,,,,,,,,,🍓,1
,,,,,,,,,,,,,,,,,,,,,,,,,🍓starting,1
,,,,,,,,,,,,,,,,,,,,,,,,,🍓💗,1
,,,,,,,,,,,,,,,,,,,,,,,,,🍓🤍,1
,,,,,,,,,,,,,,,,,,,,,,,,,🍓🫐,1
,,,,,,,,,,,,,,,,,,,,,,,,,🍓🫐🍯🥛,1
,,,,,,,,,,,,,,,,,,,,,,,,,🍕,1
,,,,,,,,,,,,,,,,,,,,,,,,,🍗,1
,,,,,,,,,,,,,,,,,,,,,,,,,🍜,1
,,,,,,,,,,,,,,,,,,,,,,,,,🍝add,1
,,,,,,,,,,,,,,,,,,,,,,,,,🍝build,1
,,,,,,,,,,,,,,,,,,,,,,,,,🍝now,1
,,,,,,,,,,,,,,,,,,,,,,,,,🍝serve,1
,,,,,,,,,,,,,,,,,,,,,,,,,🍞,1
,,,,,,,,,,,,,,,,,,,,,,,,,🍞💛,1
,,,,,,,,,,,,,,,,,,,,,,,,,🍞🧈,1
,,,,,,,,,,,,,,,,,,,,,,,,,🍠✨,1
,,,,,,,,,,,,,,,,,,,,,,,,,🍦,1
,,,,,,,,,,,,,,,,,,,,,,,,,🍨,1
,,,,,,,,,,,,,,,,,,,,,,,,,🍪🍫,1
,,,,,,,,,,,,,,,,,,,,,,,,,🍪🤍🌸🍫,1
,,,,,,,,,,,,,,,,,,,,,,,,,🍪🥜,1
,,,,,,,,,,,,,,,,,,,,,,,,,🍫🍓,1
,,,,,,,,,,,,,,,,,,,,,,,,,🍫🍫🍫,1
,,,,,,,,,,,,,,,,,,,,,,,,,🍫🤎,1
,,,,,,,,,,,,,,,,,,,,,,,,,🍫🤝🏼,1
,,,,,,,,,,,,,,,,,,,,,,,,,🍫🥞💌,1
,,,,,,,,,,,,,,,,,,,,,,,,,🍮☕️,1
,,,,,,,,,,,,,,,,,,,,,,,,,🍯,1
,,,,,,,,,,,,,,,,,,,,,,,,,🍯🌶️✨,1
,,,,,,,,,,,,,,,,,,,,,,,,,🍰,1
,,,,,,,,,,,,,,,,,,,,,,,,,🍽️🍽️🍽️🍽️,1
,,,,,,,,,,,,,,,,,,,,,,,,,🎀,1
,,,,,,,,,,,,,,,,,,,,,,,,,🎀🎀🎀,1
,,,,,,,,,,,,,,,,,,,,,,,,,🎄⭐️🍔,1
,,,,,,,,,,,,,,,,,,,,,,,,,🎄🫶🏻,1
,,,,,,,,,,,,,,,,,,,,,,,,,🎅🎄with,1
,,,,,,,,,,,,,,,,,,,,,,,,,🎞️,1
,,,,,,,,,,,,,,,,,,,,,,,,,🎥🎥@patricja,1
,,,,,,,,,,,,,,,,,,,,,,,,,🎧,1
,,,,,,,,,,,,,,,,,,,,,,,,,🎨,1
,,,,,,,,,,,,,,,,,,,,,,,,,🏃‍♀️💨,1
,,,,,,,,,,,,,,,,,,,,,,,,,🏃🏽‍♀️till,1
,,,,,,,,,,,,,,,,,,,,,,,,,🏠,1
,,,,,,,,,,,,,,,,,,,,,,,,,🐍🐍‼️🤠🤠,1
,,,,,,,,,,,,,,,,,,,,,,,,,👀😳,1
,,,,,,,,,,,,,,,,,,,,,,,,,👀🤩,1
,,,,,,,,,,,,,,,,,,,,,,,,,👇🏽,1
,,,,,,,,,,,,,,,,,,,,,,,,,👉,1
,,,,,,,,,,,,,,,,,,,,,,,,,👌🏻,1
,,,,,,,,,,,,,,,,,,,,,,,,,👌🏻el,1
,,,,,,,,,,,,,,,,,,,,,,,,,👏,1
,,,,,,,,,,,,,,,,,,,,,,,,,👟,1
,,,,,,,,,,,,,,,,,,,,,,,,,👩‍🍳,1
,,,,,,,,,,,,,,,,,,,,,,,,,👩‍🍳🍳,1
,,,,,,,,,,,,,,,,,,,,,,,,,👩🏻‍❤️‍💋‍👨🏽🍝,1
,,,,,,,,,,,,,,,,,,,,,,,,,👶🏻,1
,,,,,,,,,,,,,,,,,,,,,,,,,💋🤘🏻,1
,,,,,,,,,,,,,,,,,,,,,,,,,💌,1
,,,,,,,,,,,,,,,,,,,,,,,,,💌🥞,1
,,,,,,,,,,,,,,,,,,,,,,,,,💍❤️,1
,,,,,,,,,,,,,,,,,,,,,,,,,💓,1
,,,,,,,,,,,,,,,,,,,,,,,,,💔,1
,,,,,,,,,,,,,,,,,,,,,,,,,💖,1
,,,,,,,,,,,,,,,,,,,,,,,,,💜,1
,,,,,,,,,,,,,,,,,,,,,,,,,💡,1
,,,,,,,,,,,,,,,,,,,,,,,,,💪,1
,,,,,,,,,,,,,,,,,,,,,,,,,💫#yeni,1
,,,,,,,,,,,,,,,,,,,,,,,,,📊,1
,,,,,,,,,,,,,,,,,,,,,,,,,📍train,1
,,,,,,,,,,,,,,,,,,,,,,,,,📕👨🏽‍🍳,1
,,,,,,,,,,,,,,,,,,,,,,,,,📦,1
,,,,,,,,,,,,,,,,,,,,,,,,,🔋si,1
,,,,,,,,,,,,,,,,,,,,,,,,,🔍,1
,,,,,,,,,,,,,,,,,,,,,,,,,🔎dpy7472,1
,,,,,,,,,,,,,,,,,,,,,,,,,🔥🍗🇰🇷,1
,,,,,,,,,,,,,,,,,,,,,,,,,🔥😍,1
,,,,,,,,,,,,,,,,,,,,,,,,,🕸️🍫,1
,,,,,,,,,,,,,,,,,,,,,,,,,🖤🖤,1
,,,,,,,,,,,,,,,,,,,,,,,,,🖤🧀,1
,,,,,,,,,,,,,,,,,,,,,,,,,🗣️🗣️🗣️,1
,,,,,,,,,,,,,,,,,,,,,,,,,😁,1
,,,,,,,,,,,,,,,,,,,,,,,,,😂@amelia,1
,,,,,,,,,,,,,,,,,,,,,,,,,😂😋,1
,,,,,,,,,,,,,,,,,,,,,,,,,😆,1
,,,,,,,,,,,,,,,,,,,,,,,,,😉,1
,,,,,,,,,,,,,,,,,,,,,,,,,😊❤️🍫,1
,,,,,,,,,,,,,,,,,,,,,,,,,😋💓,1
,,,,,,,,,,,,,,,,,,,,,,,,,😋🤤,1
,,,,,,,,,,,,,,,,,,,,,,,,,😍!,1
,,,,,,,,,,,,,,,,,,,,,,,,,😍🍣,1
,,,,,,,,,,,,,,,,,,,,,,,,,😍🔥,1
,,,,,,,,,,,,,,,,,,,,,,,,,😎,1
,,,,,,,,,,,,,,,,,,,,,,,,,😎🍰,1
,,,,,,,,,,,,,,,,,,,,,,,,,😏,1
,,,,,,,,,,,,,,,,,,,,,,,,,😠😠,1
,,,,,,,,,,,,,,,,,,,,,,,,,😬,1
,,,,,,,,,,,,,,,,,,,,,,,,,😭♥️♥️,1
,,,,,,,,,,,,,,,,,,,,,,,,,😮‍💨.,1
,,,,,,,,,,,,,,,,,,,,,,,,,😶,1
,,,,,,,,,,,,,,,,,,,,,,,,,🙂,1
,,,,,,,,,,,,,,,,,,,,,,,,,🙆🏻‍♀️❤️,1
,,,,,,,,,,,,,,,,,,,,,,,,,🙏🏻😭,1
,,,,,,,,,,,,,,,,,,,,,,,,,🙏🏽,1
,,,,,,,,,,,,,,,,,,,,,,,,,🙏🙏,1
,,,,,,,,,,,,,,,,,,,,,,,,,🚀,1
,,,,,,,,,,,,,,,,,,,,,,,,,🚂🍜🔥,1
,,,,,,,,,,,,,,,,,,,,,,,,,🛒,1
,,,,,,,,,,,,,,,,,,,,,,,,,🟥🔺🔴,1
,,,,,,,,,,,,,,,,,,,,,,,,,🤌🏼🔥,1
,,,,,,,,,,,,,,,,,,,,,,,,,🤌🤌,1
,,,,,,,,,,,,,,,,,,,,,,,,,🤌🤤,1
,,,,,,,,,,,,,,,,,,,,,,,,,🤍🫧,1
,,,,,,,,,,,,,,,,,,,,,,,,,"🤎

full",1
,,,,,,,,,,,,,,,,,,,,,,,,,🤝🏼,1
,,,,,,,,,,,,,,,,,,,,,,,,,🤢),1
,,,,,,,,,,,,,,,,,,,,,,,,,🤭,1
,,,,,,,,,,,,,,,,,,,,,,,,,🤯,1
,,,,,,,,,,,,,,,,,,,,,,,,,🤯🍫,1
,,,,,,,,,,,,,,,,,,,,,,,,,🤯🫡,1
,,,,,,,,,,,,,,,,,,,,,,,,,🥐,1
,,,,,,,,,,,,,,,,,,,,,,,,,🥑✨,1
,,,,,,,,,,,,,,,,,,,,,,,,,🥑🍝easy,1
,,,,,,,,,,,,,,,,,,,,,,,,,🥔,1
,,,,,,,,,,,,,,,,,,,,,,,,,🥔🧄🥦,1
,,,,,,,,,,,,,,,,,,,,,,,,,🥕,1
,,,,,,,,,,,,,,,,,,,,,,,,,🥕🤤,1
,,,,,,,,,,,,,,,,,,,,,,,,,🥗,1
,,,,,,,,,,,,,,,,,,,,,,,,,🥚,1
,,,,,,,,,,,,,,,,,,,,,,,,,🥞🍌,1
,,,,,,,,,,,,,,,,,,,,,,,,,🥩🤤,1
,,,,,,,,,,,,,,,,,,,,,,,,,🥬🍋,1
,,,,,,,,,,,,,,,,,,,,,,,,,🥭,1
,,,,,,,,,,,,,,,,,,,,,,,,,🥰✨,1
,,,,,,,,,,,,,,,,,,,,,,,,,🥲,1
,,,,,,,,,,,,,,,,,,,,,,,,,🥳,1
,,,,,,,,,,,,,,,,,,,,,,,,,🥳😊,1
,,,,,,,,,,,,,,,,,,,,,,,,,🥳🥳,1
,,,,,,,,,,,,,,,,,,,,,,,,,🦃🤎,1
,,,,,,,,,,,,,,,,,,,,,,,,,🦴,1
,,,,,,,,,,,,,,,,,,,,,,,,,🧀,1
,,,,,,,,,,,,,,,,,,,,,,,,,🧀🥦🍂,1
,,,,,,,,,,,,,,,,,,,,,,,,,🧁🎅,1
,,,,,,,,,,,,,,,,,,,,,,,,,🧂,1
,,,,,,,,,,,,,,,,,,,,,,,,,🧂:,1
,,,,,,,,,,,,,,,,,,,,,,,,,🧇,1
,,,,,,,,,,,,,,,,,,,,,,,,,🧑🏼‍🍳,1
,,,,,,,,,,,,,,,,,,,,,,,,,🧠,1
,,,,,,,,,,,,,,,,,,,,,,,,,🧡,1
,,,,,,,,,,,,,,,,,,,,,,,,,🧡🌸,1
,,,,,,,,,,,,,,,,,,,,,,,,,🫐blueberry,1
,,,,,,,,,,,,,,,,,,,,,,,,,🫐🍓cheesecake,1
,,,,,,,,,,,,,,,,,,,,,,,,,🫙,1
,,,,,,,,,,,,,,,,,,,,,,,,,🫠🫠😅,1
,,,,,,,,,,,,,,,,,,,,,,,,,🫢,1
,,,,,,,,,,,,,,,,,,,,,,,,,🫶,1
,,,,,,,,,,,,,,,,,,,,,,,,,🫶🏻,1
,,,,,,,,,,,,,,,,,,,,,,,,,🫶🏼,1
,,,,,,,,,,,,,,,,,,,,,,,,,🫶🏽,1
,,,,,,,,,,,,,,,,,,,,,,,,,﻿﻿3,1
,,,,,,,,,,,,,,,,,,,,,,,,,﻿﻿30g,1
,,,,,,,,,,,,,,,,,,,,,,,,,﻿﻿80ml,1
