creator,video_title,link,upload_date,period,food_type,portion_size,views,likes,comments,food_quantity,calories
ErikTheElectric,I Let AI Control Every Meal for Two Weeks,https://www.youtube.com/watch?v=i3q5uZmvky8,2026-01-17,recent,mixed/unknown,super extreme,4663395,161958,8947,000 calorie burger,10000
ErikTheElectric,I Survived The World's Heaviest People's Diets for 7 Days,https://www.youtube.com/watch?v=LkNO9erQ82Y,2025-08-09,recent,mixed/unknown,super extreme,12597224,292628,18920,000 calories: https://youtu; 000 calorie burger,100000
ErikTheElectric,I Ate The Biggest Foods on the Internet for 10 Days,https://www.youtube.com/watch?v=YFS3E8EiOT8,2025-02-25,recent,mixed/unknown,super extreme,9759599,261987,17526,000 calories: https://youtu; 000 calorie burger,100000
ErikTheElectric,I Let Popular Food Companies Control My Diet For 7 Days,https://www.youtube.com/watch?v=NyKAerEoB-U,2024-10-07,recent,mixed/unknown,super extreme,13353904,292084,18972,000 calories: https://youtu; 000 calorie burger,100000
ErikTheElectric,I Finished The ENTIRE Menu Everywhere My Tesla Took Me for a Week,https://www.youtube.com/watch?v=D7UqN8_kTpg,2024-06-09,recent,fast food/mixed,super extreme,15658181,327867,16761,000 calories: https://youtu; 000 calorie burger,100000
ErikTheElectric,I Let Fast Food Companies Control My Diet for a Week,https://www.youtube.com/watch?v=R251drj4HjI,2024-02-27,recent,mixed/unknown,super extreme,18106977,399823,17921,000 calories: https://youtu; 000 calorie burger,100000
ErikTheElectric,I Survived 7 World Record Food Challenges In 7 Days,https://www.youtube.com/watch?v=w9XP-naXz_M,2023-12-23,recent,mixed/unknown,super extreme,7115002,175747,8514,000 calories in 15 minutes: https://youtu; 000 calories: https://youtu; 000 calorie burger,15000
ErikTheElectric,I Let The FAMILY In Front Of Me Choose What I Eat For 24 Hours!,https://www.youtube.com/watch?v=iViFbBbvENU,2023-11-12,recent,mixed/unknown,super extreme,21799202,507993,15328,000 calories: https://youtu; 000 calorie burger,100000
ErikTheElectric,I Survived The Biggest Daily Diet In NFL History,https://www.youtube.com/watch?v=aJLPPck6_CA,2023-10-01,recent,mixed/unknown,super extreme,6318654,125794,6215,000 calories: https://youtu; 000 calorie burger,100000
ErikTheElectric,"10,000+ Calorie Burger Challenge with @WillTennyson",https://www.youtube.com/watch?v=HWio7aeXww4,2023-09-17,recent,burger,extreme,2803745,160255,533,,
ErikTheElectric,I Finished EVERY Secret Menu Item At Fast Food Restaurants For 72 Hours,https://www.youtube.com/watch?v=ZyeBsto2SQ4,2023-08-25,recent,fast food/mixed,super extreme,13494404,206532,8869,000 calories: https://youtu; 000 calorie burger,100000
ErikTheElectric,I Survived The World's Heaviest Woman's Daily Diet,https://www.youtube.com/watch?v=QrtWMm1dxbY,2023-07-25,recent,mixed/unknown,super extreme,20856896,525950,53161,000 calories: https://youtu; 000 calorie burger,100000
ErikTheElectric,I Ate ONLY Foods Doctors Say To Avoid For A Day,https://www.youtube.com/watch?v=9leVvHj2SSw,2023-07-03,recent,mixed/unknown,super extreme,7660707,158233,12710,000 calories: https://youtu; 000 calorie burger,100000
ErikTheElectric,I Survived The World's Heaviest Man's Daily Diet,https://www.youtube.com/watch?v=zAflAITPAl4,2023-06-11,recent,mixed/unknown,super extreme,48982151,777148,76455,000 calories: https://youtu; 000 calorie burger,100000
ErikTheElectric,Eating 10x Recommended Serving Sizes For A Day,https://www.youtube.com/watch?v=c0TCM3G-S3s,2023-05-20,recent,mixed/unknown,super extreme,4342319,91656,7725,000 calories: https://youtu; 000 calorie burger,100000
ErikTheElectric,"Pro Eater Vs. 10,000+ CALORIES of Little Debbie Items!",https://www.youtube.com/watch?v=-qpgSW17tCc,2023-05-13,recent,mixed/unknown,super extreme,1699303,75196,556,000 calories: https://youtu; 000 calorie burger,100000
ErikTheElectric,I Finished The ENTIRE Menu At Every Fast Food Restaurant I Went To For 72 Hours,https://www.youtube.com/watch?v=DKpFZjpgS88,2023-04-30,recent,fast food/mixed,super extreme,22299026,513522,11778,000 calories: https://youtu; 000 calorie burger,100000
ErikTheElectric,"Eating The 12 UNHEALTHIEST Hostess Items! (10,000+ Calories)",https://www.youtube.com/watch?v=aCtttXk1WVs,2023-04-16,recent,mixed/unknown,super extreme,1208406,60927,560,000 calories of the unhealthiest ones out there; 000 calories: https://youtu; 000 calorie burger,10000
ErikTheElectric,I Survived 24 Hours Of Eating Like Nikocado Avocado,https://www.youtube.com/watch?v=Lm-jHy06Zr8,2023-04-06,recent,mixed/unknown,super extreme,24598090,498432,25975,400lb milestone: https://youtu; 000 calories: https://youtu; 000 calorie burger,100000
ErikTheElectric,Eating The 10 UNHEALTHIEST Girl Scout Cookie Flavors!,https://www.youtube.com/watch?v=iQGHgVFD0v0,2023-03-30,recent,mixed/unknown,super extreme,600464,25927,261,000 calories: https://youtu,100000
ErikTheElectric,Eating The HIGHEST CALORIE Last Meal Request EVER MADE By A Death Row Inmate!,https://www.youtube.com/watch?v=xSq2-FkhpNk,2023-03-21,recent,mixed/unknown,super extreme,10964577,186822,12629,000 calories ; 000 calorie burger,100000
ErikTheElectric,"Pro Eater Vs. 10,000+ CALORIES of KFC Double Downs!",https://www.youtube.com/watch?v=R6Oqwg0t2P4,2023-03-15,recent,fried chicken,super extreme,3491212,184143,1352,000 calories worth) in one sitting; 000 calories: https://youtu,10000
ErikTheElectric,I Survived 24 Hours Of Eating Like Matt Stonie,https://www.youtube.com/watch?v=kR8LLPtJVZA,2023-03-04,recent,mixed/unknown,super extreme,12257062,306871,18777,000 calories ; 000 calorie burger,100000
ErikTheElectric,Pro Eater Vs FOUR Cardi B & Offset McDonald’s Meals,https://www.youtube.com/watch?v=U8uLeV0VByk,2023-02-26,recent,mixed/unknown,super extreme,791752,38663,274,000 calories: https://youtu,100000
ErikTheElectric,I Ate Only FAMILY SIZED Fast Food Meals For a Day,https://www.youtube.com/watch?v=SHVAXf7zVA0,2023-02-22,recent,mixed/unknown,super extreme,23436718,387543,30863,000 calorie challenge: https://youtu; 000 calorie burger,100000
ErikTheElectric,Eating The World's LONGEST Nacho Tray!,https://www.youtube.com/watch?v=DvJsMboGFSk,2023-02-12,recent,mixed/unknown,unknown,1474277,82873,323,,
ErikTheElectric,I FINISHED Every Cheesecake At The Cheesecake Factory,https://www.youtube.com/watch?v=N5UzF3JfGwI,2023-02-05,recent,dessert/sweets,super extreme,4314745,147742,4318,31lbs in 31 hours: https://youtu; 000 calorie challenge: https://youtu; 000 calorie burger,100000
ErikTheElectric,"10,000+ Calorie Crumbl Cookie Challenge DESTROYED!",https://www.youtube.com/watch?v=7O7tWQ8fTLI,2023-01-29,recent,mixed/unknown,super extreme,775327,44207,311,000 calorie burger,10000
ErikTheElectric,I Gained 31 POUNDS in 31 HOURS!,https://www.youtube.com/watch?v=sBgqNTJ2XZI,2023-01-22,recent,mixed/unknown,super extreme,3684075,88754,3272,31 pounds in 31 hours; 31 pounds in 31 hours; 000 calorie challenge: https://youtu,100000
ErikTheElectric,"Pro Eater Vs. 5,000+ Calorie PayDay Bar",https://www.youtube.com/watch?v=Y2O0kAs0_1E,2023-01-15,recent,mixed/unknown,extreme,775943,36206,195,,
ErikTheElectric,I Finished EVERY ITEM On The Sonic Menu!,https://www.youtube.com/watch?v=1lUjOMkaPqA,2023-01-08,recent,fast food/mixed,unknown,5010884,145281,6411,50 calorie packed items on it,
ErikTheElectric,I FINISHED 103 Holiday Junk Foods In 48 Hours,https://www.youtube.com/watch?v=Qh__01tvc90,2022-12-23,recent,mixed/unknown,unknown,2521244,56925,2263,,
ErikTheElectric,I Survived 24 Hours Of Eating The World's Most Fattening Foods,https://www.youtube.com/watch?v=4BATbTK7vPs,2022-12-15,recent,mixed/unknown,unknown,7733552,145905,8792,,
ErikTheElectric,The ENTIRE In N Out Menu Challenge TRIPLED!,https://www.youtube.com/watch?v=sWX1a75ePTA,2022-12-03,recent,fast food/mixed,extreme,1842134,53742,2121,,
ErikTheElectric,Pro Eater Vs. Endless Pasta At Olive Garden!,https://www.youtube.com/watch?v=4TO1iZlWaNw,2022-12-01,recent,mixed/unknown,unknown,7924287,421447,2058,,
ErikTheElectric,I Survived 24 Hours Of Eating Like A My 600lb Life Participant,https://www.youtube.com/watch?v=Z2wffutkRBw,2022-11-24,recent,mixed/unknown,unknown,10599455,204446,17759,"600lb life participant the contestants on the show ""my 600lb life"" are known to have very high calorie meals; 600 pounds (270 kg)",
ErikTheElectric,The World's BIGGEST Thanksgiving Platter DESTROYED!,https://www.youtube.com/watch?v=qwry1KtWgcc,2022-11-19,recent,mixed/unknown,super extreme,1843348,47470,2416,,
ErikTheElectric,America's HIGHEST CALORIE Burger Challenge.. DOUBLED!,https://www.youtube.com/watch?v=SA9m1RMp8cw,2022-11-10,recent,burger,super extreme,2951276,68953,1234,000 calories; 000 calorie burger challenge; 000 calories: https://youtu,20000
ErikTheElectric,Pro Eater Vs. Golden Corral Buffet,https://www.youtube.com/watch?v=0258tsnusWs,2022-11-08,recent,mixed/unknown,super extreme,4225481,291831,3142,000 calories: https://youtu,100000
ErikTheElectric,I Finished As Many GIANT Candy Bars As POSSIBLE In 48 Hours!,https://www.youtube.com/watch?v=q8Gi2DS4L34,2022-10-30,recent,mixed/unknown,super extreme,7570294,142438,10052,5lb hersheys bar and more chocolate bars,
ErikTheElectric,Finish EVERY WING On The Tray.. Or Eat The WORLD'S HOTTEST Chip!,https://www.youtube.com/watch?v=it8JICkC1TM,2022-10-23,recent,mixed/unknown,super extreme,1756628,44931,1712,000 calories of chicken wings,10000
ErikTheElectric,"THIS BURGER CHALLENGE HAS DEFEATED 1,000+ PEOPLE! | ELECTRIC EATS THE WORLD #5",https://www.youtube.com/watch?v=ngqZGP0RnTw,2022-10-16,recent,burger,extreme,3987220,97704,1325,,
ErikTheElectric,Eating EVERY Sandwich On The Wingstop Menu!,https://www.youtube.com/watch?v=P6-7XULkMWk,2022-10-09,recent,fast food/mixed,unknown,2355225,52597,943,,
ErikTheElectric,Eating The WORLD'S BIGGEST Order of Adult Happy Meals!,https://www.youtube.com/watch?v=p8Uhzt2O6XY,2022-10-06,recent,mixed/unknown,super extreme,1063590,29604,1101,,
ErikTheElectric,EAT 3 XL PIZZAS BEFORE THEY GET DELIVERED OR TIP $350 CHALLENGE!,https://www.youtube.com/watch?v=QMlYTb5gD14,2022-10-01,recent,pizza,super extreme,1108874,30060,839,000 calorie pizza food challenge,10000
ErikTheElectric,Eating The TOP NFL Players UNHEALTHIEST Cheat Meals!,https://www.youtube.com/watch?v=_Bw7IhKAMOk,2022-09-22,recent,mixed/unknown,unknown,1951374,48186,657,,
ErikTheElectric,Eating EVERY Item On The Panda Express Menu!,https://www.youtube.com/watch?v=FCJzQBgK-7U,2022-09-15,recent,fast food/mixed,super extreme,2890000,70461,2004,000 calories,13000
ErikTheElectric,EATING AS MANY CALORIES AS POSSIBLE ON MY BIRTHDAY CHALLENGE!,https://www.youtube.com/watch?v=15UM3-Bb_Uc,2022-09-07,recent,mixed/unknown,extreme,4001853,111260,3297,,
ErikTheElectric,EAT EVERYTHING ON THE TABLE OR TIP $300 TO THE WAITER CHALLENGE!,https://www.youtube.com/watch?v=9LjM49Egg9A,2022-08-28,recent,fast food/mixed,super extreme,6460243,142373,1511,000 calorie challenge food eating challenge,10000
ErikTheElectric,EATING EVERY CINNAMON TOAST CRUNCH ITEM ON MY TABLE CHALLENGE!,https://www.youtube.com/watch?v=pxGTc4jE6i8,2022-08-21,recent,mixed/unknown,extreme,864963,23697,623,,
ErikTheElectric,"I Ate $1,000 Worth of Food In One Day.",https://www.youtube.com/watch?v=co07EA4iFEU,2022-08-14,recent,mixed/unknown,unknown,3307222,98795,2538,,
ErikTheElectric,Eating The UNHEALTHIEST Avengers Cheat Meals Challenge!,https://www.youtube.com/watch?v=Rqv_5H8c8lY,2022-08-07,recent,mixed/unknown,extreme,1311690,39458,1014,,
ErikTheElectric,Eating EVERY Item On The KFC Menu!,https://www.youtube.com/watch?v=tHEHzQckkc4,2022-07-31,recent,fried chicken,super extreme,4203271,95156,3918,000 calories,13000
ErikTheElectric,Eating EVERY Ben & Jerry's Item On My Table In 60 MINUTES!,https://www.youtube.com/watch?v=UksmeyKQv6E,2022-07-24,recent,mixed/unknown,unknown,1562053,37919,1207,,
ErikTheElectric,THE ULTIMATE AMERICAN CRAVINGS PLATTER! (PART 4),https://www.youtube.com/watch?v=64RRc7IPoRo,2022-07-17,recent,mixed/unknown,unknown,863856,25390,967,,
ErikTheElectric,The Challenge I NEVER Should've Ordered Two Of.. | Electric Eats The World #4,https://www.youtube.com/watch?v=UAe32T9y2p0,2022-07-14,recent,mixed/unknown,extreme,2773473,81597,2257,55 burgers: @placeholder384 ,
ErikTheElectric,Eating EVERY Pizookie On The BJ's Menu!,https://www.youtube.com/watch?v=sN_uSvx1_Zs,2022-07-09,recent,fast food/mixed,unknown,431769,17115,707,,
ErikTheElectric,Eating The BIGGEST PIZZA I Could Find In My City!,https://www.youtube.com/watch?v=rqx73bN9OJQ,2022-06-30,recent,pizza,super extreme,888674,30670,1486,,
ErikTheElectric,Eating The WORLD'S BIGGEST Order Of McNuggets!,https://www.youtube.com/watch?v=QjzvwUl_wGs,2022-06-25,recent,mixed/unknown,super extreme,7502613,153317,5306,000 calories of straight protein,10000
ErikTheElectric,The ULTIMATE Cheat Day In Los Angeles | Electric Eats The World (Episode #3),https://www.youtube.com/watch?v=U0YzDVXD6Nk,2022-06-21,recent,mixed/unknown,unknown,1340160,44519,1218,,
ErikTheElectric,Eating The UNHEALTHIEST Celebrity Cheat Meals!,https://www.youtube.com/watch?v=qGKhGw3ql8Y,2022-06-16,recent,mixed/unknown,unknown,4681266,102193,2900,,
ErikTheElectric,THE ULTIMATE KFC JACK HARLOW MEAL CHALLENGE!,https://www.youtube.com/watch?v=PHPNKo2yCGQ,2022-06-12,recent,fried chicken,extreme,664488,22716,657,,
ErikTheElectric,Eating Top USA Foods That Are BANNED In Other Countries!,https://www.youtube.com/watch?v=weWdyD5R8e8,2022-06-08,recent,mixed/unknown,unknown,569217,19501,949,,
ErikTheElectric,THE CLASH OF THE CALORIES!  (Five Guys Vs Shake Shack),https://www.youtube.com/watch?v=U0Iql9NNstw,2022-06-02,recent,mixed/unknown,extreme,1003956,30715,2143,,
ErikTheElectric,"The 25 Cinnabon Challenge! (22,000 Calories)",https://www.youtube.com/watch?v=ulkHLA-bZ2A,2022-05-28,recent,mixed/unknown,super extreme,695880,22729,1201,000 calories) the 25 cinnabon cinnamon roll challenge; 000 calories); 000 calories which makes this one of the highest calorie single sitting challenges i've attempted to do this year,22000
ErikTheElectric,The World's BIGGEST Chinese Food Platter Challenge!,https://www.youtube.com/watch?v=YKZLTo93ULY,2022-05-21,recent,mixed/unknown,super extreme,7771646,165568,6917,,
ErikTheElectric,Eating The UNHEALTHIEST Grocery Store Foods Available!,https://www.youtube.com/watch?v=rxB-yc2RqLQ,2022-05-15,recent,mixed/unknown,unknown,6377319,123775,3876,,
ErikTheElectric,Eating AS MANY CALORIES AS POSSIBLE For 8 HOURS!,https://www.youtube.com/watch?v=v72DOz_xFrY,2022-05-08,recent,mixed/unknown,extreme,5607431,161296,4348,,
ErikTheElectric,Eating EVERY ITEM On The Wendy's Menu!,https://www.youtube.com/watch?v=JObzA3LWiZA,2022-05-01,recent,fast food/mixed,unknown,3655215,88630,4121,,
ErikTheElectric,If I Was Given One LAST Meal.. THIS Is What It Would Be!,https://www.youtube.com/watch?v=tfPrHAZEbr4,2022-04-24,recent,mixed/unknown,unknown,2529026,80462,2415,,
ErikTheElectric,The 100 CADBURY CREME EGG CHALLENGE!,https://www.youtube.com/watch?v=P0XIuhlcNSA,2022-04-17,recent,mixed/unknown,super extreme,759564,23782,2215,150 calories in it; 000 calories of chocolate,15000
ErikTheElectric,CLASH OF THE CALORIES! (MCDONALDS VS. BURGER KING),https://www.youtube.com/watch?v=atSivyFybRE,2022-04-13,recent,burger,extreme,1884822,50104,4493,,
ErikTheElectric,THE ULTIMATE AMERICAN PASTA PLATTER CHALLENGE!,https://www.youtube.com/watch?v=AE9B4UzQJQQ,2022-04-06,recent,mixed/unknown,extreme,2087689,55150,1588,,
ErikTheElectric,THE AS MANY CALORIES AS POSSIBLE CHALLENGE! (NEW RECORD ATTEMPT),https://www.youtube.com/watch?v=rPRTVZm3eKg,2022-03-31,recent,mixed/unknown,super extreme,1802164,63387,1124,000 calories back a while back so i had a lot of work to do in this challenge,22000
ErikTheElectric,PIZZA HUT'S BIG DINNER BOX CHALLENGE.. DOUBLED!,https://www.youtube.com/watch?v=qcQan1QM9QQ,2022-03-23,recent,pizza,extreme,3901991,89528,3167,,
ErikTheElectric,THE LUCKY CHARMS OVERLOAD CHALLENGE!,https://www.youtube.com/watch?v=4_R2syHGDd8,2022-03-17,recent,mixed/unknown,extreme,394535,14372,899,,
ErikTheElectric,THE WORLD'S BIGGEST ORDER OF TACO BELL NACHO CHEESE FRIES!,https://www.youtube.com/watch?v=9PUy4jimPPo,2022-03-13,recent,taco/burrito,super extreme,410227,15380,456,,
ErikTheElectric,I Ate My WEIGHT In DONUTS For 24 Hours!,https://www.youtube.com/watch?v=7FWe8b7qiUo,2022-03-06,recent,dessert/sweets,unknown,1235275,42586,1815,,
ErikTheElectric,CLASH OF THE CALORIES! (KFC VS. POPEYES),https://www.youtube.com/watch?v=G6GRqwYUQkw,2022-02-27,recent,fried chicken,extreme,2081200,50258,1911,,
ErikTheElectric,Eating My HEIGHT In Oreo Cookies! (INSANE Food Challenge),https://www.youtube.com/watch?v=oZFiCVxH6bk,2022-02-20,recent,mixed/unknown,extreme,1023414,28604,1471,,
ErikTheElectric,THE ULTIMATE AMERICAN SUPERBOWL CRAVINGS PLATTER!,https://www.youtube.com/watch?v=x0SGJlCx_IU,2022-02-13,recent,mixed/unknown,unknown,3802901,118336,3462,,
ErikTheElectric,"THE 10,000+ CALORIE MR BEAST CHOCOLATE BAR CHALLENGE!",https://www.youtube.com/watch?v=qNT9xikbh0I,2022-02-09,recent,mixed/unknown,super extreme,415981,18799,1130,000 calories worth of mr beast's new chocolate bars,10000
ErikTheElectric,Eating $500 Worth of Food In ONE DAY!,https://www.youtube.com/watch?v=wSSj4pMeLPg,2022-02-05,recent,mixed/unknown,unknown,2571849,85902,1903,,
ErikTheElectric,"THE AMERICAN JUNK FOOD FACE OFF! (12,000+ Calorie Food Challenge)",https://www.youtube.com/watch?v=VaSrvgVc3RE,2022-01-29,recent,mixed/unknown,extreme,404257,16744,575,,
ErikTheElectric,"PRO EATER VS. FAZE RUG! (40,000+ Calorie Cheat Day Challenge)",https://www.youtube.com/watch?v=30Q4n0asZnY,2022-01-23,recent,mixed/unknown,extreme,1158232,38756,700,,
ErikTheElectric,The Superman Daily Diet Challenge..TRIPLED!,https://www.youtube.com/watch?v=JbsFvjxPQEg,2022-01-16,recent,mixed/unknown,extreme,749108,26034,1204,,
ErikTheElectric,The Clash Of The Calories! (Krispy Kreme Vs. Dunkin Donuts),https://www.youtube.com/watch?v=Au0Zy8_2d3w,2022-01-09,recent,dessert/sweets,extreme,764125,26858,1911,,
ErikTheElectric,Eating EVERY ITEM On The Burger King Menu!,https://www.youtube.com/watch?v=J94xawFGTAg,2022-01-02,recent,burger,large,5018447,110557,6069,,
ErikTheElectric,I Ate My Subscribers Favorite W.O.W Moments of 2021!,https://www.youtube.com/watch?v=BEp6yIYB-mY,2021-12-28,mid,mixed/unknown,unknown,810361,30393,988,,
ErikTheElectric,THE UNLIMITED CALORIE CHALLENGE! (HOLIDAY EDITION),https://www.youtube.com/watch?v=b6B5rXQ1JCI,2021-12-21,mid,mixed/unknown,super extreme,4563292,70978,2456,000 calories for this challenge,70000
ErikTheElectric,"THE 50 MCDONALDS HOLIDAY PIE CHALLENGE! (13,000+ CALORIES)",https://www.youtube.com/watch?v=fBx_urHKOU8,2021-12-13,mid,mixed/unknown,extreme,343284,15741,873,8lbs,
ErikTheElectric,Eating The UNHEALTHIEST Holiday Foods On EARTH!,https://www.youtube.com/watch?v=xxo9H7aDj_s,2021-12-07,mid,mixed/unknown,unknown,463671,18467,742,,
ErikTheElectric,THE ULTIMATE AMERICAN CRAVINGS PLATTER! (PART TWO),https://www.youtube.com/watch?v=mDl-2AGXtSc,2021-11-30,mid,mixed/unknown,unknown,2478948,78049,1592,,
ErikTheElectric,"Eating The VIRAL 9” Reese’s Pie! (7,680 Calories) #shorts",https://www.youtube.com/watch?v=6BH1NycjJ6A,2021-11-25,mid,mixed/unknown,extreme,816423,45958,442,680 calories) #shorts eating the viral 9” reese’s pie; 680 calories) #shorts,7680
ErikTheElectric,I ATE LIKE CALORIES DIDN'T EXIST FOR 24 HOURS! (EPIC CHEAT DAY),https://www.youtube.com/watch?v=L6TtBfQL8ps,2021-11-24,mid,mixed/unknown,extreme,1068169,42069,1039,,
ErikTheElectric,"I TESTED MY BLOOD SUGAR.. AFTER EATING 1,000 GRAMS OF SUGAR!",https://www.youtube.com/watch?v=R7RgRRaOWlg,2021-11-18,mid,mixed/unknown,unknown,534699,20353,668,,
ErikTheElectric,"THE ULTIMATE ""ALL YOU CAN EAT"" AMERICAN PANCAKE CHALLENGE!",https://www.youtube.com/watch?v=ZTK3bCTFjws,2021-11-14,mid,dessert/sweets,extreme,409580,15741,691,43 pancakes a few years ago,
ErikTheElectric,THE CLASH OF THE CALORIES! (PIZZA HUT VS. DOMINOS),https://www.youtube.com/watch?v=JYySnHJibdQ,2021-11-07,mid,pizza,extreme,927242,39745,1360,,
ErikTheElectric,THE IRONMAN BUFFET CHALLENGE! (30 DIFFERENT MENU ITEMS),https://www.youtube.com/watch?v=OS7N7zM-918,2021-11-04,mid,fast food/mixed,extreme,680280,23097,628,,
ErikTheElectric,"EATING 30,000 CALORIES OF HALLOWEEN CANDY IN 24 HOURS! (INSANE CHALLENGE)",https://www.youtube.com/watch?v=fiS09ax-5kE,2021-10-31,mid,mixed/unknown,super extreme,579168,23408,1251,000 calories of halloween candy in 24 hours; 000 calories in 24 hours; 000 calories in less than 24 hours,30000
ErikTheElectric,THE WORLD’S UNHEALTHIEST SUSHI PLATTER CHALLENGE!,https://www.youtube.com/watch?v=u3QwxCQcDFs,2021-10-24,mid,mixed/unknown,extreme,943417,30538,1016,,
ErikTheElectric,THE 60x60 IN-N-OUT BURGER CHALLENGE!,https://www.youtube.com/watch?v=uVDKhxvSwfc,2021-10-17,mid,burger,extreme,521866,21834,1419,,
ErikTheElectric,"THE 13,000+ CALORIE MCDONALDS BAKERY CHALLENGE!",https://www.youtube.com/watch?v=-3NddT_EkWw,2021-10-10,mid,mixed/unknown,extreme,425201,17685,845,,
ErikTheElectric,THE ULTIMATE LAS VEGAS CHEAT DAY | ELECTRIC EATS THE WORLD (EPISODE #2),https://www.youtube.com/watch?v=p2H3B_At8ho,2021-10-03,mid,mixed/unknown,unknown,1230266,42622,1551,,
ErikTheElectric,THE ULTIMATE MOVIE THEATER CANDY CHALLENGE!,https://www.youtube.com/watch?v=v-PRIT8pVGw,2021-09-26,mid,mixed/unknown,extreme,507994,18586,1180,,
ErikTheElectric,THE 50 PIECE KFC CHICKEN CHALLENGE!,https://www.youtube.com/watch?v=m7cj-1UD9xw,2021-09-19,mid,fried chicken,extreme,877229,31998,1375,50 piece kfc chicken challenge; 50 pieces of kfc chicken,
ErikTheElectric,THE ENTIRE TACO BELL MENU CHALLENGE!,https://www.youtube.com/watch?v=ljeVy9esVzM,2021-09-12,mid,taco/burrito,extreme,2913317,69249,3499,,
ErikTheElectric,RETRYING MY FIRST EVER FOOD CHALLENGE! (WITH DOUBLE THE CALORIES),https://www.youtube.com/watch?v=vICUnzRFXqs,2021-09-06,mid,mixed/unknown,extreme,588280,23683,967,,
ErikTheElectric,"THE WORLD'S UNHEALTHIEST BIRTHDAY CAKE! (19,000+ CALORIES)",https://www.youtube.com/watch?v=ilO0FNyG2Y4,2021-09-01,mid,dessert/sweets,extreme,1330236,64110,2243,,
ErikTheElectric,THE ULTIMATE 2021 W.O.W MOMENT FOOD CHALLENGE!,https://www.youtube.com/watch?v=0S6drI57BsY,2021-08-26,mid,mixed/unknown,extreme,469044,21696,785,,
ErikTheElectric,THE UNLIMITED CALORIE AMERICAN FOOD COURT CHALLENGE!,https://www.youtube.com/watch?v=mc3Midoozu0,2021-08-22,mid,mixed/unknown,extreme,1962811,55213,1475,,
ErikTheElectric,THE ULTIMATE AMERICAN CRAVINGS PLATTER CHALLENGE!,https://www.youtube.com/watch?v=N0YjhI195JE,2021-08-15,mid,mixed/unknown,extreme,1666336,57559,2378,,
ErikTheElectric,EATING THE 10 HIGHEST SUGAR ITEMS IN FAST FOOD!,https://www.youtube.com/watch?v=_M_femXjEv0,2021-08-08,mid,mixed/unknown,unknown,1189859,35052,1083,,
ErikTheElectric,THE 200 POPEYES CHICKEN NUGGET CHALLENGE!,https://www.youtube.com/watch?v=XOVOibpSC0k,2021-08-01,mid,fried chicken,extreme,3340544,105973,3406,,
ErikTheElectric,"The AFTERMATH of the 50,000 Calorie Cheat Day Challenge",https://www.youtube.com/watch?v=6N9GbSKztaM,2021-07-29,mid,mixed/unknown,super extreme,1762727,49604,1020,000 calorie cheat day challenge the 50; 000 calorie challenge cheat day aftermath; 000 calorie cheat day challenge,50000
ErikTheElectric,"THE 50,000 CALORIE CHEAT DAY CHALLENGE!",https://www.youtube.com/watch?v=foJBnXwBMxI,2021-07-22,mid,mixed/unknown,super extreme,11957921,355713,9449,000 calorie cheat day challenge; 000 calorie cheat day challenge; 50000calories ,50000
ErikTheElectric,"Eating The 10 SALTIEST Menu Items in Fast Food! (12,000+ Calorie Challenge)",https://www.youtube.com/watch?v=jlBYWwdc_bg,2021-07-15,mid,fast food/mixed,extreme,2319386,57935,1368,,
ErikTheElectric,I Ate The 10 UNHEALTHIEST Deep Fried Food Creations In America!,https://www.youtube.com/watch?v=c6TM9ExXPjg,2021-07-08,mid,mixed/unknown,unknown,1063208,33553,1416,,
ErikTheElectric,"I Tried To EAT & BURN 10,000 Calories in ONE Bike Ride!",https://www.youtube.com/watch?v=p-joa3gLL0k,2021-07-01,mid,mixed/unknown,super extreme,399749,17355,898,000 calories in one bike ride; 000 calories in the same bike ride,10000
ErikTheElectric,Eating EVERY Item At Shake Shack! ($150+ Food Challenge),https://www.youtube.com/watch?v=tYyrNazMLLI,2021-06-26,mid,mixed/unknown,extreme,1092875,35260,1634,,
ErikTheElectric,Eating The 12 UNHEALTHIEST Ice Cream Pints in America!,https://www.youtube.com/watch?v=rj20UAcwvzI,2021-06-19,mid,mixed/unknown,unknown,548675,21077,1058,,
ErikTheElectric,"I Did A 10,000+ Calorie Challenge EVERY DAY.. For 10 Days In a Row!",https://www.youtube.com/watch?v=Nv8b3lKmr-M,2021-06-12,mid,mixed/unknown,super extreme,5308419,141936,3251,000 calories every day for 10 days in a row,10000
ErikTheElectric,Each Like On My Last Video = 1 Calorie I HAVE To Eat..,https://www.youtube.com/watch?v=et8T708iq-k,2021-06-05,mid,mixed/unknown,extreme,503668,29408,606,1 calorie i have to eat; 1 calorie i have to eat,
ErikTheElectric,"The Cinnabon OVERLOAD! (15,000+ Calorie Food Challenge)",https://www.youtube.com/watch?v=p0vveYFEkbI,2021-05-29,mid,mixed/unknown,super extreme,869292,37824,1612,000 calories of cinnabon in one food challenge,15000
ErikTheElectric,The $100 McDonalds Breakfast Platter Challenge!,https://www.youtube.com/watch?v=Jul-yRJVTkQ,2021-05-22,mid,mixed/unknown,extreme,1622927,48663,1953,,
ErikTheElectric,"The 100 Krispy Kreme Donut Challenge! (19,000+ Calories)",https://www.youtube.com/watch?v=UZH3PeSj6eA,2021-05-15,mid,dessert/sweets,extreme,1692958,46645,2261,,
ErikTheElectric,"The ULTIMATE ""All You Can Eat"" Rib Eating Challenge!",https://www.youtube.com/watch?v=7oCU199ktWg,2021-05-08,mid,mixed/unknown,extreme,785434,34427,1495,,
ErikTheElectric,Eating The World's UNHEALTHIEST Bowl Of Cereal!,https://www.youtube.com/watch?v=y30XhCGXFts,2021-05-01,mid,mixed/unknown,unknown,647301,23599,1267,,
ErikTheElectric,Eating EVERYTHING On The Whataburger Menu!,https://www.youtube.com/watch?v=um9zsa1kXX8,2021-04-24,mid,burger,super extreme,891756,29328,1230,,
ErikTheElectric,Electric Eats The World | The Colossus Pizza Challenge (Episode #1),https://www.youtube.com/watch?v=zFdES7tQUnY,2021-04-17,mid,pizza,extreme,1306215,50192,2719,,
ErikTheElectric,Eating DOUBLE My Height In Subway Foot Longs!,https://www.youtube.com/watch?v=4Pdnf0hjjIY,2021-04-10,mid,mixed/unknown,unknown,635234,23820,982,,
ErikTheElectric,Eating The World's BIGGEST Chocolate Reeses Egg!,https://www.youtube.com/watch?v=RAl3ct1k4Wc,2021-04-03,mid,mixed/unknown,super extreme,481914,25614,839,,
ErikTheElectric,Eating The BIGGEST Fast Food Chicken Sandwich In America!,https://www.youtube.com/watch?v=ji4TXVNGwic,2021-03-27,mid,fried chicken,super extreme,469278,19304,1125,,
ErikTheElectric,Eating The 30 UNHEALTHIEST Foods In The World In 24 Hours!,https://www.youtube.com/watch?v=dR5R9MvOnFs,2021-03-20,mid,mixed/unknown,unknown,3083022,71632,2212,,
ErikTheElectric,"Eating 12,000+ Calories of ONLY Gold Food!",https://www.youtube.com/watch?v=UOitW49pg3w,2021-03-13,mid,mixed/unknown,extreme,400534,19218,864,,
ErikTheElectric,I Ate As Many Carbs AS POSSIBLE In 60 Minutes! (And THIS Happened),https://www.youtube.com/watch?v=n1qiTgsFm6c,2021-03-06,mid,mixed/unknown,unknown,698293,35273,1145,,
ErikTheElectric,Eating The 10 UNHEALTHIEST Secret Menu Fast Food Items!,https://www.youtube.com/watch?v=YHL9izAsKCk,2021-02-27,mid,fast food/mixed,unknown,2682852,67224,1844,,
ErikTheElectric,Retrying The ONLY Food Challenge I've Ever Failed Twice!,https://www.youtube.com/watch?v=rjwWo6i5EHg,2021-02-20,mid,mixed/unknown,extreme,1990591,74130,2246,,
ErikTheElectric,Letting My Girlfriend Choose EVERYTHING I Eat For Valentines Day!,https://www.youtube.com/watch?v=FyLzxa0iq20,2021-02-13,mid,fast food/mixed,super extreme,978961,36680,2116,,
ErikTheElectric,Eating The World's UNHEALTHIEST Tray of Nachos!,https://www.youtube.com/watch?v=bAwruoFn-qc,2021-02-06,mid,mixed/unknown,unknown,766445,29420,1349,,
ErikTheElectric,"Eating 10,000 Calories WHILE Running A Marathon!",https://www.youtube.com/watch?v=yPnP3tuqwvQ,2021-01-30,mid,mixed/unknown,super extreme,348252,17357,1002,000 calories while running a marathon; 000 calories while running a full marathon; 10000calories #marathon ; 000 calories of food while running a marathon,10000
ErikTheElectric,Eating 2x The World's Strongest Man's Diet.. in ONE DAY!,https://www.youtube.com/watch?v=5SMAkeU_tHM,2021-01-23,mid,mixed/unknown,unknown,6195515,137884,4266,,
ErikTheElectric,Eating EVERY ITEM On The McDonalds Menu!,https://www.youtube.com/watch?v=s1hOKosHX6c,2021-01-16,mid,fast food/mixed,unknown,5149460,123581,6883,,
ErikTheElectric,Trying To Eat 15 DAYS Worth of Protein in 1 HOUR!,https://www.youtube.com/watch?v=YmabxZ83SyU,2021-01-09,mid,mixed/unknown,unknown,2694448,68340,1762,,
ErikTheElectric,"Eating 1,000 Calories For Every Pound I Gained Over The Holidays..",https://www.youtube.com/watch?v=gucCTnApC5E,2021-01-03,mid,mixed/unknown,moderate,606190,24274,1616,000 calories for every pound i gained over the holidays; 000 calories for every pound that i gained over the holidays; 000 calories for every pound that i gained over the 2020 holiday season,1000
ErikTheElectric,Eating EVERYTHING On The Mr. Beast Burger Menu!,https://www.youtube.com/watch?v=zFfaJC8-IQw,2020-12-28,mid,burger,super extreme,1509465,66262,2204,,
ErikTheElectric,"THE 70,000 CALORIE CHALLENGE! (HOLIDAY EDITION)",https://www.youtube.com/watch?v=_E9Xyi80IyU,2020-12-22,mid,mixed/unknown,super extreme,6326481,120551,6624,000 calorie challenge; 000 calorie challenge; 000 calories in record time (48 hours) by any means possible; 000 calories in this video,70000
ErikTheElectric,Eating The World's UNHEALTHIEST Christmas Cookie!,https://www.youtube.com/watch?v=ai_xddiLGMQ,2020-12-17,mid,mixed/unknown,unknown,366536,17011,1126,,
ErikTheElectric,"15,000+ Calorie Ferrero Rocher Chocolate Challenge!",https://www.youtube.com/watch?v=xZsxUBQlUKo,2020-12-10,mid,mixed/unknown,extreme,620753,25873,1326,,
ErikTheElectric,Eating The TOP 10 MOST EXPENSIVE Fast Food Menu Items!,https://www.youtube.com/watch?v=jvW1OnMcjZE,2020-12-03,mid,fast food/mixed,super extreme,1418485,41996,1230,000 calories minimum in next week’s food challenge,15000
ErikTheElectric,"THE ULTIMATE AMERICAN THANKSGIVING CHEAT DAY! (35,000+ CALORIES)",https://www.youtube.com/watch?v=BG6memKtf5E,2020-11-25,mid,mixed/unknown,extreme,1927509,54684,1778,,
ErikTheElectric,"I Tried To Eat 20,000+ Calories & BIKE 200 Miles in One Day!",https://www.youtube.com/watch?v=EDCVgj3Y93o,2020-11-19,mid,mixed/unknown,super extreme,802929,32060,2025,10 oz each) and 4 top sirloins (6 oz each) in your first butcherbox order; 000 calories and riding 200 miles is no easy task,20000
ErikTheElectric,"12,000+ Calorie Michael Phelps Diet Challenge..DOUBLED!",https://www.youtube.com/watch?v=9zJzH32aZjY,2020-11-12,mid,mixed/unknown,super extreme,1466273,56358,2163,000 calorie michael phelps diet challenge,12000
ErikTheElectric,EPIC Food Challenge In My NEW HOUSE!,https://www.youtube.com/watch?v=XqmB4irnfXk,2020-11-05,mid,mixed/unknown,extreme,627768,27375,1262,,
ErikTheElectric,"I Tried To Eat 1,000+ Pieces of Halloween Candy in 1 HOUR!",https://www.youtube.com/watch?v=TDhBQ28Htcc,2020-10-29,mid,mixed/unknown,unknown,421948,19471,1236,1000 pieces of halloween candy in one sitting,
ErikTheElectric,I Ate The UNHEALTHIEST Death Row LAST MEAL Requests!,https://www.youtube.com/watch?v=jEwPGwvuzCE,2020-10-22,mid,mixed/unknown,unknown,667817,31945,1127,,
ErikTheElectric,The Food Challenge I NEVER Should've Tried..,https://www.youtube.com/watch?v=--vEBObrMj8,2020-10-15,mid,mixed/unknown,super extreme,2109340,65438,1830,10000calories ; 000 calories of food out of greg doucette's cookbook,10000
ErikTheElectric,The ULTIMATE Dragon Ball Z Calorie Challenge!,https://www.youtube.com/watch?v=G1TWcXNUW_E,2020-10-08,mid,mixed/unknown,super extreme,568936,29043,1721,000 calories of food,13000
ErikTheElectric,I Tried To Eat EVERY PIZZA On The Dominos Menu!,https://www.youtube.com/watch?v=MtY6rZbqlU4,2020-10-01,mid,pizza,super extreme,2763334,84336,3082,000 calories,20000
ErikTheElectric,"I Ate 5,000 Calories of Donuts Every Day FOR A WEEK! (And THIS happened!)",https://www.youtube.com/watch?v=7ZcY0SLPODM,2020-09-23,mid,dessert/sweets,extreme,1569561,46461,2676,000 calories of donuts every day for a week; 000 calories of donuts a day for a week; 000 calories of donuts every day for an entire week,5000
ErikTheElectric,The ULTIMATE Travis Scott McDonalds Meal Challenge!,https://www.youtube.com/watch?v=k8xxuImgRpE,2020-09-15,mid,mixed/unknown,extreme,673450,28297,1230,,
ErikTheElectric,"I Tried To Eat 10,000 Calories of Fruit in ONE HOUR!",https://www.youtube.com/watch?v=rRBPkL4wAV8,2020-09-09,mid,mixed/unknown,super extreme,681826,28518,1362,000 calories of fruit in one hour; 000 calories of fruit in one hour; 000 calories of fruit,10000
ErikTheElectric,"I Ate 27,000 CALORIES For My 27th BIRTHDAY!",https://www.youtube.com/watch?v=M12L25VIIp0,2020-09-01,mid,mixed/unknown,super extreme,2270740,68941,4162,000 calories for my 27th birthday; 000 calories for my 27th birthday; 700 calories,27000
ErikTheElectric,Eating the TOP 10 HIGHEST CALORIE Fast Food Items!,https://www.youtube.com/watch?v=9Ya6suCRDpE,2020-08-26,mid,mixed/unknown,extreme,2787947,76799,2572,,
ErikTheElectric,I Ate The WORLD'S BIGGEST Bowl of CINNAMON TOAST CRUNCH!,https://www.youtube.com/watch?v=yvoT_BzUvbs,2020-08-20,mid,mixed/unknown,super extreme,546763,24125,1718,,
ErikTheElectric,"I Tried To EAT and BURN 10,000 Calories in 24 HOURS!",https://www.youtube.com/watch?v=GoL3Uj3yjqs,2020-08-13,mid,mixed/unknown,super extreme,2087975,80834,2715,000 calories in 24 hours; 000 calories in 24 hours; 10000calories ; 000 calories… while also burning calories in the same 24 hour span,10000
ErikTheElectric,I Ate The World's UNHEALTHIEST Ice Cream Sundae!,https://www.youtube.com/watch?v=qHsIlm2P2Qo,2020-08-06,mid,mixed/unknown,unknown,1981966,73855,4353,,
ErikTheElectric,"I HAD To Eat 1,000 Calories EVERY TIME I Missed a Free Throw!",https://www.youtube.com/watch?v=nY2h4LM9uWY,2020-07-30,mid,mixed/unknown,moderate,482132,21830,1689,000 calories every time i missed a free throw; 000 calories every time i missed a free throw; 000 calories,1000
ErikTheElectric,"I Ate 5,000 Calories of McDonalds a DAY For a WEEK! (And THIS Happened)",https://www.youtube.com/watch?v=QhTi4zJRlbk,2020-07-23,mid,mixed/unknown,extreme,4264885,122498,5950,000 calories of mcdonalds a day for a week; 000 calories of mcdonalds a day for a week; 000 calories of mcdonalds every day for an entire week,5000
ErikTheElectric,I LET FAST FOOD WORKERS PICK MY FOOD CHALLENGE!,https://www.youtube.com/watch?v=9JSa0F0MLbY,2020-07-16,mid,mixed/unknown,extreme,1267459,44632,2017,,
ErikTheElectric,I Tried To Eat THE ROCK'S HIGHEST CALORIE Cheat Meals!,https://www.youtube.com/watch?v=f-gjK32QnuU,2020-07-09,mid,mixed/unknown,extreme,4051006,127738,3566,,
ErikTheElectric,I Tried to Eat a FIFTY TOPPING PIZZA!,https://www.youtube.com/watch?v=dV9-DD1M2lM,2020-07-02,mid,pizza,large,528748,29026,1716,,
ErikTheElectric,Eating EVERYTHING I TOUCH In a Grocery Store!,https://www.youtube.com/watch?v=vCX2jJ7lFjY,2020-06-25,mid,fast food/mixed,super extreme,1828077,59172,2088,,
ErikTheElectric,HOW I Gained 30 POUNDS In ONE DAY!,https://www.youtube.com/watch?v=udFGseLWq-k,2020-06-18,mid,mixed/unknown,unknown,440085,24107,795,30 pounds in one day; 30 pounds in one day; 30lbs in one day,
ErikTheElectric,I Tried To Gain 30 POUNDS in ONE DAY!,https://www.youtube.com/watch?v=MvEer64BWa4,2020-06-11,mid,mixed/unknown,unknown,3117090,102016,5090,30 pounds in one day; 30 pounds in one day; 30 pounds in 1 day,
ErikTheElectric,The Shake Shack PIZZA BURGER Challenge!,https://www.youtube.com/watch?v=2VJx0hyPmEE,2020-06-04,mid,burger,extreme,1296079,48228,1553,,
ErikTheElectric,"I Ate Like I Was OBESE AGAIN! (23,000+ Calorie Cheat Day)",https://www.youtube.com/watch?v=Ubc8kJXl8ig,2020-05-28,mid,mixed/unknown,extreme,4327445,115540,4743,,
ErikTheElectric,THE ULTIMATE AMERICAN BBQ CHALLENGE!,https://www.youtube.com/watch?v=qwN12wbNQdE,2020-05-21,mid,mixed/unknown,extreme,3044251,71359,2563,,
ErikTheElectric,"$3,500 McDonalds Challenge..DOUBLED!",https://www.youtube.com/watch?v=reO_vv6YYpI,2020-05-15,mid,mixed/unknown,extreme,3032646,74937,3871,,
ErikTheElectric,"EATING 1,000 CALORIES EVERY TIME I BLINK!",https://www.youtube.com/watch?v=KmRma317Iao,2020-05-09,mid,mixed/unknown,moderate,583649,24741,1330,000 calories every time i blink; 000 calories every time i blink,1000
ErikTheElectric,THE WHEEL OF MISFORTUNE FOOD CHALLENGE!,https://www.youtube.com/watch?v=eoWccG0Usdc,2020-05-03,mid,mixed/unknown,extreme,334030,16004,1848,,
ErikTheElectric,Eating the WORLD'S BIGGEST SUGAR CUBE!,https://www.youtube.com/watch?v=3FGnmvfeyeA,2020-04-27,mid,mixed/unknown,super extreme,1186010,49379,4882,000 calories in one sitting of pure sugar,20000
ErikTheElectric,I tried to gain 20 POUNDS in ONE HOUR!,https://www.youtube.com/watch?v=gs1DR5imOIM,2020-04-21,mid,mixed/unknown,unknown,1099222,48903,1672,20 pounds in one hour; 20 pounds in one hour; 20 pounds in one hour,
ErikTheElectric,"GIANT 10 POUND INDIAN CURRY CHALLENGE! (10,000+ CALORIES)",https://www.youtube.com/watch?v=3EqmzOvt3-I,2020-04-15,mid,mixed/unknown,super extreme,483864,19357,1887,10 pound indian curry challenge; 10 pound indian curry challenge; 000 calorie indian food challenge in this video,10000
ErikTheElectric,THIS 100 MILE BIKE RIDE & 13K CHALLENGE GOT TO ME!,https://www.youtube.com/watch?v=qBVreITHa9U,2020-04-09,mid,mixed/unknown,super extreme,609081,24924,1449,100 calories more than the starting amount (which was 13; 000 calories),13000
ErikTheElectric,"13,000 CALORIE CHIPOTLE CHALLENGE! ($100 CHALLENGE)",https://www.youtube.com/watch?v=RngrCKgN3cU,2020-04-02,mid,mixed/unknown,super extreme,1838396,45863,1684,000 calorie chipotle challenge; 000 calorie chipotle challenge,13000
ErikTheElectric,"10,000+ CALORIE CHINESE TAKEOUT MENU CHALLENGE!",https://www.youtube.com/watch?v=yuF1164xvG0,2020-03-27,mid,fast food/mixed,extreme,1080683,33351,2107,,
ErikTheElectric,"15,000 CALORIES IN 15 MINUTES! (EPIC FOOD CHALLENGE)",https://www.youtube.com/watch?v=t-dhkPWjQ18,2020-03-21,mid,mixed/unknown,super extreme,596995,31597,1575,000 calories in 15 minutes; 000 calories in 15 minutes; 000 calories,15000
ErikTheElectric,I ATE ONLY GREEN FOOD FOR SAINT PATRICKS DAY!,https://www.youtube.com/watch?v=dx_ihCRiJ50,2020-03-16,mid,mixed/unknown,super extreme,425064,16345,1237,000 calories of craziness,10000
ErikTheElectric,"I LET MY SUBSCRIBERS PICK MY 10,000 CALORIE CHALLENGE!",https://www.youtube.com/watch?v=Rv1_2hRfnug,2020-03-11,mid,mixed/unknown,super extreme,419264,15894,1088,000 calorie challenge; 000 calorie challenge,10000
ErikTheElectric,THE ULTIMATE ENGLISH BREAKFAST CHALLENGE!,https://www.youtube.com/watch?v=qCMkjJO7jJ4,2020-03-06,mid,mixed/unknown,extreme,2287021,57458,3522,,
ErikTheElectric,"13,000+ CALORIE BAKED GOOD CHALLENGE!",https://www.youtube.com/watch?v=WPmE_-O8rrU,2020-02-29,mid,mixed/unknown,extreme,1527503,39433,1479,,
ErikTheElectric,Eating EVERYTHING In A Vending Machine!,https://www.youtube.com/watch?v=my95FauTwSw,2020-02-23,mid,fast food/mixed,super extreme,2702188,75701,2269,,
ErikTheElectric,I TRIED TO EAT EVERY DONUT AT KRISPY KREME!,https://www.youtube.com/watch?v=OZyaz7w26JY,2020-02-17,mid,dessert/sweets,unknown,1263850,37377,2164,,
ErikTheElectric,"13,000+ CALORIE BURGER KING CHALLENGE! (100$ CHALLENGE)",https://www.youtube.com/watch?v=n9znN25iQZs,2020-02-11,mid,burger,extreme,1693012,45145,2599,,
ErikTheElectric,THE KOBE BRYANT DIET CHALLENGE! (FOOD CHALLENGE TRIBUTE),https://www.youtube.com/watch?v=nOztW6SAZyI,2020-02-05,mid,mixed/unknown,extreme,580998,25075,1590,32oz grass-fed beef; 16oz kombucha ; 32oz powerade zero sugar ,
ErikTheElectric,"THE ALL AMERICAN SUPER BOWL CHEAT MEAL! (13,000+ CALORIES)",https://www.youtube.com/watch?v=05SfoMRlkzE,2020-01-31,mid,mixed/unknown,extreme,831967,26682,1414,,
ErikTheElectric,THE SUPERCHARGED IHOP MENU CHALLENGE! (MAN VS  BREAKFAST),https://www.youtube.com/watch?v=6JvmS5d6Qgg,2020-01-25,mid,fast food/mixed,extreme,512691,16953,1385,,
ErikTheElectric,"I ATE THE UNHEALTHIEST DISHES AT THE CHEESECAKE FACTORY! (18,000+ CALORIES)",https://www.youtube.com/watch?v=Ui4dgd40sYA,2020-01-20,mid,dessert/sweets,extreme,1105005,45849,1943,,
ErikTheElectric,"THE JANUARY CARB COLLECTION! (8,000+ CALORIE FOOD CHALLENGE)",https://www.youtube.com/watch?v=tk-1kf7Q8uM,2020-01-14,mid,mixed/unknown,extreme,357668,13239,972,,
ErikTheElectric,"THE PIZZA OVERLOAD CHALLENGE! (15,000+ CALORIES)",https://www.youtube.com/watch?v=i0Q3NYwadqI,2020-01-08,mid,pizza,extreme,1214038,34360,2531,,
ErikTheElectric,"THE NEW YEARS RESOLUTION DIET CHALLENGE! (10,000+ CALORIES)",https://www.youtube.com/watch?v=jr_j7h-VPYo,2020-01-02,mid,mixed/unknown,super extreme,447987,17236,1350,10000calories ,10000
ErikTheElectric,"I ATE EVERYTHING I WANTED FOR CHRISTMAS! (30,000+ CALORIE CHEAT DAY)",https://www.youtube.com/watch?v=wkUtXCZqSbc,2019-12-23,mid,fast food/mixed,super extreme,2896953,48115,2386,,
ErikTheElectric,"THE CHRISTMAS CARB COLLECTION! (8,000+ CALORIES)",https://www.youtube.com/watch?v=NtR5uBk5OEI,2019-12-18,mid,mixed/unknown,extreme,610362,19629,1055,,
ErikTheElectric,My Last Challenge...,https://www.youtube.com/watch?v=sLhOP6VnPFM,2019-12-14,mid,mixed/unknown,extreme,637238,29641,3723,,
ErikTheElectric,"THE 150 COOKIES AND MILK CHALLENGE! (13,000+ CALORIES)",https://www.youtube.com/watch?v=Wfeqx6_p0HU,2019-12-08,mid,mixed/unknown,extreme,652955,21636,1440,,
ErikTheElectric,"THE SUPERCHARGED STARBUCKS MENU CHALLENGE! (10,000+ CALORIES)",https://www.youtube.com/watch?v=io0BaTwymFA,2019-12-02,mid,fast food/mixed,super extreme,1015938,30092,1887,10000calories ,10000
ErikTheElectric,"THE ULTIMATE AMERICAN THANKSGIVING CHEAT MEAL! (16,000+ CALORIES)",https://www.youtube.com/watch?v=E6hnbcovmCk,2019-11-26,mid,mixed/unknown,extreme,788015,25485,1564,,
ErikTheElectric,"WORLD’S BIGGEST BOWL OF CHEETOS! (25,000 CALORIE FOOD CHALLENGE)",https://www.youtube.com/watch?v=VDmCvClUXEk,2019-11-21,mid,mixed/unknown,super extreme,884469,29298,1622,000 calorie food challenge) “world’s biggest bowl of cheetos; 000 calorie food challenge)“,25000
ErikTheElectric,"THE $125 FIVE GUYS MENU CHALLENGE! (11,000+ CALORIES)",https://www.youtube.com/watch?v=gDCZLyJli2k,2019-11-16,mid,fast food/mixed,extreme,1722026,43807,2135,,
ErikTheElectric,"THE ULTIMATE COLLEGE STUDENT DIET CHALLENGE! (12,000+ CALORIES)",https://www.youtube.com/watch?v=Kka9Ofm87HM,2019-11-10,mid,mixed/unknown,extreme,1256055,33983,1463,,
ErikTheElectric,"I ATE THE BIGGEST MAC N' CHEESE BURGER IN AMERICA! (10,000+ CALORIES)",https://www.youtube.com/watch?v=KjHxrOK4xnA,2019-11-04,mid,burger,super extreme,523852,16499,1086,,
ErikTheElectric,"THE HALLOWEEN CANDY OVERLOAD CHALLENGE! (13,000+ CALORIES)",https://www.youtube.com/watch?v=YfJf9VcGF64,2019-10-29,mid,mixed/unknown,extreme,461830,18554,1561,,
ErikTheElectric,"I LET MY INSTAGRAM FOLLOWERS PICK MY FOOD CHALLENGE! (12,000+ CALORIES)",https://www.youtube.com/watch?v=JH-bkfTNexs,2019-10-23,mid,mixed/unknown,super extreme,849586,26040,2811,000 calorie challenge: https://www,100000
ErikTheElectric,"I ATE EVERYTHING I WANTED FOR A DAY! (ULTIMATE 25,000 CALORIE CHEAT DAY)",https://www.youtube.com/watch?v=61MLNFjtv7E,2019-10-17,mid,fast food/mixed,super extreme,2873036,69452,3066,000 calorie cheat day) “i ate everything i wanted for a day; 000 calorie cheat day)“; 000 calorie challenge: https://www,25000
ErikTheElectric,I ATE EVERY SUB ON THE SUBWAY MENU! (FULL MENU CHALLENGE),https://www.youtube.com/watch?v=sgM1JuE2EQA,2019-10-11,mid,fast food/mixed,extreme,2612713,68497,3133,,
ErikTheElectric,I ATE THE HOTTEST CHIP IN THE WORLD! (EXTREME SPICE CHALLENGE),https://www.youtube.com/watch?v=RbpSGSHLz_0,2019-10-06,mid,mixed/unknown,super extreme,324490,12977,552,000 calorie challenge: https://www,100000
ErikTheElectric,THE UNLIMITED CALORIE CHALLENGE!,https://www.youtube.com/watch?v=gOD5n4Yb00o,2019-09-30,mid,mixed/unknown,super extreme,10185835,194710,7735,000 calorie challenge: https://www; 000 calories that i eat,100000
ErikTheElectric,"THE ULTIMATE CHEESESTEAK CHEAT MEAL CHALLENGE! (18,000+ CALORIES)",https://www.youtube.com/watch?v=vn5rvBdgIM8,2019-09-25,mid,mixed/unknown,super extreme,620204,19472,1393,9 pounds of delicious cheesesteak and fries; 000 calorie challenge: https://www,100000
ErikTheElectric,"THE $100 POPEYES MENU CHALLENGE! (12,000+ CALORIES)",https://www.youtube.com/watch?v=jtgVUjmEotA,2019-09-19,mid,fast food/mixed,super extreme,1436862,36536,2328,000 calorie challenge: https://www,100000
ErikTheElectric,"THE SUPERCHARGED TIM HORTONS MENU CHALLENGE! (10,000+ CALORIES)",https://www.youtube.com/watch?v=Udfb-yiHozo,2019-09-13,mid,fast food/mixed,super extreme,759140,21482,1764,000 calorie challenge: https://www; 10000calories #timhortonschallenge,100000
ErikTheElectric,THE BIGGEST BREAKFAST IN CANADA! (MAN VS. FOOD),https://www.youtube.com/watch?v=HHZnJwmzwZA,2019-09-07,mid,mixed/unknown,super extreme,828033,23946,1365,5lb breakfast platter turned into the biggest breakfast in canada; 000 calorie challenge: https://www,100000
ErikTheElectric,I ATE EVERYTHING I WANTED FOR MY BIRTHDAY! (EPIC FOOD CHALLENGE),https://www.youtube.com/watch?v=-Fyc0ETExEc,2019-09-01,mid,fast food/mixed,super extreme,1224012,58285,4886,000 calorie challenge: https://www,100000
ErikTheElectric,"THE AUGUST CARB COLLECTION! (8,000+ CALORIES)",https://www.youtube.com/watch?v=Fa8dLEshldE,2019-08-26,mid,mixed/unknown,super extreme,470347,18571,1738,000 calorie challenge: https://www,100000
ErikTheElectric,"THE NUTELLA DONUT MOUNTAIN! (20,000+ CALORIES)",https://www.youtube.com/watch?v=TXRL5I1eUQA,2019-08-20,mid,dessert/sweets,super extreme,674801,22949,1121,000 calorie challenge: https://www,100000
ErikTheElectric,"I LET MY GIRLFRIEND PICK MY 10,000 CALORIE CHALLENGE!",https://www.youtube.com/watch?v=YVWuLVOhEzI,2019-08-14,mid,mixed/unknown,super extreme,1502322,45394,2614,000 calorie challenge; 000 calorie challenge; 000 calorie challenge: https://www; 000 calorie challenge,10000
ErikTheElectric,"THE ENTIRE CHICK FIL A MENU CHALLENGE! (7,000+ CALORIES)",https://www.youtube.com/watch?v=rjiNEZzicoQ,2019-08-08,mid,fast food/mixed,super extreme,2077470,54108,3672,000 calorie challenge: https://www,100000
ErikTheElectric,"THE POPTART OVERLOAD CHALLENGE! (15,000+ CALORIES)",https://www.youtube.com/watch?v=d5YuVZ4XfYU,2019-08-02,mid,mixed/unknown,super extreme,947558,29738,3040,000 calorie challenge: https://www,100000
ErikTheElectric,"THE SUPERCHARGED RAISING CANES MENU CHALLENGE! (10,000+ CALORIES)",https://www.youtube.com/watch?v=o5zt_UAOCic,2019-07-27,mid,fast food/mixed,super extreme,4321543,76972,4717,000 calorie challenge: https://www; 10000calories ,100000
ErikTheElectric,"THE MCGRIDDLE MOUNTAIN CHALLENGE! (12,000+ CALORIES)",https://www.youtube.com/watch?v=X230-3KNJSw,2019-07-21,mid,mixed/unknown,super extreme,537620,19554,2195,000 calorie challenge: https://www; 10000calories ,100000
ErikTheElectric,"THE ULTIMATE WING CHALLENGE! (8,000+ CALORIES)",https://www.youtube.com/watch?v=hl1VZWBDFGk,2019-07-15,mid,mixed/unknown,super extreme,892200,27261,2465,000 calorie challenge: https://www,100000
ErikTheElectric,"I ATE EVERYTHING I WANTED FOR 1 HOUR! (20,000+ CALORIES)",https://www.youtube.com/watch?v=8UbIbLKpqIw,2019-07-08,mid,fast food/mixed,super extreme,1512579,46779,3682,000 calorie challenge: https://www; 20000calories; 000 calories,100000
ErikTheElectric,"THE ALL AMERICAN 4TH OF JULY FOOD CHALLENGE! (10,000+ CALORIES)",https://www.youtube.com/watch?v=tItMKmJU0DI,2019-07-02,mid,mixed/unknown,super extreme,793865,25071,1589,000 calorie challenge: https://www; 10000calories ,100000
ErikTheElectric,"THE ULTIMATE MRE (MEAL READY TO EAT) FOOD CHALLENGE! (11,000+ CALORIES)",https://www.youtube.com/watch?v=9NNT4UETRhI,2019-06-28,mid,mixed/unknown,super extreme,411237,14783,1433,000 calorie challenge: https://www,100000
ErikTheElectric,"THE SUPERCHARGED JOLLIBEE MENU CHALLENGE! (10,000+ CALORIES)",https://www.youtube.com/watch?v=OCzuiORI2lI,2019-06-22,mid,fast food/mixed,super extreme,2043899,52339,3501,000 calorie challenge: https://www; 10000calories ,100000
ErikTheElectric,"THE JUNE CARB COLLECTION! (9,000+ CALORIES)",https://www.youtube.com/watch?v=hyRvbOt9OoE,2019-06-16,mid,mixed/unknown,super extreme,532615,24532,1403,000 calorie challenge: https://www,100000
ErikTheElectric,LETTING 15 PEOPLE IN FRONT OF ME DECIDE WHAT I EAT! (FAST FOOD CHALLENGE),https://www.youtube.com/watch?v=hXD6wikYmHM,2019-06-09,mid,mixed/unknown,super extreme,2842129,86341,3051,000 calorie challenge: https://www,100000
ErikTheElectric,"THE ALL AMERICAN BREAKFAST CHALLENGE! (7,000+ CALORIES)",https://www.youtube.com/watch?v=yz1JOEP1zlg,2019-06-03,mid,mixed/unknown,super extreme,662742,21690,2366,000 calorie challenge: https://www,100000
ErikTheElectric,"THE HOSTESS OVERLOAD CHALLENGE! (16,000+ CALORIES)",https://www.youtube.com/watch?v=CEpeo19Rhsk,2019-05-27,mid,mixed/unknown,super extreme,1498941,38548,4145,000 calorie challenge: https://www,100000
ErikTheElectric,"THE ENTIRE COSTCO FOOD COURT MENU CHALLENGE! (11,000+ CALORIES)",https://www.youtube.com/watch?v=qzDdP72VzxQ,2019-05-21,mid,fast food/mixed,super extreme,2829414,63761,3959,000 calorie challenge: https://www,100000
ErikTheElectric,"THE EVERYTHING GUMMY FOOD CHALLENGE! (10,000+ CALORIES)",https://www.youtube.com/watch?v=vbXwtGaPnAQ,2019-05-16,mid,fast food/mixed,super extreme,1019435,32882,2826,000 calorie challenge: https://www; 10000calories ,100000
ErikTheElectric,"COMPETITIVE EATER VS  #1 RATED LAS VEGAS BUFFET! (18,000+ CALORIES)",https://www.youtube.com/watch?v=BtG7uzw-yhM,2019-05-10,mid,mixed/unknown,super extreme,1443523,30515,1621,000 calorie challenge: https://www,100000
ErikTheElectric,"THE SUPERCHARGED SONIC MENU CHALLENGE! (9,000+ CALORIES)",https://www.youtube.com/watch?v=p1QbH-SKbN8,2019-05-04,mid,fast food/mixed,super extreme,1337949,33608,2997,000 calorie challenge: https://www,100000
ErikTheElectric,"I ATE THE MOST UNHEALTHY BURGER IN AMERICA! (20,000+ CALORIES)",https://www.youtube.com/watch?v=cghnKGVApbI,2019-04-28,mid,burger,super extreme,2418965,57458,2653,000 calorie challenge: https://www,100000
ErikTheElectric,"THE APRIL CARB COLLECTION! (10,000+ CALORIES)",https://www.youtube.com/watch?v=4Uf8e7w73gA,2019-04-24,mid,mixed/unknown,super extreme,621808,20302,1999,000 calorie challenge: https://www; 10000calories ,100000
ErikTheElectric,"THE ULTIMATE EASTER DESSERT CHALLENGE! (15,000+ CALORIES)",https://www.youtube.com/watch?v=d4OlaAttnt4,2019-04-18,mid,dessert/sweets,super extreme,780181,24714,2148,000 calorie challenge: https://www,100000
ErikTheElectric,"THE ALL AMERICAN CHEAT MEAL CHALLENGE (25,000+ CALORIES)",https://www.youtube.com/watch?v=p1qu1o8-BK0,2019-04-11,mid,mixed/unknown,super extreme,3530293,81261,3525,4lb burger; 000 calorie challenge: https://www,100000
ErikTheElectric,"THE $100 KFC MENU CHALLENGE! (12,000+ CALORIES)",https://www.youtube.com/watch?v=DgQPu_SviXY,2019-04-06,mid,fried chicken,super extreme,3677506,82408,7574,000 calorie challenge: https://www,100000
ErikTheElectric,"THE ULTIMATE KETO DIET CHALLENGE! (8,000+ CALORIES)",https://www.youtube.com/watch?v=HNwaRMrT7e0,2019-03-31,mid,mixed/unknown,super extreme,801226,23623,2065,000 calorie challenge: https://www; 000 calories of keto food,100000
ErikTheElectric,"THE HERSHEY'S OVERLOAD CHALLENGE! (18,000+ CALORIES)",https://www.youtube.com/watch?v=4nzQ3zcML2o,2019-03-26,mid,mixed/unknown,super extreme,3315526,91437,7765,000 calorie challenge: https://www,100000
ErikTheElectric,"THE SUPERCHARGED ARBY'S MENU CHALLENGE! (10,000+ CALORIES)",https://www.youtube.com/watch?v=13qmEf-j_ec,2019-03-20,mid,fast food/mixed,super extreme,1166150,29110,2973,000 calorie challenge: https://www; 10000calories #superchargedmenuchallenge,100000
ErikTheElectric,"THE SAINT PATRICK'S DAY FOOD FEAST! (8,000+ CALORIES)",https://www.youtube.com/watch?v=qZIIZPWX2HQ,2019-03-14,mid,mixed/unknown,super extreme,381738,12385,2203,000 calorie challenge: https://www,100000
ErikTheElectric,"EATING EVERY CHEESECAKE AT THE CHEESECAKE FACTORY! (35,000+ CALORIES)",https://www.youtube.com/watch?v=hz12J5KBXjA,2019-03-07,mid,dessert/sweets,super extreme,1832797,57770,5259,000 calorie challenge: https://www; 30000calories ; 000 calories of sweetness,100000
ErikTheElectric,"THE ULTIMATE GIRL SCOUT COOKIE CHALLENGE! (14,000+ CALORIES)",https://www.youtube.com/watch?v=QKDM49Scvno,2019-02-28,mid,mixed/unknown,super extreme,364945,13659,1705,000 calorie challenge: https://www,100000
ErikTheElectric,"THE MCKRISPY KREME SUPERSTACK BURGER CHALLENGE! (10,000+ CALORIES)",https://www.youtube.com/watch?v=WGLWl9rIZeI,2019-02-23,mid,burger,super extreme,528525,16565,1850,000 calorie challenge: https://www; 10000calories ,100000
ErikTheElectric,"THE $100 TACO BELL MENU CHALLENGE! (12,000+ CALORIES)",https://www.youtube.com/watch?v=cCamlGc7QqE,2019-02-18,mid,taco/burrito,super extreme,2381856,54933,4533,000 calorie challenge: https://www,100000
ErikTheElectric,"THE VALENTINES DAY FAST FOOD FEAST! (15,000+ CALORIES)",https://www.youtube.com/watch?v=8kG6jAXLksI,2019-02-12,mid,mixed/unknown,super extreme,996004,28262,2328,000 calorie challenge: https://www,100000
ErikTheElectric,"THE FEBRUARY CARB COLLECTION CHALLENGE! (13,000+ CALORIES)",https://www.youtube.com/watch?v=5eNYdZiIwF0,2019-02-07,mid,mixed/unknown,super extreme,684527,20134,2211,000 calorie challenge: https://www,100000
ErikTheElectric,"THE BUFFALO WILD WINGS SUPER BOWL CHALLENGE! (15,000+ CALORIES)",https://www.youtube.com/watch?v=YnbOL8T5ziY,2019-02-02,mid,mixed/unknown,super extreme,953297,24676,2492,000 calorie challenge: https://www,100000
ErikTheElectric,"THE SUPERCHARGED POPEYES MENU CHALLENGE! (10,000+ CALORIES)",https://www.youtube.com/watch?v=3aCpEd4k_mc,2019-01-29,mid,fast food/mixed,super extreme,1704040,41785,3130,000 calorie challenge: https://www; 10000calories ,100000
ErikTheElectric,"THE $100 MCDONALDS MENU CHALLENGE! (12,000+ CALORIES)",https://www.youtube.com/watch?v=4WNL2q19FQE,2019-01-24,mid,fast food/mixed,super extreme,3541642,78196,10725,000 calorie challenge: https://www,100000
ErikTheElectric,"THE GREAT AMERICAN CEREAL SLAM CHALLENGE! (9,000+ CALORIES)",https://www.youtube.com/watch?v=m7UdjoSLbJw,2019-01-18,mid,mixed/unknown,super extreme,592760,18857,2065,000 calorie challenge: https://www,100000
ErikTheElectric,"THE WORLDS BIGGEST SUSHI CHALLENGE! (15,000+ CALORIES)",https://www.youtube.com/watch?v=O3de5uKJ4_8,2019-01-13,mid,mixed/unknown,super extreme,1055528,28246,2349,000 calorie challenge: https://www,100000
ErikTheElectric,"THE SUPERCHARGED DOMINOS MENU CHALLENGE! (12,000+ CALORIES)",https://www.youtube.com/watch?v=Z4OkNdKmFkM,2019-01-08,mid,fast food/mixed,super extreme,1495817,43978,4121,000 calorie challenge: https://www,100000
ErikTheElectric,"THE NEW YEARS CARB COLLECTION CHALLENGE! (10,000+ CALORIES)",https://www.youtube.com/watch?v=bUU6ALEYO1A,2019-01-03,mid,mixed/unknown,super extreme,686348,24719,2118,000 calorie challenge: https://www,100000
ErikTheElectric,"THE 2018 FAST FOOD W.O.W CHALLENGE! (7,000+ CALORIES)",https://www.youtube.com/watch?v=r_C3wv_4Nqo,2018-12-28,mid,mixed/unknown,super extreme,838487,29104,2008,000 calorie challenge: https://www,100000
ErikTheElectric,AS MANY CHRISTMAS CALORIES AS POSSIBLE CHALLENGE!,https://www.youtube.com/watch?v=RDiCcnnquSQ,2018-12-22,mid,mixed/unknown,super extreme,878350,27372,2395,1lb stollen slice  ► 1; 20 oz coke  ► 300 calories ; 000 calorie challenge: https://www; 720 calories ; 000 calories ,100000
ErikTheElectric,"THE ULTIMATE CHRISTMAS COOKIE CHALLENGE! (9,000+ CALORIES)",https://www.youtube.com/watch?v=KKrfF-ROSV4,2018-12-17,mid,mixed/unknown,super extreme,525102,17891,2052,000 calorie challenge: https://www,100000
ErikTheElectric,"THE HOLIDAY CARB COLLECTION CHALLENGE! (8,000+ CALORIES)",https://www.youtube.com/watch?v=8QJ8L5mapMs,2018-12-12,mid,mixed/unknown,super extreme,597626,22301,2004,000 calorie challenge: https://www,100000
ErikTheElectric,"THE REESES OVERLOAD CHALLENGE! (18,000+ CALORIES)",https://www.youtube.com/watch?v=a6BymoDZiCo,2018-12-07,mid,mixed/unknown,super extreme,5832794,130251,7088,000 calorie challenge: https://www,100000
ErikTheElectric,"THE $50 FAST FOOD CHALLENGE! (9,000+ CALORIES)",https://www.youtube.com/watch?v=evcyBtaqcr8,2018-12-01,mid,mixed/unknown,super extreme,1533722,33897,2720,000 calorie challenge: https://www,100000
ErikTheElectric,"THE SUPERCHARGED SUBWAY MENU CHALLENGE! (8,000+ CALORIES)",https://www.youtube.com/watch?v=fnQGC2e8qgo,2018-11-25,mid,fast food/mixed,super extreme,2493796,62865,4757,000 calorie challenge: https://www,100000
ErikTheElectric,"THE ULTIMATE FAST FOOD THANKSGIVING CHEAT DAY! (25,000+ CALORIES)",https://www.youtube.com/watch?v=3SCRgfB5ViA,2018-11-19,mid,mixed/unknown,super extreme,3756108,51134,3652,000 calorie challenge: https://www,100000
ErikTheElectric,THE ENTIRE IN-N-OUT MENU CHALLENGE! (FT. HELLTHYJUNKFOOD ),https://www.youtube.com/watch?v=vfW0mU1z-_U,2018-11-14,mid,fast food/mixed,super extreme,653548,17569,1317,000 calorie challenge: https://www,100000
ErikTheElectric,"THE WORLDS BIGGEST TACO CHALLENGE! (10,000+ CALORIES)",https://www.youtube.com/watch?v=Dh1oq7gHtcE,2018-11-09,mid,taco/burrito,super extreme,509776,16578,1182,000 calorie challenge: https://www,100000
ErikTheElectric,"THE FALL CARB COLLECTION! (12,000+ CALORIES)",https://www.youtube.com/watch?v=4e5fa7uSW9E,2018-11-03,mid,mixed/unknown,super extreme,890042,21100,1549,000 calorie challenge: https://www,100000
ErikTheElectric,"THE ULTIMATE HALLOWEEN CANDY CHALLENGE! (18,000+ CALORIES)",https://www.youtube.com/watch?v=o_E-foqp7kA,2018-10-28,mid,mixed/unknown,super extreme,854720,21808,2540,000 calorie challenge: https://www,100000
ErikTheElectric,"THE OREO OVERLOAD CHALLENGE! (16,000+ CALORIES)",https://www.youtube.com/watch?v=z7_zxDxy1eE,2018-10-23,mid,mixed/unknown,super extreme,3128302,71888,6212,000 calorie challenge: https://www,100000
ErikTheElectric,"THE SUPERCHARGED CHURCH'S CHICKEN MENU CHALLENGE! (12,000+ CALORIES)",https://www.youtube.com/watch?v=xWEHccFmHyg,2018-10-18,mid,fried chicken,super extreme,1071601,26906,2256,000 calorie challenge: https://www,100000
ErikTheElectric,"THE ULTIMATE ICE CREAM CANDY SUNDAE CHALLENGE! (13,000+ CALORIES)",https://www.youtube.com/watch?v=W7EVXLnVW0k,2018-10-13,mid,mixed/unknown,super extreme,787134,22119,1870,14lbs and almost 13; 000 calorie challenge: https://www; 000 calories,100000
ErikTheElectric,"THE TOKYO CANDY TROLLFEAST! (14,000+ CALORIES)",https://www.youtube.com/watch?v=FwHFTAQzNFA,2018-10-09,mid,mixed/unknown,super extreme,437783,15340,1183,000 calorie challenge: https://www; 000 calories of assorted candy and treats all the way from tokyo,100000
ErikTheElectric,"THE TREMENDOUS TACO FEAST! (9,000+ CALORIES)",https://www.youtube.com/watch?v=o0K-xy5lwWo,2018-10-04,mid,taco/burrito,super extreme,321231,10856,1003,000 calorie challenge: https://www,100000
ErikTheElectric,"THE ULTIMATE McPIZZA FAST FOOD CHALLENGE! (15,000+ CALORIES)",https://www.youtube.com/watch?v=XlQkPFCqAQo,2018-09-29,mid,pizza,super extreme,1613721,53250,3173,000 calorie challenge: https://www; 000 calories of deliciousness,100000
ErikTheElectric,"The Monster UNDERTAKER Sub Sandwich Challenge! (10,000+ Calories)",https://www.youtube.com/watch?v=tEs6nK0wVZ8,2018-09-25,mid,mixed/unknown,super extreme,341409,11109,455,7lbs of roast beef; 000 calorie challenge: https://www,100000
ErikTheElectric,"THE SUPERCHARGED WHATABURGER MENU CHALLENGE! (12,000+ CALORIES)",https://www.youtube.com/watch?v=Hu2ebaivOAo,2018-09-21,mid,burger,super extreme,1107995,29189,2420,000 calorie challenge: https://www; 000 calories of burgers and fries,100000
ErikTheElectric,"THE ULTIMATE CINNAMON TOAST CRUNCH PANCAKE CHALLENGE! (15,000+ CALORIES)",https://www.youtube.com/watch?v=vHSKGlABJvw,2018-09-17,mid,dessert/sweets,super extreme,718509,20605,697,12lbs of cinnamon toast crunch pancakes; 000 calorie challenge: https://www,100000
ErikTheElectric,"WORLD'S LARGEST DELI SANDWICH! (12,000+ CALORIES)",https://www.youtube.com/watch?v=Sy7IpNjRpFM,2018-09-13,mid,mixed/unknown,super extreme,541181,18073,1084,6lbs of meat; 2lbs of bread; 2lbs of cheese and all of the additional fixings (mayo; 12lbs; 000 calorie challenge: https://www,100000
ErikTheElectric,"The Ultimate Texas Cheat Meal! (14,000+ Calories)",https://www.youtube.com/watch?v=111B8CpnY14,2018-09-07,mid,mixed/unknown,super extreme,525443,15601,1117,000 calorie challenge: https://www,100000
ErikTheElectric,"The Birthday Carb Collection Challenge! (17,000+ Calories)",https://www.youtube.com/watch?v=j_WehCj1iYY,2018-09-01,mid,mixed/unknown,super extreme,1089362,48032,4104,000 calorie challenge: https://www,100000
ErikTheElectric,"THE BIG A$$ TEXAS PIZZA CHALLENGE! (16,000+ CALORIES)",https://www.youtube.com/watch?v=zOjkuDf2k_s,2018-08-29,mid,pizza,super extreme,623858,17775,1066,000 calorie challenge: https://www,100000
ErikTheElectric,"THE DELICIOUS DOUGHNUT DATE! (15,000+ CALORIES)",https://www.youtube.com/watch?v=G1Bc4oWQzPY,2018-08-26,mid,mixed/unknown,super extreme,605234,19814,1565,000 calorie challenge: https://www,100000
ErikTheElectric,"THE BIG TEXAN 72oz STEAK CHALLENGE! (7,000+ CALORIES)",https://www.youtube.com/watch?v=RuzKPT1Z_pE,2018-08-21,mid,mixed/unknown,super extreme,881479,24443,1352,72oz steak challenge; 72oz steak challenge; 72oz steak challenge; 72oz of delicious steak; 000 calorie challenge: https://www,100000
ErikTheElectric,"THE MONSTER TEXAS CHEESESTEAK CHALLENGE! (15,000+ CALORIES)",https://www.youtube.com/watch?v=VMCdBRRBbN8,2018-08-17,mid,mixed/unknown,super extreme,2056939,36515,1319,6lbs with 1lb of fries; 000 calorie challenge: https://www; 10000calories,100000
ErikTheElectric,"THE TREMENDOUS TAKIS PIZZA CHALLENGE (12,000+ CALORIES)",https://www.youtube.com/watch?v=66AtFUB41Pk,2018-08-11,mid,pizza,super extreme,856846,20561,1658,000 calories (without dessert at the end),12000
ErikTheElectric,"THE ULTIMATE FAST FOOD MUKBANG! (17,000+ CALORIES)",https://www.youtube.com/watch?v=LQXj9ubih_A,2018-08-05,mid,mixed/unknown,super extreme,1859124,40269,2006,10000calories ,10000
ErikTheElectric,THE 500g RAW BROCCOLI CHALLENGE! (MATT STONIE RESPONSE),https://www.youtube.com/watch?v=Cf6h985NvtY,2018-08-01,mid,mixed/unknown,extreme,277647,10790,1066,,
ErikTheElectric,"THE SUPERCHARGED CHIPOTLE MENU CHALLENGE (12,000+ CALORIES)",https://www.youtube.com/watch?v=L1C06_GYK4A,2018-07-26,mid,fast food/mixed,super extreme,1557243,36790,3505,000 calories of burritos,12000
ErikTheElectric,"THE ALL AMERICAN LIVE FOODSTREAM! (15,000+ CALORIES)",https://www.youtube.com/watch?v=CPjZk91O-tw,2018-07-22,mid,mixed/unknown,moderate,221616,4923,232,480 calories ; 240 calories ; 200 calories ; 500 calories ; 500 calories ,1480
ErikTheElectric,"THE ULTIMATE FOOD CHALLENGE DATE!  (15,000+ CALORIES)",https://www.youtube.com/watch?v=8RPY79193w0,2018-07-18,mid,mixed/unknown,extreme,1576623,51001,1982,1lb of cheese; 2lbs of fries,
ErikTheElectric,"THE JULY CARB COLLECTION! (14,000+ CALORIES)",https://www.youtube.com/watch?v=lUi3lb4BC0U,2018-07-13,mid,mixed/unknown,super extreme,820765,22999,1972,000 calories we have new items from oreo,14000
ErikTheElectric,"THE MONSTER ENCHILADA CHALLENGE! (8,000+ CALORIES)",https://www.youtube.com/watch?v=uGXeZqE0gks,2018-07-08,mid,mixed/unknown,extreme,324888,11702,808,6lbs of food,
ErikTheElectric,"THE GREAT AMERICAN 4TH OF JULY FEAST! (10,000+ CALORIES)",https://www.youtube.com/watch?v=wFnk-YzGzns,2018-07-02,mid,mixed/unknown,extreme,638964,21156,1774,,
ErikTheElectric,"THE SUPERCHARGED SHAKE SHACK MENU CHALLENGE! (11,000+ CALORIES)",https://www.youtube.com/watch?v=D_2UglPfuIA,2018-06-27,mid,fast food/mixed,extreme,1072469,31846,2962,,
ErikTheElectric,"THE WORLD'S BIGGEST SALAD CHALLENGE! (12,000+ CALORIES)",https://www.youtube.com/watch?v=dJ8T4zgOjDQ,2018-06-22,mid,mixed/unknown,super extreme,682109,19767,1954,,
ErikTheElectric,THE 2018 HWY 55 WORLD HAMBURGER EATING CONTEST!,https://www.youtube.com/watch?v=ivDSQK7cJww,2018-06-15,mid,burger,large,218175,7741,562,,
ErikTheElectric,"THE 100,000 CALORIE CHALLENGE AFTERMATH!",https://www.youtube.com/watch?v=Rs4Wxkt_UH4,2018-06-10,mid,mixed/unknown,super extreme,1998677,58394,2197,000 calorie challenge aftermath; 000 calorie challenge aftermath; 000 calorie aftermath video,100000
ErikTheElectric,"THE 100,000 CALORIE CHALLENGE!",https://www.youtube.com/watch?v=OSK4fPC966s,2018-06-05,mid,mixed/unknown,super extreme,19970654,515076,41726,000 calorie challenge; 000 calorie challenge; 000 calories in 100 hours,100000
ErikTheElectric,"THE VEGAN FAST FOOD SWEET FEAST CHALLENGE! (10,000+ CALORIES)",https://www.youtube.com/watch?v=VMjfQNDKg5Y,2018-05-31,mid,mixed/unknown,extreme,492620,16373,1806,,
ErikTheElectric,"THE MAY CARB COLLECTION! (9,000+ CALORIES)",https://www.youtube.com/watch?v=1MBQUxyz4Cc,2018-05-24,mid,mixed/unknown,extreme,582961,17325,1553,,
ErikTheElectric,"THE SUPERCHARGED PANDA EXPRESS MENU CHALLENGE! (10,000+ CALORIES)",https://www.youtube.com/watch?v=MuVYmbUBhOg,2018-05-18,mid,fast food/mixed,extreme,1464256,33371,3255,,
ErikTheElectric,AS MANY CALORIES AS POSSIBLE (AMCAP) CHALLENGE!,https://www.youtube.com/watch?v=PzHwMHPJ-CM,2018-05-13,mid,mixed/unknown,extreme,2313052,67910,3449,,
ErikTheElectric,"THE ""HUNGRY THINGS"" EGGO WAFFLE CHALLENGE! (12,000+ CALORIES)",https://www.youtube.com/watch?v=7PbSq6QpjiA,2018-05-09,mid,mixed/unknown,extreme,420497,13766,1342,,
ErikTheElectric,"THE WORLDS LARGEST PIZOOKIE CHALLENGE! (20,000+ CALORIES)",https://www.youtube.com/watch?v=cWYwbuf8DiI,2018-05-04,mid,mixed/unknown,extreme,690487,22006,1863,,
ErikTheElectric,"THE SUPERCHARGED FIVE GUYS MENU CHALLENGE! (10,000+ CALORIES)",https://www.youtube.com/watch?v=db4tpGGbCeA,2018-04-27,mid,fast food/mixed,extreme,1260121,28385,2965,,
ErikTheElectric,"THE 15 PINT BEN & JERRY'S CHALLENGE! *WORLD RECORD ATTEMPT* (18,000+ CALORIES)",https://www.youtube.com/watch?v=_2g_Cv6GKP4,2018-04-16,mid,mixed/unknown,super extreme,516975,12999,900,,
ErikTheElectric,"THE ULTIMATE AMERICAN FAST FOOD CHEAT DAY (30,000+ CALORIES)",https://www.youtube.com/watch?v=XJv9Lujp0Qc,2018-04-04,mid,mixed/unknown,super extreme,13205288,230309,13356,000 calorie challenge: https://www; 000 calories of just fast food (based off the poll that was posted a few months ago),60000
ErikTheElectric,"THE MEGA MELT GRILLED CHEESE CHALLENGE! (10,000+ CALORIES)",https://www.youtube.com/watch?v=ly6omLpd5pE,2018-03-20,mid,mixed/unknown,super extreme,330809,9731,981,5lb grilled cheese challenge which consisted of 13 different cheeses; 1lb of fries; 1lb of coleslaw and also got an additional side of tomato soup; 000 calorie challenge: https://www,60000
ErikTheElectric,"THE KITCHEN SINK SUNDAE SLAM! (15,000+ CALORIES)",https://www.youtube.com/watch?v=U7rDh9RXmgg,2018-01-17,mid,mixed/unknown,extreme,313894,10740,552,,
ErikTheElectric,"MASSIVE 30"" PIZZA CHALLENGE WITH RANDY SANTEL! (15,000+ CALORIES)",https://www.youtube.com/watch?v=-WkJ6KpVTqs,2018-01-10,mid,pizza,super extreme,572116,13607,516,,
ErikTheElectric,"40,000 CALORIE CHRISTMAS CHEAT DAY!",https://www.youtube.com/watch?v=O__H_PJVV2o,2017-12-19,early,mixed/unknown,super extreme,1417790,29331,2317,000 calorie christmas cheat day; 000 calorie christmas cheat day,40000
ErikTheElectric,"THE KRISPY KREME CHRISTMAS EAT OFF! (7,500+ CALORIES)",https://www.youtube.com/watch?v=VkrJ4V3O5fQ,2017-12-15,early,mixed/unknown,extreme,205068,5988,487,,
ErikTheElectric,"MASSIVE 20,000 CALORIE GINGERBREAD CASTLE CHALLENGE!",https://www.youtube.com/watch?v=_R9Tdri8lgI,2017-12-12,early,mixed/unknown,super extreme,118636,5396,558,000 calorie gingerbread castle challenge,20000
ErikTheElectric,"SUPERCHARGED IN N' OUT ""SECRET"" MENU CHALLENGE! (10,000+ Calories)",https://www.youtube.com/watch?v=RZ7SVYRv_Lw,2017-12-08,early,fast food/mixed,extreme,780105,18764,1545,,
ErikTheElectric,DECEMBER FULL DAY OF EATING!,https://www.youtube.com/watch?v=M4DTzxTAlCc,2017-12-06,early,mixed/unknown,unknown,97944,3987,289,,
ErikTheElectric,"PRO SKATER & COMPETITIVE EATER VS. MEGA PIZZA (10,000+ CALORIES)",https://www.youtube.com/watch?v=C5-eQrTofc8,2017-12-04,early,pizza,super extreme,83606,3328,183,000 calorie pizza,10000
ErikTheElectric,BURGER KING FLAMIN' MAC N' CHEETOS CHALLENGE | 12 BOXES,https://www.youtube.com/watch?v=3JXEiI3NZko,2017-11-30,early,burger,extreme,585623,14193,584,,
ErikTheElectric,"35,000 CALORIE ""CHEATSGIVING"" AFTERMATH",https://www.youtube.com/watch?v=c21su-o285s,2017-11-28,early,mixed/unknown,super extreme,100989,2768,176,"000 calorie ""cheatsgiving"" aftermath ""post 35; 000 calorie cheatsgiving aftermath; 000 calories and also the thanksgiving i had",35000
ErikTheElectric,"""CHEATSGIVING"" | 35,000+ CALORIE CHEAT DAY",https://www.youtube.com/watch?v=iGAotPI6aOg,2017-11-23,early,mixed/unknown,extreme,635119,16265,1479,,
ErikTheElectric,NOW WE PREPARE!,https://www.youtube.com/watch?v=Uaph186MgT4,2017-11-19,early,mixed/unknown,unknown,35670,1495,122,,
ErikTheElectric,ACCEPTING THE CHALLENGE,https://www.youtube.com/watch?v=RpiX6kONqgQ,2017-11-17,early,mixed/unknown,extreme,227589,5393,362,,
ErikTheElectric,"THE SUPERCHARGED KFC MENU CHALLENGE! (10,000+ CALORIES)",https://www.youtube.com/watch?v=_o52hbzRVZo,2017-11-14,early,fried chicken,extreme,934090,21970,1184,,
ErikTheElectric,THE BEST OF BOTH WORLDS,https://www.youtube.com/watch?v=LHqjrzZzBes,2017-11-12,early,mixed/unknown,unknown,53597,2345,232,,
ErikTheElectric,"DOUBLE MONSTER SUSHI ROLL CHALLENGE (14,000+ CALORIES)",https://www.youtube.com/watch?v=f-J5wZ81Umk,2017-11-10,early,mixed/unknown,extreme,251756,6292,272,,
ErikTheElectric,I FOUND IT!,https://www.youtube.com/watch?v=dHedB9y-Qig,2017-11-08,early,mixed/unknown,unknown,57393,2664,116,,
ErikTheElectric,"THE BEAST BURGER CHALLENGE | 12,000+ CALORIES",https://www.youtube.com/watch?v=f-xftdAtnRs,2017-11-06,early,burger,extreme,254090,7219,248,,
ErikTheElectric,"IT ALL ""CATCHES UP"" WITH YOU",https://www.youtube.com/watch?v=3vrvF-3V_jU,2017-11-05,early,mixed/unknown,unknown,55564,1764,202,,
ErikTheElectric,THE 10 PINT HALOTOP CHALLENGE!,https://www.youtube.com/watch?v=2SwONvss-Qo,2017-11-02,early,mixed/unknown,extreme,124574,5074,280,,
ErikTheElectric,THE NEXT CHALLENGE! (LIVESTREAM),https://www.youtube.com/watch?v=2mgh-kHmvR4,2017-11-02,early,mixed/unknown,extreme,21315,540,41,,
ErikTheElectric,"THE ""TRICK OR CHEAT"" CHALLENGE (20,000+ CALORIES)",https://www.youtube.com/watch?v=2Oh0fu_kv-o,2017-10-30,early,mixed/unknown,extreme,576225,15060,1096,,
ErikTheElectric,THE DILEMMA,https://www.youtube.com/watch?v=Ce6mhYXp1r0,2017-10-28,early,mixed/unknown,unknown,78033,2864,274,,
ErikTheElectric,CHRISTMAS IN OCTOBER!,https://www.youtube.com/watch?v=RPM4eaf3qk4,2017-10-25,early,mixed/unknown,unknown,70960,2227,187,,
ErikTheElectric,THE NEXT CHALLENGE (TRICK-OR-CHEAT LIVESTREAM),https://www.youtube.com/watch?v=aK4CEXXTkAM,2017-10-25,early,mixed/unknown,extreme,45385,1080,71,,
ErikTheElectric,THE 200 CHICKEN MCNUGGET CHALLENGE (WORLD RECORD ATTEMPT),https://www.youtube.com/watch?v=cpSLzMDJpGM,2017-10-23,early,fried chicken,super extreme,552884,16233,872,,
ErikTheElectric,ARBY'S VENISON STEAK SANDWICH (24 HR LIMITED RUN),https://www.youtube.com/watch?v=PDSMa2lYkao,2017-10-22,early,mixed/unknown,unknown,87672,3632,173,,
ErikTheElectric,THE UNEXPECTED SURPRISE!,https://www.youtube.com/watch?v=telnR-tJOuw,2017-10-18,early,mixed/unknown,unknown,109080,2972,257,,
ErikTheElectric,"""SUPERCHARGED"" JACK IN THE BOX MENU CHALLENGE!",https://www.youtube.com/watch?v=8k8iQvtv3vw,2017-10-16,early,fast food/mixed,extreme,452035,12988,811,,
ErikTheElectric,I JUST HAD TO SAY IT..,https://www.youtube.com/watch?v=5EprzGN3DeU,2017-10-13,early,mixed/unknown,unknown,75866,2252,254,445lbs* ,
ErikTheElectric,"PLANNING ""THE BIG ONE""",https://www.youtube.com/watch?v=CivzEXLprZw,2017-10-10,early,mixed/unknown,unknown,36161,1351,278,,
ErikTheElectric,"THE 40,000 CALORIE AFTERMATH",https://www.youtube.com/watch?v=IawAL3OdTkM,2017-10-08,early,mixed/unknown,super extreme,191787,4541,256,000 calorie aftermath (check me out on social media,40000
ErikTheElectric,"THE ""SUPERCHARGED"" 40,000 CALORIE CHEAT DAY",https://www.youtube.com/watch?v=N0CGM956z18,2017-10-05,early,mixed/unknown,super extreme,3715082,68185,9733,000 calorie cheat day (check me out on social media; 000 calories,40000
ErikTheElectric,PREPARING FOR GLORY!,https://www.youtube.com/watch?v=v7s8KKjXNEE,2017-10-02,early,mixed/unknown,unknown,48041,1751,175,,
ErikTheElectric,FINDING THE WAY,https://www.youtube.com/watch?v=8r7-OKxrCbE,2017-09-28,early,mixed/unknown,unknown,37071,1292,168,,
ErikTheElectric,"THE ""SUPERCHARGED"" BURGER KING MENU CHALLENGE!",https://www.youtube.com/watch?v=2Ug6B45abX8,2017-09-26,early,burger,extreme,949311,17921,1264,,
ErikTheElectric,"MASSIVE DOUBLE FUDDRUCKERS BURGER CHALLENGE | 13,000+ CALORIES",https://www.youtube.com/watch?v=Ld3B9g06sQA,2017-09-24,early,burger,super extreme,183948,5045,206,,
ErikTheElectric,"THINGS GET ""SWEETER""",https://www.youtube.com/watch?v=tVPOnh1oDOk,2017-09-23,early,mixed/unknown,unknown,51406,1609,164,,
ErikTheElectric,FULL DAY OF AN EATING CHALLENGE!,https://www.youtube.com/watch?v=vTtYZj3u5rs,2017-09-20,early,mixed/unknown,extreme,111244,2625,194,,
ErikTheElectric,MOVING ON...,https://www.youtube.com/watch?v=eejTzKTSBMs,2017-09-19,early,mixed/unknown,unknown,60516,1803,182,,
ErikTheElectric,"THE ""SUPERCHARGED"" TACO BELL MENU CHALLENGE!",https://www.youtube.com/watch?v=wPMuDwMmeis,2017-09-17,early,taco/burrito,extreme,963042,15166,1490,,
ErikTheElectric,BACK WITH A BANG!,https://www.youtube.com/watch?v=tnEL1n8Ohl4,2017-09-15,early,mixed/unknown,unknown,82263,2048,136,,
ErikTheElectric,"""SUPERCHARGED"" MCDONALDS MENU CHALLENGE!",https://www.youtube.com/watch?v=H_oSpSEwYXo,2017-09-13,early,fast food/mixed,extreme,680054,10219,700,,
ErikTheElectric,"THE BIRTHDAY BUFFET CHALLENGE | 16,000+ CALORIES",https://www.youtube.com/watch?v=RsZK7WTqN3E,2017-09-10,early,mixed/unknown,extreme,192834,5099,270,,
ErikTheElectric,BIRTHDAY IN VEGAS (FT. DAYUM DROPS),https://www.youtube.com/watch?v=zYVD5j405YM,2017-09-08,early,mixed/unknown,unknown,58506,2026,133,,
ErikTheElectric,"THE OPA CALZONE CHALLENGE! | 8,500+ CALORIES",https://www.youtube.com/watch?v=61s5cCvgxt4,2017-09-06,early,mixed/unknown,extreme,133082,3945,105,,
ErikTheElectric,"FOUR FOOD CHALLENGES IN 4 DAYS | 30,000+ CALORIES",https://www.youtube.com/watch?v=Ve7RPTW8Ztw,2017-09-04,early,mixed/unknown,extreme,305459,6629,274,72oz steak challenge - 6:30 ,
ErikTheElectric,"THE WESTSIDE PIZZA CHALLENGE | 8,500+ CALORIES",https://www.youtube.com/watch?v=ixjsK0HgHa0,2017-09-03,early,pizza,extreme,136872,4329,168,,
ErikTheElectric,GOODBYE YOUTUBE,https://www.youtube.com/watch?v=X0nN-SeN-XM,2017-08-31,early,mixed/unknown,unknown,70364,2961,374,,
ErikTheElectric,THE ULTIMATE DOUGHNUT CHALLENGE!,https://www.youtube.com/watch?v=Er9cAdaj2Ag,2017-08-30,early,mixed/unknown,extreme,131370,3656,116,,
ErikTheElectric,"THE KITCHEN SINK CHALLENGE! | 10,000+ CALORIES",https://www.youtube.com/watch?v=JQ4hKbiICew,2017-08-27,early,mixed/unknown,extreme,104830,4040,185,,
ErikTheElectric,"THE ""BATTER UP"" PANCAKE CHALLENGE!",https://www.youtube.com/watch?v=37H7lqOmyBc,2017-08-23,early,dessert/sweets,extreme,108653,3183,144,,
ErikTheElectric,"9 POUND ""OH MY BURGER"" CHALLENGE!",https://www.youtube.com/watch?v=6X_a8EuUrXE,2017-08-20,early,burger,extreme,152297,4300,218,"9 pound ""oh my burger"" challenge",
ErikTheElectric,$500 CASABLANCA BURRITO CHALLENGE!,https://www.youtube.com/watch?v=dwwXCb26-Ic,2017-08-16,early,taco/burrito,extreme,112556,5207,199,,
ErikTheElectric,INSANE 15+ POUND PHO CHALLENGE!,https://www.youtube.com/watch?v=We7uEwj9bTI,2017-08-13,early,mixed/unknown,extreme,179565,3779,438,,
ErikTheElectric,ANOTHER MILESTONE! (NEXT CHALLENGE PREVIEW),https://www.youtube.com/watch?v=K9DUhO8N0xo,2017-08-11,early,mixed/unknown,extreme,25777,854,90,,
ErikTheElectric,THE FOOD CHALLENGE TOUR OF A LIFETIME?,https://www.youtube.com/watch?v=AjG940oezPA,2017-08-10,early,mixed/unknown,super extreme,22335,1166,171,000 calories worth of store-bought foods,15000
ErikTheElectric,GETTING OUT OF HERE!,https://www.youtube.com/watch?v=fy3hzi4rWxY,2017-08-08,early,mixed/unknown,unknown,47240,1368,146,,
ErikTheElectric,DOING WHAT NEEDED TO BE DONE,https://www.youtube.com/watch?v=98kOcsBiZSo,2017-08-05,early,mixed/unknown,unknown,32098,1092,173,,
ErikTheElectric,KRISPY KREME'S REESES PB CUP DOUGHNUT! (ALL NEW),https://www.youtube.com/watch?v=8jSmd8xCcaY,2017-08-03,early,mixed/unknown,unknown,141754,3876,206,,
ErikTheElectric,THE END OF AN ERA?,https://www.youtube.com/watch?v=RCGstOLpI0Y,2017-08-01,early,mixed/unknown,unknown,41404,1538,257,,
ErikTheElectric,"THE ALL STAR CHEAT MEAL CHALLENGE (18,000+ CALORIES)",https://www.youtube.com/watch?v=ou93ogGE55Q,2017-07-30,early,mixed/unknown,extreme,523152,11058,645,,
ErikTheElectric,I'M NOT AFRAID,https://www.youtube.com/watch?v=WXyZHds6g-M,2017-07-28,early,mixed/unknown,unknown,55214,1488,168,,
ErikTheElectric,"Q&A TIME! (FOOD CHALLENGES, RELATIONSHIPS & MY FUTURE)",https://www.youtube.com/watch?v=3xLfivofMB4,2017-07-27,early,mixed/unknown,extreme,18111,648,63,,
ErikTheElectric,FILMING THE NEXT CHALLENGE! (LIVESTREAM),https://www.youtube.com/watch?v=gdfLphknfP0,2017-07-26,early,mixed/unknown,extreme,31827,685,60,,
ErikTheElectric,THE TIME HAS COME!,https://www.youtube.com/watch?v=McNQehaZ430,2017-07-24,early,mixed/unknown,unknown,40256,1240,107,,
ErikTheElectric,THE TOWER OF GAINZ! (15 POUND FOOD CHALLENGE),https://www.youtube.com/watch?v=SJoGx6-8AC8,2017-07-23,early,mixed/unknown,extreme,86159,2381,254,15 pound food challenge) (check me out on social media,
ErikTheElectric,SUSHI SATURDAY! (LIVESTREAM),https://www.youtube.com/watch?v=zsL3PRWOLAI,2017-07-23,early,mixed/unknown,unknown,10547,268,26,,
ErikTheElectric,"""I TRIED SO HARD""",https://www.youtube.com/watch?v=SnEQYOwzcZk,2017-07-21,early,mixed/unknown,unknown,20275,802,96,,
ErikTheElectric,30 POUNDS IN 3 WEEKS?,https://www.youtube.com/watch?v=Cw-NTxVLZZU,2017-07-19,early,mixed/unknown,unknown,47917,1279,220,30 pounds in 3 weeks,
ErikTheElectric,"TOO MUCH, TOO SOON?",https://www.youtube.com/watch?v=wGL88BiFmDM,2017-07-15,early,mixed/unknown,unknown,41487,1322,232,,
ErikTheElectric,WHY I QUIT CAFFEINE!,https://www.youtube.com/watch?v=M2XByBqr6-g,2017-07-13,early,mixed/unknown,unknown,23743,914,118,,
ErikTheElectric,PIZZA AND PROGRESSION,https://www.youtube.com/watch?v=QVDwlyWNVE0,2017-07-11,early,pizza,large,27658,903,146,"175lbs"" instead of 165 for the pr",
ErikTheElectric,"EPIC FRIED CHICKEN PIZZA | 14,000+ CALORIES",https://www.youtube.com/watch?v=q1KPH2I5_lg,2017-07-09,early,pizza,extreme,245063,5041,331,5 lbs of chicken ; 8oz vegetable oil (for frying) ,
ErikTheElectric,WHAT I'M EATING FOR STRENGTH!,https://www.youtube.com/watch?v=3cftrR5cqZs,2017-07-08,early,mixed/unknown,unknown,37887,1275,141,,
ErikTheElectric,"THE ""NOT SO"" SECRET",https://www.youtube.com/watch?v=8d5FkKGaGIw,2017-07-06,early,mixed/unknown,unknown,30254,1000,131,,
ErikTheElectric,THE STRENGTH RETURNS,https://www.youtube.com/watch?v=N2X6LsMdU-4,2017-07-04,early,mixed/unknown,unknown,27317,893,100,,
ErikTheElectric,"ULTIMATE EUROPEAN CANDY CHALLENGE | 18,000 CALORIES",https://www.youtube.com/watch?v=8NWb6o8JZ-0,2017-07-02,early,mixed/unknown,super extreme,523501,9408,688,000 calories (check me out on social media; 800 calories,18000
ErikTheElectric,THINGS GET BETTER..,https://www.youtube.com/watch?v=wS9V-dqWCmE,2017-06-29,early,mixed/unknown,unknown,31879,1189,126,,
ErikTheElectric,FULL DAY OF EATING (FAST FOOD EDITION) | Q&A,https://www.youtube.com/watch?v=9Qi6rfwJOD8,2017-06-25,early,mixed/unknown,unknown,257838,5698,248,,
ErikTheElectric,IT HAS ARRIVED!,https://www.youtube.com/watch?v=mli-DNtOoXg,2017-06-24,early,mixed/unknown,unknown,37852,1331,102,,
ErikTheElectric,EMBRACING THE HUNGER | BACK TO LIFTING | COOKIE DOUGH TIME!,https://www.youtube.com/watch?v=XnOG63PT--E,2017-06-21,early,mixed/unknown,unknown,37477,1233,131,,
ErikTheElectric,I NEEDED TO DO THIS..,https://www.youtube.com/watch?v=cBSZjoOmkyM,2017-06-19,early,mixed/unknown,unknown,65683,2187,191,,
ErikTheElectric,REVEALING MY FULL BLOOD WORK!,https://www.youtube.com/watch?v=zOW6721ZzXo,2017-06-16,early,mixed/unknown,unknown,51708,1869,278,,
ErikTheElectric,FULL DAY OF EATING | THE CRASH | MORE WAFFLES!,https://www.youtube.com/watch?v=_lBstFWtVyc,2017-06-14,early,mixed/unknown,unknown,49544,1509,115,,
ErikTheElectric,SO MUCH CEREAL | WE'RE ON TV | MOUNTAIN BIKING NOW?,https://www.youtube.com/watch?v=4j9j5t3X9Jc,2017-06-12,early,mixed/unknown,unknown,30024,967,126,,
ErikTheElectric,"THE 60,000 CALORIE AFTERMATH",https://www.youtube.com/watch?v=XQR-LL2aWu8,2017-06-09,early,mixed/unknown,super extreme,599006,7674,432,000 calorie aftermath (check me out on social media,60000
ErikTheElectric,"THE 60,000 CALORIE CHALLENGE",https://www.youtube.com/watch?v=JncRqgcmcUU,2017-06-06,early,mixed/unknown,super extreme,5929302,106254,6926,"000 calorie challenge (check me out on social media; 000 calorie challenge"" i thought i'd take things up a ""notch"" by attempting to surpass my old 50; 000 calorie video",60000
ErikTheElectric,WITH ONLY A FEW HOURS LEFT... (LIVESTREAM),https://www.youtube.com/watch?v=QH4ORCfCF-0,2017-06-04,early,mixed/unknown,unknown,16000,320,36,,
ErikTheElectric,"60,000 CALORIE PREP | DIET | SNEAK PEAK",https://www.youtube.com/watch?v=3PBezW0GHt8,2017-05-31,early,mixed/unknown,super extreme,48741,1141,123,000 calorie prep | diet | sneak peak (check me out on social media,60000
ErikTheElectric,PREPARE (Livestream ⅔),https://www.youtube.com/watch?v=6wXUiJnzFjc,2017-05-31,early,mixed/unknown,unknown,9271,187,14,,
ErikTheElectric,SANDWICHES IN SAN CLEMENTE | CHALLENGE PREP | Q&A TIME,https://www.youtube.com/watch?v=wtTXjlwo2i8,2017-05-30,early,mixed/unknown,extreme,13739,529,53,,
ErikTheElectric,"AWAKE | THE 10/10 PINT, MY RETURN, 50,000+ CALORIES?",https://www.youtube.com/watch?v=hQOgaEjaBVg,2017-05-28,early,mixed/unknown,extreme,50642,1263,113,,
ErikTheElectric,THE REVEAL (LIVESTREAM),https://www.youtube.com/watch?v=jf-Uiw7AuRI,2017-05-28,early,mixed/unknown,unknown,7424,181,19,,
ErikTheElectric,"THE ULTIMATE DOMINO'S ""PIZZA-BURGER"" | 11,000 CALORIES",https://www.youtube.com/watch?v=1YUmayLgGck,2017-05-25,early,burger,super extreme,335144,6818,340,4 lbs of ground beef (3; 000 calories (check me out on social media; 205 calories); 800 calories); 800 calories),11000
ErikTheElectric,THE GREATEST WEEKEND OF MY LIFE!,https://www.youtube.com/watch?v=-y2EusM0lHI,2017-05-23,early,mixed/unknown,unknown,165440,3699,216,,
ErikTheElectric,"THE ""ALL CARB WEEK"" | FINDING MYSELF | BURGER RECOVERY",https://www.youtube.com/watch?v=bJa2ZfHFBPA,2017-05-20,early,burger,large,28290,769,99,,
ErikTheElectric,IT'S HAPPENING! (LIVESTREAM),https://www.youtube.com/watch?v=7cS-oRWk-oY,2017-05-19,early,mixed/unknown,unknown,8829,204,37,,
ErikTheElectric,"THE TACO BELL NAKED CHICKEN CHIP BURGER | 10,000+ CALORIES",https://www.youtube.com/watch?v=0ibzSbsU9XY,2017-05-17,early,burger,super extreme,95833,2551,164,000 calories with the buns; 350 calories per patty,10000
ErikTheElectric,FULL WEEKEND OF EATING!,https://www.youtube.com/watch?v=GrnjE7Ecy7E,2017-05-15,early,mixed/unknown,unknown,22455,727,81,,
ErikTheElectric,THE KRISPY KREME AFTERMATH | FIBER OVERLOAD | RACE PREP!,https://www.youtube.com/watch?v=lMkAGnSbcYw,2017-05-13,early,mixed/unknown,unknown,31560,710,62,,
ErikTheElectric,"THE PEANUT BUTTER KRISPY KREME CASTLE | 22,000+ CALORIES",https://www.youtube.com/watch?v=05xBiWZGLFU,2017-05-09,early,mixed/unknown,super extreme,1067970,23042,1056,000 calories of sugar and doughy filled carnage,22000
ErikTheElectric,MY LARGEST CALORIE CHALLENGE EVER! (LIVESTREAM),https://www.youtube.com/watch?v=cluYt7_mYzA,2017-05-09,early,mixed/unknown,extreme,18655,268,14,,
ErikTheElectric,THE UPCOMING CHALLENGE | SUSHI-FEST | INTENSITY,https://www.youtube.com/watch?v=g1WjPBt-G9A,2017-05-07,early,mixed/unknown,extreme,33026,811,68,,
ErikTheElectric,"LOW CAL CRISPY ""POPCORN SHRIMP"" | ELECTRIC RECIPE",https://www.youtube.com/watch?v=0XgpGB6RtnA,2017-05-06,early,mixed/unknown,unknown,10086,316,28,6oz shrimp ,
ErikTheElectric,CEREAL DE MAYO! (LIVESTREAM),https://www.youtube.com/watch?v=HWRNa9v2Efo,2017-05-06,early,mixed/unknown,unknown,7418,170,23,,
ErikTheElectric,"CARL'S JR'S BABY BACK RIB ""THICKBURGER"" | ELECTRIC REVIEWS",https://www.youtube.com/watch?v=6KnI7dDk0S0,2017-05-03,early,burger,large,18348,566,44,,
ErikTheElectric,"20,000 CALORIE RECOVERY | Q&A, WEIGHT GAIN, LAXATIVES?",https://www.youtube.com/watch?v=RBfgJh-NKlE,2017-05-02,early,mixed/unknown,super extreme,39652,923,37,000 calorie recovery | q&a,20000
ErikTheElectric,"THE 20,000 CALORIE FRUIT AND VEGGIE CHALLENGE!",https://www.youtube.com/watch?v=hu_s-xJDkL4,2017-04-30,early,mixed/unknown,super extreme,672602,14085,819,"14lb stomach capacity; 000 calorie fruit and veggie challenge; 000 calorie fruit challenge""",20000
ErikTheElectric,THE UPCOMING CHALLENGE | NO CAFFEINE | BEST PINT YET?,https://www.youtube.com/watch?v=HgNk8SF8_o0,2017-04-28,early,mixed/unknown,extreme,21182,547,43,,
ErikTheElectric,Filming the next challenge!,https://www.youtube.com/watch?v=0VqccV-zpgs,2017-04-26,early,mixed/unknown,extreme,12024,356,42,,
ErikTheElectric,"AWAKE | FAVORITE CEREAL, UNICORN FRAPPUCCINO, SURPASSING THE 50K CHALLENGE?",https://www.youtube.com/watch?v=BvG3ilYEIbI,2017-04-25,early,mixed/unknown,super extreme,103747,1984,142,"000 calorie challenge"" was made live to all of you",50000
ErikTheElectric,"THE 100 MILE ""CHINESE BUFFET-A-THON""",https://www.youtube.com/watch?v=MnRar0q3O3o,2017-04-23,early,mixed/unknown,super extreme,214913,4342,222,000 calories; 000 calorie record,12000
ErikTheElectric,It's BREAKFAST TIME (PLANNING THE NEXT CHALLENGE!),https://www.youtube.com/watch?v=bejPQQEoAv8,2017-04-22,early,mixed/unknown,extreme,11236,272,23,,
ErikTheElectric,"EPIC DAY OF EATING + TRAINING | THE ""LOADED"" BURRITO | MOTIVATION",https://www.youtube.com/watch?v=nsEqa4lRmrk,2017-04-22,early,taco/burrito,unknown,22722,710,42,,
ErikTheElectric,DELICIOUS LOW CAL FRENCH TOAST | ELECTRIC RECIPE,https://www.youtube.com/watch?v=lJdFc3hONXA,2017-04-20,early,mixed/unknown,unknown,14269,525,29,70 calorie bread for this one; 40 calorie slices,
ErikTheElectric,Preparing for the NEXT CALORIE CHALLENGE!,https://www.youtube.com/watch?v=-iLfVSJxJuw,2017-04-20,early,mixed/unknown,extreme,10860,250,38,,
ErikTheElectric,FULL DAY OF EATING ON EASTER,https://www.youtube.com/watch?v=2UAZ2iaMOaU,2017-04-18,early,mixed/unknown,unknown,59314,1251,89,,
ErikTheElectric,KRISPY KREME'S GHIRADELLI SALTED CARAMEL DOUGHNUT,https://www.youtube.com/watch?v=Vm2DsrHu08c,2017-04-17,early,mixed/unknown,unknown,41997,1034,50,,
ErikTheElectric,"AWAKE | CHICAGO STYLE PIZZA, GRADUATION TIME, BETTER THAN HALOTOP,?",https://www.youtube.com/watch?v=BwnNt7IFA7c,2017-04-15,early,pizza,large,24033,639,74,,
ErikTheElectric,"ULTIMATE ""MACRO FRIENDLY"" POPTART | ELECTRIC RECIPE",https://www.youtube.com/watch?v=GrJnvV1Idc4,2017-04-14,early,mixed/unknown,unknown,24541,763,46,288 calories,
ErikTheElectric,MY FOOD STAPLES | CALORIES PER DAY +  FAVORITE FOODS,https://www.youtube.com/watch?v=hi6bbpfpM-I,2017-04-12,early,mixed/unknown,extreme,78195,1920,111,,
ErikTheElectric,WHAT I EAT AFTER CONTESTS + RECOVERY | HYDRATION | THE RANGE,https://www.youtube.com/watch?v=nLDHm3Pf-Gs,2017-04-11,early,mixed/unknown,unknown,22589,594,40,,
ErikTheElectric,2017 GRINGO BANDITO TACO EATING CONTEST (WITH TAKERU KOBAYASHI),https://www.youtube.com/watch?v=NAHD1OChrmk,2017-04-09,early,taco/burrito,unknown,39985,965,61,,
ErikTheElectric,"CONTEST TRAINING, NEXT CHALLENGE PREVIEW, 80 MILE RIDE!",https://www.youtube.com/watch?v=arOqHyEcYfI,2017-04-08,early,mixed/unknown,extreme,29169,696,54,,
ErikTheElectric,READING MEAN COMMENTS (ULTIMATE CRINGE EDITION),https://www.youtube.com/watch?v=QwPmw_uPkHQ,2017-04-05,early,mixed/unknown,unknown,9229,464,105,,
ErikTheElectric,"AWAKE | REESE'S CRUNCHERS, SHOOTING, MORE ICE CREAM",https://www.youtube.com/watch?v=KVpUbyADdK8,2017-04-04,early,mixed/unknown,unknown,22191,614,69,,
ErikTheElectric,"CARB CARNAGE (SUNDAY YUMDAY) | 13,000+ CALORIES",https://www.youtube.com/watch?v=ABbc2y-y8Yc,2017-04-03,early,mixed/unknown,extreme,237404,4334,150,,
ErikTheElectric,THE MOST ANNOYING DAY EVER! (NEXT CONTEST PREVIEW!),https://www.youtube.com/watch?v=DU7zyGz4kUc,2017-04-02,early,mixed/unknown,unknown,5109,91,6,,
ErikTheElectric,3 FOOD CHALLENGES IN 3 DAYS | THE AFTERMATH,https://www.youtube.com/watch?v=-cS5y4wHIXA,2017-04-01,early,mixed/unknown,extreme,46009,981,65,,
ErikTheElectric,"FULL DAY OF EATING (AND CYCLING) | THE ""ALL SUGAR DIET""",https://www.youtube.com/watch?v=DvLJaRP3D-M,2017-03-30,early,mixed/unknown,unknown,44738,920,88,,
ErikTheElectric,"END OF THE ""CALIFOOD-A-CATION"" | EPIC BEN N' JERRY'S REVIEW | FUTURE PLANS",https://www.youtube.com/watch?v=Y2I0UzbJSDo,2017-03-28,early,mixed/unknown,unknown,20528,589,47,,
ErikTheElectric,"ErikTheElectric VS. THE ""BURRITOZILLA""",https://www.youtube.com/watch?v=DPEhs2ncmNw,2017-03-27,early,taco/burrito,unknown,70074,1797,114,,
ErikTheElectric,"CHANNEL UPDATE | CALIFOOD-A-CATION | ""SUNDAY YUMDAY""",https://www.youtube.com/watch?v=mSyMfiY7oF8,2017-03-25,early,mixed/unknown,unknown,12917,528,62,,
ErikTheElectric,COLOSSAL ICE CREAM SUNDAE CHALLENGE | CALIFOOD-A-CATION,https://www.youtube.com/watch?v=0nBIzZm_sL4,2017-03-23,early,mixed/unknown,extreme,68382,1792,85,,
ErikTheElectric,DOUBLE IRONMAN CHALLENGE | CALIFOOD-A-CATION,https://www.youtube.com/watch?v=TYakaAFJgr8,2017-03-21,early,mixed/unknown,extreme,102776,2200,89,,
ErikTheElectric,"CALIFOODACATION | THE FIRST CHALLENGE, CHARITY, MORE DETAILS!",https://www.youtube.com/watch?v=7qeLfouaDXA,2017-03-20,early,mixed/unknown,extreme,19757,551,38,,
ErikTheElectric,Breakfast time!,https://www.youtube.com/watch?v=L64QGwbXgIg,2017-03-18,early,mixed/unknown,unknown,19507,426,36,,
ErikTheElectric,"AWAKE | THE CALI-FOODA-CATION, NEW GYM, BACK TO BEN & JERRY'S",https://www.youtube.com/watch?v=PCJI3sy3FC0,2017-03-18,early,mixed/unknown,unknown,16677,535,70,,
ErikTheElectric,THE CALI-FOODA-CATION!,https://www.youtube.com/watch?v=I5-cEDGuQbs,2017-03-18,early,mixed/unknown,unknown,4690,121,14,,
ErikTheElectric,"CAPACITY TRAINING | ""THE CALI-FOODA-CATION""",https://www.youtube.com/watch?v=6_iQcFlIul0,2017-03-16,early,mixed/unknown,unknown,24176,714,58,,
ErikTheElectric,"AWAKE | FULL DAY OF EATING AND RIDING, SUSHI RECOVERY, ""HAPPY TEARS""",https://www.youtube.com/watch?v=Bn79Es6Z1ec,2017-03-14,early,mixed/unknown,unknown,20143,597,68,,
ErikTheElectric,"ALL YOU CAN EAT SUSHI CHALLENGE! | 10,000+ CALORIES",https://www.youtube.com/watch?v=RCWsessiWdI,2017-03-13,early,mixed/unknown,extreme,532607,7121,431,5lbs which is great considering i consumed a decent amount of liquid during the challenge,
ErikTheElectric,ELECTRIC REVIEWS | BURGER KING'S CRISPY CHICKEN SANDWICH,https://www.youtube.com/watch?v=9Ds3OWTq6Kw,2017-03-11,early,burger,large,21442,598,81,,
ErikTheElectric,FRIDAY NIGHT TURN UP! (NEXT CHALLENGE + NEW APPAREL!),https://www.youtube.com/watch?v=xMhlgusLYe0,2017-03-11,early,mixed/unknown,extreme,4862,125,32,,
ErikTheElectric,"AWAKE | A NEW JOURNEY, TOO MANY ""CHEAT DAYS"", FULL DAY OF EATING",https://www.youtube.com/watch?v=j0DTGQgR2dA,2017-03-09,early,mixed/unknown,unknown,38511,1085,171,,
ErikTheElectric,"THE BREAKFAST BOMB | 9,000+ CALORIES",https://www.youtube.com/watch?v=fMAKOtOSCuU,2017-03-07,early,mixed/unknown,extreme,146419,3142,200,,
ErikTheElectric,"ONE MAN VS. 12 POUNDS OF ICE CREAM | 10,000+ CALORIES",https://www.youtube.com/watch?v=wU90i83nUFo,2017-03-04,early,mixed/unknown,extreme,219525,4496,251,12 pounds of ice cream | 10; 14lbs,
ErikTheElectric,"AWAKE | THE NEXT CHALLENGE, LIFTING BREAK, MORE CAFFEINE!",https://www.youtube.com/watch?v=TbwiWygVcnY,2017-03-02,early,mixed/unknown,extreme,24514,637,65,,
ErikTheElectric,FILMING FOR THE NEXT CHALLENGE!,https://www.youtube.com/watch?v=9c8b9D-cDmY,2017-03-02,early,mixed/unknown,extreme,14025,299,23,,
ErikTheElectric,"THE ""SUGAR SHOCK"" (CHEAT DAY)",https://www.youtube.com/watch?v=pRQX85nJPjM,2017-02-28,early,mixed/unknown,unknown,318446,5406,332,,
ErikTheElectric,"AWAKE | NEXT CHALLENGE, NEW MACBOOK, ""CHEAT DAY THOUGHTS""",https://www.youtube.com/watch?v=W5FqIc-M7JE,2017-02-25,early,mixed/unknown,extreme,16647,570,54,,
ErikTheElectric,"ELECTRIC REVIEWS | ""THE CHIPOTLE QUESA-RITO"" (SECRET MENU)",https://www.youtube.com/watch?v=TWVzkMY1sAc,2017-02-23,early,fast food/mixed,unknown,35120,905,93,,
ErikTheElectric,"THE ""UN-EXPECTED CHEAT DAY"" | ??? CALORIES ???",https://www.youtube.com/watch?v=_tEmd_dCKXI,2017-02-21,early,mixed/unknown,extreme,143064,3130,177,,
ErikTheElectric,"AWAKE | BEN & JERRY'S PINT SLICES, MY ""FLAWS"", MORE CHOCOLATE!",https://www.youtube.com/watch?v=92P2KwjjJAs,2017-02-19,early,mixed/unknown,unknown,24338,712,98,,
ErikTheElectric,#PIZZADRUNK | LIVESTREAM (NEXT REVIEW) | NEXT CHALLENGE,https://www.youtube.com/watch?v=WLE-RMiXZJo,2017-02-18,early,pizza,extreme,3698,87,20,,
ErikTheElectric,ELECTRIC REVIEWS | PAPA JOHN'S VALENTINES PIZZA!,https://www.youtube.com/watch?v=tOfpU5joybM,2017-02-17,early,pizza,large,39070,850,86,,
ErikTheElectric,"""DESSERT OFF"" RECOVERY | WEIGHT GAIN | EGG SANDWICHES",https://www.youtube.com/watch?v=Q1F96vhEvGA,2017-02-16,early,dessert/sweets,unknown,63284,1161,65,,
ErikTheElectric,"20,000 CALORIE DESSERT OFF RELEASE PARTY!!",https://www.youtube.com/watch?v=c7GtcYNaUxE,2017-02-14,early,dessert/sweets,super extreme,9112,171,10,000 calorie dessert off release party,20000
ErikTheElectric,"VALENTINES DAY  ""DESSERT OFF"" | 20,000 CALORIES",https://www.youtube.com/watch?v=_5OLkauVIow,2017-02-14,early,dessert/sweets,super extreme,723747,13804,753,000 calories (check me out on social media; 400 cals ; 400 cals ; 268 cals ; 560 cals ,20000
ErikTheElectric,ELECTRIC REVIEWS | BK'S JALAPENO CHICKEN FRIES,https://www.youtube.com/watch?v=Nru32MpehU8,2017-02-12,early,fried chicken,large,14761,404,36,,
ErikTheElectric,"AWAKE | EPIC CEREAL, THE BIG UPGRADE, PROGRESS STALL?",https://www.youtube.com/watch?v=64oaZvU8c0g,2017-02-11,early,mixed/unknown,unknown,16129,518,43,,
ErikTheElectric,LOW CALORIE TOP RAMEN SALAD | ELECTRIC EATS,https://www.youtube.com/watch?v=1pVb4tCx1uU,2017-02-09,early,ramen/noodles,extreme,9747,280,27,297 calories ,
ErikTheElectric,"THE Q&A TO END ALL Q&As! (WEIGHT GAIN, VEGANISM, YOUTUBERS)",https://www.youtube.com/watch?v=RI3DsR2E71Y,2017-02-08,early,mixed/unknown,unknown,15899,526,45,,
ErikTheElectric,"ELECTRIC REVIEWS | THE ""GRAND MAC""",https://www.youtube.com/watch?v=hcfB9nywkzc,2017-02-07,early,mixed/unknown,unknown,29721,760,81,,
ErikTheElectric,"AWAKE | LOW CALORIE FRENCH TOAST, MCDONALDS, FEELING BETTER?",https://www.youtube.com/watch?v=QyekYKurfc4,2017-02-06,early,mixed/unknown,extreme,31822,732,71,,
ErikTheElectric,DEADLIFTING FOR CHEESEBURGERS | THE FULK IS REAL,https://www.youtube.com/watch?v=tPKl2dHQY6s,2017-02-05,early,burger,large,4954,94,14,,
ErikTheElectric,"POST CHALLENGE RECOVERY + WEIGHT GAIN, LIVEFIT, 10/10 CEREAL",https://www.youtube.com/watch?v=qeQVQvViWZU,2017-02-04,early,mixed/unknown,extreme,28386,661,39,,
ErikTheElectric,"THE ""VERMOUNTAIN"" CHALLENGE | 16,000 CALORIES",https://www.youtube.com/watch?v=VQ0Jh-EBuNI,2017-02-02,early,mixed/unknown,super extreme,229784,4452,237,000 calories this one was,16000
ErikTheElectric,"AWAKE | ""NAKED CHALUPA"", NEW CHANNEL DIRECTION, 2017 GOALS",https://www.youtube.com/watch?v=dlzix-PhlJk,2017-01-31,early,mixed/unknown,unknown,19878,581,82,,
ErikTheElectric,A NEW BEGINNING...,https://www.youtube.com/watch?v=cmE7laNGV04,2017-01-29,early,mixed/unknown,unknown,5906,143,15,,
ErikTheElectric,"AWAKE | OREO GRAB, I STILL STRUGGLE, LAST SEMESTER",https://www.youtube.com/watch?v=RuSTm59GvI0,2017-01-26,early,mixed/unknown,unknown,21258,752,146,,
ErikTheElectric,ELECTRI-RECIPE OF THE WEEK | PROTEIN FLUFF (LOW CALORIE),https://www.youtube.com/watch?v=r0vApwNdGsM,2017-01-25,early,mixed/unknown,extreme,26179,754,53,,
ErikTheElectric,READING MEAN COMMENTS | PART 4,https://www.youtube.com/watch?v=uUF-Mel0mqk,2017-01-24,early,mixed/unknown,unknown,10695,392,87,,
ErikTheElectric,"AWAKE | SO MANY COOKIES, MAKING ""GAINS"", UNCERTAINTY",https://www.youtube.com/watch?v=6cDzIqk6uIk,2017-01-23,early,mixed/unknown,unknown,27087,734,76,,
ErikTheElectric,THE NEXT CHALLENGE? (STILL BURRITO DRUNK),https://www.youtube.com/watch?v=OWF1vgtxUcg,2017-01-22,early,taco/burrito,extreme,4831,100,11,,
ErikTheElectric,"DINNER Q&A | FAVORITE CHALLENGE, QUEST BARS, TRYING VEGANISM?",https://www.youtube.com/watch?v=YohWtLOmyQk,2017-01-20,early,mixed/unknown,extreme,12944,414,48,,
ErikTheElectric,EATING CHALLENGE RECOVERY | DAY AFTER | GROCERY HAUL,https://www.youtube.com/watch?v=cxCmjs1jrT4,2017-01-18,early,mixed/unknown,extreme,66435,1109,72,,
ErikTheElectric,"GIANT CALI QUAKE BURRITO CHALLENGE | 15,000 CALORIES!",https://www.youtube.com/watch?v=BxLHES4LYvY,2017-01-16,early,taco/burrito,super extreme,380410,7954,263,000 calories,15000
ErikTheElectric,"AWAKE | QUEST BAR OVERLOAD, SICKNESS, LIFTING IN 2017!",https://www.youtube.com/watch?v=UB2MhnVkW68,2017-01-15,early,mixed/unknown,unknown,28085,735,55,,
ErikTheElectric,"EATING HOLLYWOOD | LAST DAY, BURGERS & INDIAN FOOD, VENICE BEACH",https://www.youtube.com/watch?v=lsqJPDC9A-M,2017-01-14,early,burger,large,24175,595,27,,
ErikTheElectric,"EATING HOLLYWOOD | DELICIOUS PHO, MATT OGUS, R.I.P BEARD",https://www.youtube.com/watch?v=7pP6tzDQHrM,2017-01-13,early,mixed/unknown,unknown,15248,411,50,,
ErikTheElectric,I DON'T KNOW WHAT TO DO WITH ALL OF THIS!,https://www.youtube.com/watch?v=ETr0QzBnQQY,2017-01-12,early,mixed/unknown,unknown,4460,103,9,,
ErikTheElectric,"EATING HOLLYWOOD | WRECKLESS EATING COLLAB, FIRST RAMEN BOWL",https://www.youtube.com/watch?v=dnMTf_Pox0E,2017-01-11,early,ramen/noodles,unknown,10132,339,32,,
ErikTheElectric,"LA FIT EXPO ""CHEAT DAY"" | CHELSEA ""BIKES"" | YOUTUBE HOUSE S:03 EP:03",https://www.youtube.com/watch?v=ldJWyR65cfU,2017-01-09,early,mixed/unknown,unknown,25196,675,55,,
ErikTheElectric,"BATTLE OF THE BIG EATERS | FINALE, JOHN'S PIZZA, SIRLOIN STEAK",https://www.youtube.com/watch?v=uN2QTXA9tOg,2017-01-07,early,pizza,large,24352,573,34,,
ErikTheElectric,"BATTLE OF THE BIG EATERS | MID WEEK, DALLAS BBQ, TIRAMISU",https://www.youtube.com/watch?v=pJ-trssHBYI,2017-01-06,early,mixed/unknown,unknown,22017,522,41,,
ErikTheElectric,"BATTLE OF THE BIG EATERS | FIRST DAY, CANNOLI, CHEESECAKE",https://www.youtube.com/watch?v=iINlGWWcY8g,2017-01-05,early,dessert/sweets,unknown,63465,1131,60,,
ErikTheElectric,"AWAKE | EATING ON JAPANESE TV, DAILY CALORIE INTAKE, YOUTUBE HOUSE!",https://www.youtube.com/watch?v=keXDAWayxcg,2017-01-04,early,mixed/unknown,extreme,14028,441,45,,
ErikTheElectric,THE BEST CHALLENGES OF 2016!,https://www.youtube.com/watch?v=KbAqYujZcI8,2017-01-02,early,mixed/unknown,extreme,15493,453,33,,
ErikTheElectric,"AWAKE | TASTY CEREAL REVIEW, ONE HELL OF A YEAR, ""THE EXPERIMENT""",https://www.youtube.com/watch?v=YhHyGTRUY_c,2017-01-01,early,mixed/unknown,unknown,10643,352,61,,
ErikTheElectric,"AWAKE | PIZZA WEEK, NEW CHANNEL, BIG NEWS!",https://www.youtube.com/watch?v=hjs9DvpehA0,2016-12-30,early,pizza,large,12933,432,36,,
ErikTheElectric,IT'S ABOUT TO GET INTERESTING! (NEXT CHALLENGE),https://www.youtube.com/watch?v=fn9g0irmwk0,2016-12-28,early,mixed/unknown,extreme,4244,120,10,,
ErikTheElectric,DEALING WITH HOLIDAY WEIGHT GAIN,https://www.youtube.com/watch?v=02Gd8tKiAUY,2016-12-27,early,mixed/unknown,unknown,28700,847,83,,
ErikTheElectric,"AWAKE | RECOVERING FROM 30,000 CALORIES, TESTOSTERONE RESULTS, CEREAL!",https://www.youtube.com/watch?v=SyJ8tI9KOqg,2016-12-25,early,mixed/unknown,super extreme,21693,525,46,000 calories,30000
ErikTheElectric,"""CARBSMAS"" | 30,000 CALORIE CHRISTMAS CHEAT DAY",https://www.youtube.com/watch?v=YSZElFRoHBU,2016-12-23,early,mixed/unknown,super extreme,457438,7464,443,000 calorie christmas cheat day insanity,30000
ErikTheElectric,"BUDDY THE ELF'S CHRISTMAS CHALLENGE | 7,500 CALORIES",https://www.youtube.com/watch?v=yWJbfUyo_mA,2016-12-21,early,mixed/unknown,extreme,57440,1628,118,"500 calories stay tuned for ""carbsmas"" coming soon",7500
ErikTheElectric,"COUNTDOWN TO ""CARBSMAS"" | MCDONALD'S FRIES, FINALS, MOUNTAIN BIKING",https://www.youtube.com/watch?v=j0KjzWn2Uh0,2016-12-19,early,mixed/unknown,unknown,25507,727,40,,
ErikTheElectric,GYNECOMASTIA: MY STRUGGLE,https://www.youtube.com/watch?v=f-_ERTEfZ7A,2016-12-18,early,mixed/unknown,unknown,229992,2976,340,,
ErikTheElectric,"COUNTDOWN TO ""CARBSMAS"" | OREO CHURROS, FLAT TIRES, BENCHING!",https://www.youtube.com/watch?v=9DHuSiaEL4I,2016-12-17,early,mixed/unknown,unknown,51714,943,47,,
ErikTheElectric,"COUNTDOWN TO ""CARBSMAS"" | SUSHI, MILESTONE PR, THE ""TRUTH""",https://www.youtube.com/watch?v=AnegU9RItpo,2016-12-16,early,mixed/unknown,unknown,12857,379,78,,
ErikTheElectric,"COUNTDOWN TO ""CARBSMAS"" | GINGERBREAD MEN, APARTMENT TOUR, CEREAL!",https://www.youtube.com/watch?v=UlbaaFQ5lPU,2016-12-15,early,mixed/unknown,unknown,17703,417,36,,
ErikTheElectric,"COUNTDOWN TO ""CARBSMAS"" | WAFFLES, NEW LENS, PARTY TIME!",https://www.youtube.com/watch?v=1zv4JwuPmmg,2016-12-14,early,mixed/unknown,unknown,23676,592,57,,
ErikTheElectric,THE NEXT CHALLENGE? (WORLD RECORD ATTEMPT),https://www.youtube.com/watch?v=-r0CKaCDhqo,2016-12-13,early,mixed/unknown,super extreme,3694,96,24,,
ErikTheElectric,"AWAKE | CHALLENGE GROCERY HAUL, 10/10 MOTIVATION, YOUTUBE HOUSE?",https://www.youtube.com/watch?v=12C6VFm_MQs,2016-12-12,early,mixed/unknown,extreme,46019,953,73,,
ErikTheElectric,"CASTLE OF CARBS (16,000 CALORIES!)",https://www.youtube.com/watch?v=yMkElge6jhs,2016-12-09,early,mixed/unknown,super extreme,287055,5969,275,000 calories,16000
ErikTheElectric,UPPING THE DOSE?,https://www.youtube.com/watch?v=6tFhnE0WJAo,2016-12-08,early,mixed/unknown,unknown,3455,72,7,,
ErikTheElectric,FULL DAY OF EATING | HERSHEY'S HAUL | PHOTOSHOP,https://www.youtube.com/watch?v=hXxSchtGPMw,2016-12-06,early,mixed/unknown,unknown,73353,1244,82,,
ErikTheElectric,Competitive Eating Q&A (NEXT CHALLENGE SNEAK PEAK),https://www.youtube.com/watch?v=Z9gNkcf592c,2016-12-06,early,mixed/unknown,extreme,2907,81,4,,
ErikTheElectric,"AWAKE | GHOST PEPPER AFTERMATH, TEAM INZER, MULTIVITAMINS",https://www.youtube.com/watch?v=4gbkg-Px1MA,2016-12-04,early,mixed/unknown,unknown,18547,481,51,,
ErikTheElectric,GHOST PEPPER INFERNO PIZZA CHALLENGE!,https://www.youtube.com/watch?v=M3eaOICb7WA,2016-12-03,early,pizza,extreme,46435,1141,125,,
ErikTheElectric,LIVE PIZZA CHALLENGE!,https://www.youtube.com/watch?v=Y-A-9RoRp5U,2016-12-02,early,pizza,extreme,6259,138,13,,
ErikTheElectric,"(GROUP)RIDE TODAY | CHEAT DAYS, RELATIONSHIPS, SOCIAL MEDIA, POWERLIFTING",https://www.youtube.com/watch?v=41VTHgbOxeU,2016-12-01,early,mixed/unknown,unknown,7036,193,26,,
ErikTheElectric,LIVESTREAM: WHAT'S ABOUT TO HAPPEN!?,https://www.youtube.com/watch?v=VixfWeUWWxQ,2016-12-01,early,mixed/unknown,unknown,2227,65,7,,
ErikTheElectric,"THE ""YOUTUBE GLITCH""",https://www.youtube.com/watch?v=5jqKfEifPw4,2016-11-28,early,mixed/unknown,unknown,7065,280,50,,
ErikTheElectric,"AWAKE | THANKSGIVING FOOD, DETOX WEEK, MORE CHALLENGES?",https://www.youtube.com/watch?v=pWkcXpSc8UU,2016-11-27,early,mixed/unknown,extreme,34170,698,82,,
ErikTheElectric,READING MEAN COMMENTS | PART THREE,https://www.youtube.com/watch?v=WU2brnbTS0I,2016-11-24,early,mixed/unknown,unknown,9506,358,86,,
ErikTheElectric,LIVESTREAM: UNBOXING MY NEXT CHALLENGE + HOLIDAY WEIGHT GAIN (Part Two),https://www.youtube.com/watch?v=extd4Zy80JQ,2016-11-24,early,mixed/unknown,extreme,2068,44,7,,
ErikTheElectric,LIVESTREAM: UNBOXING MY NEXT CHALLENGE + HOLIDAY WEIGHT GAIN,https://www.youtube.com/watch?v=pbjrNyMvp8w,2016-11-24,early,mixed/unknown,extreme,2502,74,4,,
ErikTheElectric,DURIAN TASTE TEST/REACTION (FT. MOLLY SCHUYLER),https://www.youtube.com/watch?v=5-tfEbRlkw4,2016-11-19,early,mixed/unknown,unknown,12305,258,45,,
ErikTheElectric,"LIVESTREAM: For The Next Week, Food Has NO Calories",https://www.youtube.com/watch?v=y2-dp-1My-0,2016-11-13,early,mixed/unknown,extreme,4181,87,9,,
ErikTheElectric,"AWAKE | BIGGEST CONTEST EVER, NEW iPHONE 7, QUEST FOR 4 PLATES!",https://www.youtube.com/watch?v=Wdw6zXiJqo0,2016-11-12,early,mixed/unknown,super extreme,7258,306,37,,
ErikTheElectric,"THE NEW FAQ/Q&A | CALORIES, WORKOUTS, WEIGHT",https://www.youtube.com/watch?v=p8EJNYguz4c,2016-11-10,early,mixed/unknown,extreme,9579,171,20,,
ErikTheElectric,"THE RIDE TODAY | MY ELECTION THOUGHTS, BLOODWORK, OVER FOOD?",https://www.youtube.com/watch?v=BiTzDfs2fTI,2016-11-10,early,mixed/unknown,unknown,8777,228,44,,
ErikTheElectric,"A DAY IN THE LIFE | MY APOLOGY TO ALL, PIZZA, SHREDDING!",https://www.youtube.com/watch?v=bkp8q5sfDa8,2016-11-09,early,pizza,large,25429,596,68,,
ErikTheElectric,A BIG DECISION,https://www.youtube.com/watch?v=F0lKxEzz8IE,2016-11-08,early,mixed/unknown,unknown,18405,399,70,,
ErikTheElectric,"SNAPCHAT Q&A | BURNING BODY FAT, COFFEE, MY GUITAR",https://www.youtube.com/watch?v=yK7hjLSWwuQ,2016-11-07,early,mixed/unknown,unknown,13975,343,34,,
ErikTheElectric,"AWAKE | NEVER ENDING HUNGER, SUSHI NIGHT, PL MEET?",https://www.youtube.com/watch?v=cWDVLKQRT2E,2016-11-06,early,mixed/unknown,unknown,29637,704,68,,
ErikTheElectric,THE MYSTERY MOUNTAIN CHALLENGE | 13+ POUNDS,https://www.youtube.com/watch?v=cE-W0BY9hv4,2016-11-04,early,mixed/unknown,extreme,109979,2413,155,,
ErikTheElectric,"A DAY IN THE LIFE | NEW GARMIN EDGE 1000, FRENCH TOAST, ELECTRIC GUITAR",https://www.youtube.com/watch?v=N0u54aXZBDw,2016-10-30,early,mixed/unknown,unknown,10163,365,42,,
ErikTheElectric,EATING THE ALL NEW HALOTOP FLAVORS!,https://www.youtube.com/watch?v=oDe9Y9M0LJI,2016-10-28,early,mixed/unknown,unknown,55465,1211,88,,
ErikTheElectric,Livestream: Eating MORE But Feeling WORSE?,https://www.youtube.com/watch?v=mAL5NKU0BuI,2016-10-27,early,mixed/unknown,unknown,4719,102,13,,
ErikTheElectric,100K AFTERMATH | FEATURED ON CNN | ALL NEW HALOTOP FLAVORS!,https://www.youtube.com/watch?v=eG5EklGySFY,2016-10-26,early,mixed/unknown,unknown,30973,659,71,,
ErikTheElectric,"100K Q&A | FUTURE OF FOOD CHALLENGES, PEANUT BUTTER, NEW CHANNEL?",https://www.youtube.com/watch?v=DAPFv4FGN9M,2016-10-24,early,mixed/unknown,extreme,20484,505,43,,
ErikTheElectric,"100,000 SUBSCRIBER CHEAT DAY!",https://www.youtube.com/watch?v=u6d3-GQwqqQ,2016-10-22,early,mixed/unknown,unknown,444473,7634,561,,
ErikTheElectric,THE KRISPY KREME CHALLENGE!,https://www.youtube.com/watch?v=8o56yCMwSvc,2016-10-20,early,mixed/unknown,extreme,61737,1502,129,,
ErikTheElectric,MASSIVE BOX OF VEGAN JUNK FOOD!,https://www.youtube.com/watch?v=wgPUbFhzyTs,2016-10-18,early,mixed/unknown,super extreme,50087,1328,110,,
ErikTheElectric,EATING BEFORE A FOOD CHALLENGE | NEW HALOTOP REVIEW | SQUAT PR'S,https://www.youtube.com/watch?v=ssFqj5VMslc,2016-10-17,early,mixed/unknown,extreme,17423,501,58,,
ErikTheElectric,LIVESTREAM: POST CHALLENGE DAY? (Q&A),https://www.youtube.com/watch?v=F_-8K8prGgQ,2016-10-14,early,mixed/unknown,extreme,3418,94,9,,
ErikTheElectric,THE FRIED RICE MOUNTAIN | 12.5+ POUNDS,https://www.youtube.com/watch?v=Fmd0E8UkxBk,2016-10-13,early,mixed/unknown,unknown,169824,2927,220,,
ErikTheElectric,READING MEAN COMMENTS! | PART TWO,https://www.youtube.com/watch?v=IeUpSHmt7Go,2016-10-12,early,mixed/unknown,unknown,8640,515,94,,
ErikTheElectric,LATEST CEREAL REVIEW | PHYSIQUE UPDATE | DEADLIFT AND BENCH PRS!,https://www.youtube.com/watch?v=KHmzP1rZ5XY,2016-10-10,early,mixed/unknown,unknown,15303,449,51,,
ErikTheElectric,"THE RIDE TODAY | NEW WAHOO KICKR, 100K SUB CHALLENGE, RELATIONSHIP STRUGGLES?",https://www.youtube.com/watch?v=0azQjpMHytQ,2016-10-07,early,mixed/unknown,extreme,9099,295,95,,
ErikTheElectric,A&W ROOT BEER POPTARTS REVIEW!,https://www.youtube.com/watch?v=s1xHKs-lwUk,2016-10-06,early,mixed/unknown,unknown,16594,394,42,,
ErikTheElectric,"LIVESTREAM: VICTORY + A VERY ""SWEET"" FOOD REVIEW!",https://www.youtube.com/watch?v=TX3RJ_ie5WM,2016-10-06,early,mixed/unknown,unknown,3130,88,2,,
ErikTheElectric,EATING BIG IN CANADA | CONTEST VLOG,https://www.youtube.com/watch?v=EwqMqKAy5Ao,2016-10-04,early,mixed/unknown,unknown,17508,626,62,,
ErikTheElectric,2016 WORLD POUTINE EATING CONTEST,https://www.youtube.com/watch?v=cW5HO7gs4_0,2016-10-03,early,mixed/unknown,unknown,38931,1241,106,,
ErikTheElectric,"VEGANS PROTEST WORLD POUTINE EATING CONTEST | TORONTO, CANADA",https://www.youtube.com/watch?v=HX5oYsznyfU,2016-10-02,early,mixed/unknown,unknown,10472,234,94,,
ErikTheElectric,CAPACITY TRAINING | THE CHRONICLES OF POUTINE,https://www.youtube.com/watch?v=20hyFmeKxy4,2016-09-30,early,mixed/unknown,unknown,26878,630,74,,
ErikTheElectric,LIVESTREAM: Challenge BEFORE Poutine + Haters?,https://www.youtube.com/watch?v=rLlcz_GvIvA,2016-09-29,early,mixed/unknown,extreme,3594,94,11,,
ErikTheElectric,FULL DAY OF EATING | ONLINE COACHING | NEW CAMERA,https://www.youtube.com/watch?v=okJ8dDSd25Q,2016-09-28,early,mixed/unknown,unknown,15443,479,65,,
ErikTheElectric,CHEETOS CHICKEN FRIES REVIEW!,https://www.youtube.com/watch?v=F8b3eQAydeo,2016-09-27,early,fried chicken,large,14146,384,33,,
ErikTheElectric,"THE RIDE TODAY | WHY I'M EATING MEAT AGAIN, GAINING WEIGHT, RUNNING?",https://www.youtube.com/watch?v=ffPwByLGLuc,2016-09-26,early,mixed/unknown,unknown,9967,310,40,,
ErikTheElectric,POST DESSERT CHALLENGE | BIG WEIGHT SPIKE | BACK TO MEAT?,https://www.youtube.com/watch?v=13UB7mcHkig,2016-09-25,early,dessert/sweets,extreme,31822,804,84,,
ErikTheElectric,"AMERICAN VS EUROPEAN ""DESSERT OFF"" CHALLENGE | 16,000+ CALORIES",https://www.youtube.com/watch?v=0F5Wpos_ITs,2016-09-22,early,dessert/sweets,extreme,402347,6543,348,,
ErikTheElectric,Anorexia Recovery (The Final Video) | ErikTheElectric,https://www.youtube.com/watch?v=mLg6uCP0oYQ,2016-09-21,early,mixed/unknown,unknown,47151,1715,151,,
ErikTheElectric,"THE RIDE TODAY | WHY I STOPPED FASTING, MY ""MINI CRASH"", OLYMPIA THOUGHTS",https://www.youtube.com/watch?v=NymLC9tfXt8,2016-09-19,early,mixed/unknown,unknown,6861,340,43,,
ErikTheElectric,HOW TO MAKE YOUR OWN CEREAL! (Chocolate Peanut Butter),https://www.youtube.com/watch?v=5GnHfH0Isec,2016-09-17,early,mixed/unknown,unknown,28292,774,54,,
ErikTheElectric,TRYING EUROPEAN CANDY!,https://www.youtube.com/watch?v=WOH1ijiAzfk,2016-09-16,early,mixed/unknown,unknown,68073,1268,93,,
ErikTheElectric,WHAT DO MY FULL BODY WORKOUTS LOOK LIKE? | NEW CAMERA,https://www.youtube.com/watch?v=rkOGstNbIxU,2016-09-15,early,mixed/unknown,unknown,19687,467,49,135lbs x 12 ; 185lbs x 8 ; 225lbs x 5 ; 275lbs x 5 ; 315lbs x 3,
ErikTheElectric,DAY BEFORE + AFTER AN EATING CONTEST | ONE PLATE OHP | HUNGER,https://www.youtube.com/watch?v=5DXUsUWH5FM,2016-09-14,early,mixed/unknown,unknown,18666,455,51,,
ErikTheElectric,"ULTIMATE POUTINE EATING CONTEST | HOLLYWOOD, CA",https://www.youtube.com/watch?v=qXL2aTrd-8c,2016-09-12,early,mixed/unknown,unknown,40493,1147,134,,
ErikTheElectric,HOW TO MAKE YOUR OWN PEANUT BUTTER!,https://www.youtube.com/watch?v=5Pk94JN_JuM,2016-09-09,early,mixed/unknown,unknown,22284,802,74,,
ErikTheElectric,FINAL HALOTOP REVIEW | NEXT EATING CONTEST | BENCH PROGRESS!,https://www.youtube.com/watch?v=PEKd5bJ0Rr4,2016-09-08,early,mixed/unknown,unknown,10849,356,47,,
ErikTheElectric,LIVESTREAM: NEXT EATING CONTEST!,https://www.youtube.com/watch?v=AbFewUZpZ6g,2016-09-08,early,mixed/unknown,unknown,3216,101,8,,
ErikTheElectric,"THE RIDE TODAY | GOING VEGAN FOR VIEWS, WALDEN FARMS, THE DIET ""TRANSITION""",https://www.youtube.com/watch?v=R47aeyh8jPM,2016-09-06,early,mixed/unknown,unknown,8434,290,73,,
ErikTheElectric,READING MEAN COMMENTS (EPISODE #1),https://www.youtube.com/watch?v=acvvoT2bUIQ,2016-09-05,early,mixed/unknown,unknown,11548,583,129,,
ErikTheElectric,"BIRTHDAY VLOG: CHEESECAKE, DENNY'S, HAPPINESS",https://www.youtube.com/watch?v=164W4x1JZSM,2016-09-02,early,dessert/sweets,unknown,51569,1450,166,,
ErikTheElectric,DOUBLE HALOTOP REVIEW | CAR-LESS | FOREVER SINGLE?,https://www.youtube.com/watch?v=v0WxlYRTBcA,2016-08-31,early,mixed/unknown,unknown,17778,542,64,,
ErikTheElectric,Webcast #29: I pulled the trigger...,https://www.youtube.com/watch?v=0kefLDSYyTI,2016-08-29,early,mixed/unknown,unknown,0,0,0,,
ErikTheElectric,WHAT I ATE ON MY REST DAY,https://www.youtube.com/watch?v=INGLFMfwmBM,2016-08-29,early,mixed/unknown,unknown,41790,981,106,,
ErikTheElectric,THE FAST FOOD CHEAT DAY!,https://www.youtube.com/watch?v=51f4Q7gNtdY,2016-08-27,early,mixed/unknown,unknown,757473,7962,709,,
ErikTheElectric,REVIEWING CHICK-FIL-A BREAKFAST!,https://www.youtube.com/watch?v=-zO2BD28OD8,2016-08-25,early,mixed/unknown,unknown,71873,978,142,,
ErikTheElectric,LIVESTREAM: THE LAST CHALLENGE OF THE SUMMER?,https://www.youtube.com/watch?v=tCnKgdbxxzA,2016-08-25,early,mixed/unknown,extreme,4582,125,8,,
ErikTheElectric,CEREAL CHAT #6 | DEALING WITH HUNGER + INTERMITTENT FASTING,https://www.youtube.com/watch?v=3tLrTT8rnkw,2016-08-24,early,mixed/unknown,unknown,17091,501,78,,
ErikTheElectric,"THE RIDE TODAY | MY TRAINING ROUTINE, PRE/INTRA TRAINING NUTRITION, WHY I RIDE?",https://www.youtube.com/watch?v=Qz2cZnDy7aw,2016-08-23,early,mixed/unknown,unknown,6840,199,42,,
ErikTheElectric,"FINAL SUNDAY Q&A?  | HOW I DEAL WITH WEIGHT GAIN, DAILY CARB INTAKE, GYM MUSIC",https://www.youtube.com/watch?v=s_dYT9f-y6U,2016-08-22,early,mixed/unknown,unknown,15472,391,45,,
ErikTheElectric,WHAT I EAT BEFORE MUKBANGS | HALOTOP REVIEW | GAINING STRENGTH,https://www.youtube.com/watch?v=ybxWww1MmCs,2016-08-21,early,mixed/unknown,extreme,34887,693,103,,
ErikTheElectric,MY NEW BIKE |  THE 2017 GIANT TCR ADVANCED SL 0,https://www.youtube.com/watch?v=YquJun8ohL8,2016-08-20,early,mixed/unknown,super extreme,36824,479,70,,
ErikTheElectric,ULTIMATE BREAKFAST MUKBANG!,https://www.youtube.com/watch?v=D1gqQEL_Hrg,2016-08-18,early,mixed/unknown,extreme,417467,5741,338,,
ErikTheElectric,LIVESTREAM: THE NEXT CHALLENGE? LIVE?,https://www.youtube.com/watch?v=IlrdA0yZYtI,2016-08-18,early,mixed/unknown,extreme,11608,233,29,,
ErikTheElectric,"""SWEDISH FISH"" OREO REVIEW!",https://www.youtube.com/watch?v=sOQJ2XE64HU,2016-08-17,early,mixed/unknown,unknown,32578,708,125,,
ErikTheElectric,"PES VEGAN ""VANILLA INDLUGENCE"" PROTEIN | REVIEW",https://www.youtube.com/watch?v=VXDxsDBrUOc,2016-08-16,early,mixed/unknown,unknown,9605,284,37,,
ErikTheElectric,"SUNDAY Q&A | FINAL ""CHEAT DAY"", OTHER YOUTUBERS, MY GROCERY BILL",https://www.youtube.com/watch?v=DUskOBkWPaE,2016-08-15,early,mixed/unknown,unknown,11491,323,61,,
ErikTheElectric,"THE ""TOUR DE ELECTRIC""",https://www.youtube.com/watch?v=zPfRSO19Z1A,2016-08-14,early,mixed/unknown,unknown,39563,1356,173,,
ErikTheElectric,"WHAT I ATE TODAY | THE ""TOUR DE ELECTRIC""",https://www.youtube.com/watch?v=5e1RwUyHG3E,2016-08-12,early,mixed/unknown,unknown,14428,424,55,,
ErikTheElectric,"THE RIDE TODAY: DURIANRIDER, MY CARB SOURCES, CLIMBING TIPS",https://www.youtube.com/watch?v=gzYU1hS9y-k,2016-08-10,early,mixed/unknown,unknown,8326,251,33,,
ErikTheElectric,THE GROUNDBREAKING PINT | 2ND DEGREE BURNS | GAINING STRENGTH IS FUN,https://www.youtube.com/watch?v=dxXlWxC7mY8,2016-08-09,early,mixed/unknown,unknown,13503,394,68,,
ErikTheElectric,"SUNDAY Q&A | MY WEIGHT GAIN, FUTURE OF FOOD CHALLENGES, ONLINE COACHING",https://www.youtube.com/watch?v=LZtYnhJRrzg,2016-08-08,early,mixed/unknown,extreme,18420,392,41,,
ErikTheElectric,"THE ALL AMERICAN ""MUKBANG""",https://www.youtube.com/watch?v=_Z_T4ElqTUY,2016-08-05,early,mixed/unknown,extreme,682070,7075,824,,
ErikTheElectric,"IHOP'S SALTED CARAMEL & BANANA ""CRISS-CROISSANT""",https://www.youtube.com/watch?v=QQvljFx1Lds,2016-08-04,early,mixed/unknown,unknown,16590,429,37,,
ErikTheElectric,"LIVESTREAM: THE NEXT ""CHEAT DAY"" CHALLENGE + GOT FEATURED!",https://www.youtube.com/watch?v=m1DiVOwX_A0,2016-08-04,early,mixed/unknown,extreme,4357,113,29,,
ErikTheElectric,"MY FIRST ""FULL DAY OF EATING""",https://www.youtube.com/watch?v=QVb3Y4fa2K8,2016-08-03,early,mixed/unknown,unknown,74994,1740,119,,
ErikTheElectric,EPIC FRENCH TOAST | STRENGTH PROGRESS | PRIDE,https://www.youtube.com/watch?v=S2FvTixv0Ao,2016-08-02,early,mixed/unknown,unknown,11983,410,81,,
ErikTheElectric,"SNAPCHAT Q&A | HOW TO EAT MORE FOOD, FAVORITE BAND, REASONABLE GOALS?",https://www.youtube.com/watch?v=BG6MPoFYSr8,2016-08-01,early,mixed/unknown,unknown,15089,348,47,,
ErikTheElectric,MY NEW GO PRO | FULL RIDE FOOTAGE,https://www.youtube.com/watch?v=ScEhDCA2_rU,2016-07-30,early,mixed/unknown,unknown,5719,215,39,,
ErikTheElectric,CEREAL CHAT #5 | EXTREME HUNGER!,https://www.youtube.com/watch?v=rBm-XsqKAU0,2016-07-29,early,mixed/unknown,unknown,20878,543,83,,
ErikTheElectric,WHAT DO I EAT FOR BREAKFAST? | DENNYS NEW PANCAKE REVIEW!,https://www.youtube.com/watch?v=eZnw_NYo07g,2016-07-28,early,dessert/sweets,unknown,36289,660,92,,
ErikTheElectric,HOW MANY CALORIES I'VE BEEN EATING | MY FIRST GUN | LATEST CEREAL REVIEW!,https://www.youtube.com/watch?v=17UBVMYe7UA,2016-07-27,early,mixed/unknown,extreme,15262,473,122,,
ErikTheElectric,THE RIDE TODAY: CARB SOURCES MATTER + HOW TO CLIMB HILLS!,https://www.youtube.com/watch?v=CZAVuSEX_90,2016-07-26,early,mixed/unknown,unknown,6855,213,53,,
ErikTheElectric,"IG + Snapchat Q&A | RECOVERING FROM FOOD CHALLENGES, MACRO COUNTING, SPONSORS?",https://www.youtube.com/watch?v=ghhloAjUL90,2016-07-25,early,mixed/unknown,extreme,12171,299,30,,
ErikTheElectric,"THE ""NYB WING & RIB CHALLENGE"" | RESTAURANT TROLLING",https://www.youtube.com/watch?v=QpIcMTkjb08,2016-07-23,early,mixed/unknown,extreme,245545,4506,433,2lbs of fries; 75 wings (25 garlic parmesan + 25 bbq + 25 teriyaki),
ErikTheElectric,LIVESTREAM: PREPARING FOR TOMORROWS CHALLENGE!,https://www.youtube.com/watch?v=xTotWkJZ4z4,2016-07-21,early,mixed/unknown,extreme,4149,118,13,,
ErikTheElectric,"CEREAL CHAT #4 | ""CARBOPHOBIA""",https://www.youtube.com/watch?v=X8ueyCizZaY,2016-07-21,early,mixed/unknown,unknown,13880,464,68,,
ErikTheElectric,"THE RIDE TODAY: Calories Burned, Beginner Cycling Tips, Riding for Fun",https://www.youtube.com/watch?v=jJBXWB0Jmfc,2016-07-19,early,mixed/unknown,extreme,21257,568,89,,
ErikTheElectric,"INSTAGRAM + SNAPCHAT Q&A: NEXT CHEAT DAY, GIVING UP ON YOUTUBE, BEGINNER TIPS",https://www.youtube.com/watch?v=zjnZJcr0WlM,2016-07-18,early,mixed/unknown,unknown,15725,395,39,,
ErikTheElectric,"100 MILES FOR 75,000 SUBSCRIBERS |  NEXT CHALLENGE PREVIEW!",https://www.youtube.com/watch?v=4vi-Gx5xko0,2016-07-15,early,mixed/unknown,extreme,30418,758,150,,
ErikTheElectric,"BEN AND JERRY'S ""PB & COOKIES""  REVIEW! (VEGAN)",https://www.youtube.com/watch?v=qUaJvxWyceM,2016-07-14,early,mixed/unknown,unknown,24617,615,68,,
ErikTheElectric,"Electrirecipe of the Week | ""Macro-Friendly"" ZUCCHINI WAFFLE FRIES!",https://www.youtube.com/watch?v=X2fyrzMEWhU,2016-07-13,early,mixed/unknown,unknown,11745,350,36,,
ErikTheElectric,"MY EATING ON CHALLENGE DAY, SHOOTING GUNS, TINY TOAST REVIEW",https://www.youtube.com/watch?v=MNfew06fl3g,2016-07-12,early,mixed/unknown,extreme,13825,360,65,,
ErikTheElectric,"SUNDAY Q&A | RECOVERING FROM FOOD CHALLENGES, CHELSEALIFTS, BEST BREAKFAST FOOD!",https://www.youtube.com/watch?v=1FL6mwnlbs0,2016-07-11,early,mixed/unknown,extreme,19089,453,50,,
ErikTheElectric,THE OREO CHALLENGE!,https://www.youtube.com/watch?v=hxLdt0PFd-A,2016-07-08,early,mixed/unknown,extreme,170975,3200,304,,
ErikTheElectric,PB & JELLY TOASTER STRUDEL REVIEW!,https://www.youtube.com/watch?v=vn1SuLT-CPQ,2016-07-07,early,mixed/unknown,unknown,17813,391,41,,
ErikTheElectric,LIVESTREAM: No More Challenges?,https://www.youtube.com/watch?v=44Qu91gf48o,2016-07-07,early,mixed/unknown,extreme,4409,99,18,,
ErikTheElectric,WHY I DIDN'T COMPETE AT NATHAN'S THIS YEAR | THOUGHTS ON PETA | FUTURE CHALLENGES,https://www.youtube.com/watch?v=Tm40rnFSDos,2016-07-05,early,mixed/unknown,extreme,16945,476,67,,
ErikTheElectric,"SUNDAY Q&A | WORKOUT ROUTINE, HIGH METABOLISM, FAVORITE CEREAL?",https://www.youtube.com/watch?v=IA4_6rFhwEI,2016-07-04,early,mixed/unknown,unknown,10769,314,30,,
ErikTheElectric,WHERE I CURRENTLY STAND | NEW 10/10 CEREAL? | MOTIVATION,https://www.youtube.com/watch?v=Vf4Aky4q6oI,2016-07-03,early,mixed/unknown,unknown,15484,497,89,,
ErikTheElectric,"BURGER KING'S ""MAC AND CHEETOS"" REVIEW!",https://www.youtube.com/watch?v=3wVrDyFnJys,2016-06-30,early,burger,large,31690,682,48,,
ErikTheElectric,"Livestream: 65,000 Subscriber PIZZA PARTY!",https://www.youtube.com/watch?v=_kWF7HyhlXs,2016-06-23,early,pizza,large,16225,291,34,,
ErikTheElectric,VEGAN Fast Food /w Brian and Tim | Deadlifting | New 10/10 Cereal?,https://www.youtube.com/watch?v=qJvrnobSvN4,2016-06-22,early,mixed/unknown,unknown,20595,557,59,,
ErikTheElectric,"Sunday Q&A | POST CRASH INJURIES, ""ASSISTED BULIMIA"", STARTING A CHANNEL?",https://www.youtube.com/watch?v=aMsS7XfMAnE,2016-06-20,early,mixed/unknown,unknown,10783,319,52,,
ErikTheElectric,Livestream: The ULTIMATE FAQ (#2),https://www.youtube.com/watch?v=rDg4UHvgygA,2016-06-19,early,mixed/unknown,unknown,5671,149,22,,
ErikTheElectric,ADDRESSING CRITICISM | MY CRASH | POST 50K WEIGHT GAIN,https://www.youtube.com/watch?v=O5Pb9bYRpuo,2016-06-18,early,mixed/unknown,unknown,48797,1263,281,,
ErikTheElectric,"THE 50,000 CALORIE CHALLENGE",https://www.youtube.com/watch?v=MO-3_9FuIQQ,2016-06-16,early,mixed/unknown,super extreme,5270864,67178,5978,000 calorie challenge (check me out on social media,50000
ErikTheElectric,"50,000 CALORIE CHALLENGE | RELEASE PARTY!",https://www.youtube.com/watch?v=jxcGeanvNb0,2016-06-16,early,mixed/unknown,super extreme,12314,254,24,000 calorie challenge | release party,50000
ErikTheElectric,"THE ROCK'S CHEAT DAY CHALLENGE | 19,000 CALORIES",https://www.youtube.com/watch?v=yytu2FnaOBI,2016-06-10,early,mixed/unknown,super extreme,1679044,19305,1257,"000 calories (check me out on social media; 000 calorie challenge"" which has a lot of challenges within the video",19000
ErikTheElectric,"50,000 CALORIES | IS IT POSSIBLE?",https://www.youtube.com/watch?v=TDd9PuDaA0Q,2016-06-09,early,mixed/unknown,super extreme,102988,1478,165,000 calories | is it possible,50000
ErikTheElectric,AND SO IT BEGINS! (LIVE EATING CHALLENGE!),https://www.youtube.com/watch?v=KQhgLnrNBgY,2016-06-07,early,mixed/unknown,extreme,13770,264,40,,
ErikTheElectric,"Sunday Q&A | 50K PREVIEW, Eating On The Bike, Building Leg Strength",https://www.youtube.com/watch?v=LrNNR5jDIDU,2016-06-06,early,mixed/unknown,unknown,18328,429,43,,
ErikTheElectric,"Webcast #68: VEGAN 50,000 Calorie Challenge?",https://www.youtube.com/watch?v=XTUUg_PrmB4,2016-06-05,early,mixed/unknown,super extreme,4628,79,9,000 calorie challenge,50000
ErikTheElectric,"MINI VLOG | RACE DAY, Ben and Jerry's Review, I Need A BREAK!",https://www.youtube.com/watch?v=2tdu3m0K4iY,2016-06-04,early,mixed/unknown,unknown,9139,334,39,,
ErikTheElectric,"ED Chat | ""FORMER FATTY SYNDROME""",https://www.youtube.com/watch?v=TkB0Hew2230,2016-06-03,early,mixed/unknown,unknown,53466,1618,109,,
ErikTheElectric,100 MILE RIDE | Squats and Deadlifts | DOUBLE Ice Cream + Cereal Review!,https://www.youtube.com/watch?v=xwBlUEVb3Wk,2016-06-01,early,mixed/unknown,unknown,22409,547,77,,
ErikTheElectric,"HOW ARE YOU NOT ""FAT""?",https://www.youtube.com/watch?v=I5gum5jX1Is,2016-05-31,early,mixed/unknown,unknown,363469,7856,294,,
ErikTheElectric,"Sunday Q&A | GYNECOMASTIA, PIZZA, HIGH CARB DIETING, DATING SUBSCRIBERS?",https://www.youtube.com/watch?v=qDV5JYt59AY,2016-05-30,early,pizza,large,20281,369,58,,
ErikTheElectric,Live Webcast: The Nutrition Roundtable!,https://www.youtube.com/watch?v=24NTYdaSv0Y,2016-05-29,early,mixed/unknown,unknown,2555,74,9,00 calorie challenge),
ErikTheElectric,"Electrirecipe of the Week | GARLIC ""VOLCANO"" PIZZA",https://www.youtube.com/watch?v=TUtuQQcN3Xc,2016-05-26,early,pizza,large,17974,430,54,,
ErikTheElectric,Live Webcast:  100 MILE RIDE | 50K DATE!? (Epic Eating Time!),https://www.youtube.com/watch?v=KpkGa0UQLJ0,2016-05-26,early,mixed/unknown,unknown,2488,71,7,,
ErikTheElectric,"Sunday Q&A | DO I ENJOY CHEAT DAYS, FASTING TIPS, BIGGEST FEAR?",https://www.youtube.com/watch?v=DqRHTdR9o6I,2016-05-23,early,mixed/unknown,super extreme,20373,359,36,,
ErikTheElectric,"FeedingTheElectric (26) CHALLENGE RECOVERY, Emotions, No More Cereal?",https://www.youtube.com/watch?v=aluBFUUzkgQ,2016-05-19,early,mixed/unknown,extreme,23375,446,49,,
ErikTheElectric,"Live Webcast: THE 50,000 CALORIE CHALLENGE?",https://www.youtube.com/watch?v=75hA7-fX4N4,2016-05-19,early,mixed/unknown,super extreme,6288,121,14,000 calorie challenge,50000
ErikTheElectric,THE McDONALD'S McMOUNTAIN CHALLENGE (World Record Attempt),https://www.youtube.com/watch?v=OzDgFBgUd2U,2016-05-17,early,mixed/unknown,super extreme,2126623,25931,2943,,
ErikTheElectric,"Sunday Q&A | Single Life SUCKS, How Many Calories do I Burn, Becoming A Therapist?",https://www.youtube.com/watch?v=TPFWGUhi9kQ,2016-05-16,early,mixed/unknown,extreme,12505,365,61,,
ErikTheElectric,Webcast #65: Next Challenge = TOMORROW?,https://www.youtube.com/watch?v=5MHmrySS3Us,2016-05-15,early,mixed/unknown,extreme,2165,54,12,,
ErikTheElectric,Webcast #64: A New Challenge Arises..,https://www.youtube.com/watch?v=ZxJ7DyqvtFw,2016-05-12,early,mixed/unknown,extreme,1940,56,6,,
ErikTheElectric,FeedingTheElectric (25) EATING CHALLENGE RECOVERY | Race Results | Guitar Carnage,https://www.youtube.com/watch?v=dIO9zBn1HgI,2016-05-10,early,mixed/unknown,extreme,13178,370,38,,
ErikTheElectric,THE GREAT AMERICAN CEREAL CHALLENGE | ErikTheElectric,https://www.youtube.com/watch?v=__hGKKVcV_4,2016-05-05,early,mixed/unknown,extreme,210009,3983,249,11 pounds of cereal and milk later,
ErikTheElectric,FeedingTheElectric (24) Next Challenge PREVIEW + Video Going Viral | Rediscovery | Bulking Over?,https://www.youtube.com/watch?v=_JUhK5zA8_w,2016-05-03,early,mixed/unknown,extreme,10591,319,57,,
ErikTheElectric,100% RAW BROCCOLI CHALLENGE | Brian Turner Challenge,https://www.youtube.com/watch?v=TJLWsRWPQ2E,2016-05-01,early,mixed/unknown,extreme,43129,966,75,,
ErikTheElectric,Epic Livestream: FIRST LIVE EATING CHALLENGE!,https://www.youtube.com/watch?v=RseIOKm9XoY,2016-05-01,early,mixed/unknown,extreme,3367,90,15,,
ErikTheElectric,FeedingTheElectric (23) Post Challenge WEIGHT LOSS | Tracking Calories Again | Video Quality,https://www.youtube.com/watch?v=haw8oOnzxYI,2016-04-26,early,mixed/unknown,extreme,15831,502,41,,
ErikTheElectric,Sunday Q&A | Favorite FOOD CHALLENGE | Game of Thrones | Cycling Calories?,https://www.youtube.com/watch?v=SOUCOjj6VX0,2016-04-25,early,mixed/unknown,extreme,7841,226,21,,
ErikTheElectric,"$1300 ""LUCKY SEVEN CHICKEN CHALLENGE"" | ErikTheElectric",https://www.youtube.com/watch?v=US64rZh1d9E,2016-04-23,early,fried chicken,extreme,394592,5768,200,7 pounds; 7 pounds),
ErikTheElectric,My BIGGEST CHALLENGE YET | Capacity Training,https://www.youtube.com/watch?v=NkGJGPXcosY,2016-04-20,early,mixed/unknown,super extreme,32282,598,69,,
ErikTheElectric,Webcast #58: The NEXT Challenge + Meat Trolling,https://www.youtube.com/watch?v=nOeVB3seu-E,2016-04-17,early,mixed/unknown,extreme,2576,60,16,,
ErikTheElectric,Webcast #57: Sushi DRUNK + The Next Challenge?,https://www.youtube.com/watch?v=XALYq6l_avE,2016-04-15,early,mixed/unknown,extreme,2171,58,12,,
ErikTheElectric,"The AYCE SUSHI CHALLENGE | 12,000+ Calories!",https://www.youtube.com/watch?v=r8dq4_THPpw,2016-04-14,early,mixed/unknown,extreme,239512,3638,229,10 lbs of sushi,
ErikTheElectric,"Tuesday Q&A | My OBESITY, Favorite Sushi, Metabollic Damage",https://www.youtube.com/watch?v=y4GxmhouWuM,2016-04-13,early,mixed/unknown,unknown,11250,265,52,,
ErikTheElectric,"FeedingTheElectric (21) The Hiatus, NEW 10/10 CEREAL, The Power Meter Arrives!",https://www.youtube.com/watch?v=R3PhdXdZlbM,2016-04-12,early,mixed/unknown,unknown,10647,341,35,,
ErikTheElectric,"Webcast #54: So... 40,000 Calories?",https://www.youtube.com/watch?v=WIIQajfm4Ms,2016-04-03,early,mixed/unknown,super extreme,5339,69,16,000 calories,40000
ErikTheElectric,"FeedingTheElectric (20) 40,000 CALORIE CHEAT DAY | Video Going Viral | Cereal Party!",https://www.youtube.com/watch?v=j-xMayt8siE,2016-04-02,early,mixed/unknown,super extreme,237616,2679,172,000 calorie cheat day | video going viral | cereal party,40000
ErikTheElectric,"Webcast #53: 40,000 SUBSCRIBERS + Cheat-a-thon Thoughts + I Got High?",https://www.youtube.com/watch?v=5jktNoRFZNQ,2016-04-01,early,mixed/unknown,unknown,3461,73,8,,
ErikTheElectric,"Sunday Q&A | 40,000 Subscriber GIVEAWAY, Cheat-A-Thon Food, Teens Training",https://www.youtube.com/watch?v=NyhYwQuV5Sc,2016-03-29,early,mixed/unknown,unknown,11151,269,30,,
ErikTheElectric,THE CHEAT-A-THON | ErikTheElectric,https://www.youtube.com/watch?v=St0YdepOJHA,2016-03-28,early,mixed/unknown,unknown,532850,4604,622,,
ErikTheElectric,Webcast #52: Cheat-A-Thon Calories + I May Need a Doctor,https://www.youtube.com/watch?v=7RyFi31uyC8,2016-03-27,early,mixed/unknown,extreme,4755,79,13,,
ErikTheElectric,"The MAC DADDY PANCAKE CHALLENGE | ""Cheat-A-Thon"" Sneak Peek!",https://www.youtube.com/watch?v=DgCTgehYIH4,2016-03-24,early,dessert/sweets,extreme,106311,1663,135,,
ErikTheElectric,"Instagram Q&A | UPCOMING CHALLENGE, Old ""Bulking Pictures, My Take On Drugs",https://www.youtube.com/watch?v=FWgWclKp87s,2016-03-21,early,mixed/unknown,extreme,7613,249,26,,
ErikTheElectric,"Sunday Night Q&A | Favorite Food Challenge, Fitbits + Calorie Trackers, Warcraft",https://www.youtube.com/watch?v=_KMAiMMCuXM,2016-03-14,early,mixed/unknown,extreme,9954,253,31,,
ErikTheElectric,Webcast #48: I can't believe that happened..,https://www.youtube.com/watch?v=eIao83qK5hc,2016-03-13,early,mixed/unknown,unknown,3217,83,20,,
ErikTheElectric,FeedingTheElectric (17) MORE Food | Deadlifting | Ride Footage,https://www.youtube.com/watch?v=dxGs5t-ljEc,2016-03-12,early,mixed/unknown,unknown,10129,277,51,,
ErikTheElectric,Webcast #47: The NEXT Challenge!,https://www.youtube.com/watch?v=qmCJtYmd_Xw,2016-03-11,early,mixed/unknown,extreme,3107,72,20,,
ErikTheElectric,"FeedingTheElectric (16) Sample 6,000 Calorie Diet | Double Cereal Review | New Haircut",https://www.youtube.com/watch?v=bo6Kz2nWcGE,2016-03-08,early,mixed/unknown,extreme,21183,436,65,000 calorie diet | double cereal review | new haircut **chron-o-meter**,6000
ErikTheElectric,"Sunday Night Q&A | Veganism and Binge Eating, Top 3 Cereals, Bulimia",https://www.youtube.com/watch?v=8kGOcf7wFJM,2016-03-07,early,mixed/unknown,unknown,12962,311,43,,
ErikTheElectric,FeedingTheElectric (15) POST Challenge Day | Climbing Tips | Vegan Discussion,https://www.youtube.com/watch?v=mW9dKj6QbHM,2016-03-05,early,mixed/unknown,extreme,16190,406,50,,
ErikTheElectric,Webcast #45: Banana Drunk,https://www.youtube.com/watch?v=u-cdY3WN-0g,2016-03-04,early,mixed/unknown,unknown,3202,70,20,,
ErikTheElectric,The 50 Banana & Peanut Butter VEGAN CHALLENGE!,https://www.youtube.com/watch?v=AZLFeZqX40k,2016-03-03,early,mixed/unknown,extreme,113542,2350,238,12 pound capacity; 14lbs,
ErikTheElectric,FeedingTheElectric (14) White Sauce Vegan Pizza | Stress | Ethical Debate,https://www.youtube.com/watch?v=TsbuWQDo_X0,2016-03-01,early,pizza,large,13494,381,64,4 oz of warm water and sugar,
ErikTheElectric,Webcast #44: The Change,https://www.youtube.com/watch?v=_Vlf3D0BrZ4,2016-02-28,early,mixed/unknown,unknown,3031,74,25,,
ErikTheElectric,Webcast #42: No Challenges for a while?,https://www.youtube.com/watch?v=8eBcnWzofzE,2016-02-21,early,mixed/unknown,extreme,3336,84,9,,
ErikTheElectric,FeedingTheElectric (11) BUILDING a Food Challenge | Valentines Day | Future Plans,https://www.youtube.com/watch?v=bIWEn9hTCLg,2016-02-18,early,mixed/unknown,extreme,24314,527,66,,
ErikTheElectric,"The Great American BREAKFAST Challenge | 18,000+ Calories",https://www.youtube.com/watch?v=zPo9XJ4iUa8,2016-02-16,early,mixed/unknown,extreme,740014,9947,678,13 pounds,
ErikTheElectric,ULTIMATE Webcast FAQ + Q&A! (Anorexia | Cheat Days | Training),https://www.youtube.com/watch?v=KebakS6k5Dg,2016-02-14,early,mixed/unknown,unknown,12163,134,19,,
ErikTheElectric,FeedingTheElectric (10) MORE Calories | BBQ Tofu Pizza | Surpassing Expectations,https://www.youtube.com/watch?v=Jnkgbkseh8o,2016-02-13,early,pizza,extreme,13599,387,57,,
ErikTheElectric,ED Chat | Calorie Counting In Recovery AND For Teenagers,https://www.youtube.com/watch?v=7AEey4sXf_Q,2016-02-12,early,mixed/unknown,extreme,36295,1091,68,,
ErikTheElectric,FeedingTheElectric (9) Day of an Eating Challenge | P.O Box Pickups | Cereal Review!,https://www.youtube.com/watch?v=SARB8iUEalQ,2016-02-10,early,mixed/unknown,extreme,32512,557,71,,
ErikTheElectric,"Ultimate SuperBowl Sundae Challenge | 15,000+ Calories!",https://www.youtube.com/watch?v=ejxlqbf3pFw,2016-02-08,early,mixed/unknown,extreme,435161,6629,440,,
ErikTheElectric,Webcast #37: Next Challenge Tomorrow?,https://www.youtube.com/watch?v=bBSoVfuM6CM,2016-02-07,early,mixed/unknown,extreme,1977,69,9,,
ErikTheElectric,FeedingTheElectric (7) Latest Cereal Review | Single Life + Anxiety | Eating the Same Things?,https://www.youtube.com/watch?v=xEHi9Xa-yIM,2016-01-30,early,mixed/unknown,unknown,13877,392,64,,
ErikTheElectric,A Brief Webcast: Less Webcasts + Next Challenge?,https://www.youtube.com/watch?v=ayzeglqLeQQ,2016-01-28,early,mixed/unknown,extreme,1751,48,15,,
ErikTheElectric,FeedingTheElectric (6) My Daily Calorie Intake | Strength Progression | Cereal Review!,https://www.youtube.com/watch?v=GGbw6D8xTtw,2016-01-27,early,mixed/unknown,extreme,19151,420,63,,
ErikTheElectric,"LA Fit Expo Pt. 2 | Eating Contest, Leaving the House, So Many Samples!",https://www.youtube.com/watch?v=_oTOxXb-DHg,2016-01-26,early,mixed/unknown,unknown,11012,347,33,,
ErikTheElectric,"LA Fit Expo PT. 1 | YouTube House, Meeting Subscribers, Expo Food Carnage!",https://www.youtube.com/watch?v=R4CBiINdlEs,2016-01-25,early,mixed/unknown,unknown,9212,382,41,,
ErikTheElectric,Webcast #34: Eating Challenge at the Expo?,https://www.youtube.com/watch?v=fCzNueAIWmQ,2016-01-21,early,mixed/unknown,extreme,2866,83,10,,
ErikTheElectric,A Competitive Eaters CHEAT DAY | ErikTheElectric,https://www.youtube.com/watch?v=nqUg_ky7AZo,2016-01-17,early,mixed/unknown,unknown,1422038,15602,1170,,
ErikTheElectric,"Bulls Smokin BBQ ""THE TROUGH"" Challenge | ErikTheElectric",https://www.youtube.com/watch?v=M4oT1Zz4t1M,2016-01-15,early,mixed/unknown,extreme,30980,703,56,,
ErikTheElectric,"Webcast #32: We ""Vegetarian"" Now + Next Challenge + 25,000 SUBSCRIBERS!",https://www.youtube.com/watch?v=vYSFXpj-aog,2016-01-10,early,mixed/unknown,extreme,3140,69,18,,
ErikTheElectric,FeedingTheElectric (1) Deadlift PRs | Chicago Pizza | Camera Issues?,https://www.youtube.com/watch?v=QmhYxoGGO6Q,2016-01-08,early,pizza,large,15833,364,50,,
ErikTheElectric,"IHOP's AYCE Pancake Challenge | 25,000 Subscriber Special!",https://www.youtube.com/watch?v=a9d555D-p14,2016-01-07,early,dessert/sweets,extreme,260405,3682,149,35 pancakes and it was one my first ever eating challenges done,
ErikTheElectric,"Webcast #31: 10,000 Calories of Pancakes?",https://www.youtube.com/watch?v=1vScgf4F_wA,2016-01-07,early,dessert/sweets,super extreme,2802,92,18,000 calories of pancakes,10000
ErikTheElectric,"25 Days of Destruction | 25,000 Subscriber Challenge | Motivation",https://www.youtube.com/watch?v=sLNmrO5hpIU,2016-01-06,early,mixed/unknown,extreme,14154,426,59,,
ErikTheElectric,Protein Granola Recipe | First Ride | Squat PRs | Vegan Food Review!,https://www.youtube.com/watch?v=ycDnGWwpJ0M,2016-01-05,early,mixed/unknown,unknown,10643,343,36,,
ErikTheElectric,"25,000 Subscribers | YOU Pick The Challenge!",https://www.youtube.com/watch?v=6oKGFGsuSTk,2016-01-04,early,mixed/unknown,extreme,11514,243,248,,
ErikTheElectric,"Webcast #30: 25,000 Calories for 25,000 Subscribers?",https://www.youtube.com/watch?v=DtSOWOszfCQ,2016-01-03,early,mixed/unknown,super extreme,4033,118,13,000 calories for 25,25000
ErikTheElectric,NEW BIKE | GOAT Salad Recipe + Pizza | Already Hitting PRs!,https://www.youtube.com/watch?v=0SJYPpkJ3Bc,2016-01-02,early,pizza,large,8831,280,67,,
ErikTheElectric,Looking Back on 2015 | Future Contests/Challenges/Collabs?,https://www.youtube.com/watch?v=rJXPoENy1RM,2016-01-01,early,mixed/unknown,extreme,5909,279,42,,
ErikTheElectric,Webcast #29: No more Gimmli + Next Challenge?,https://www.youtube.com/watch?v=8632RpmFWTI,2015-12-31,early,mixed/unknown,extreme,2162,61,8,,
ErikTheElectric,"The ULTIMATE German Candy Challenge | 20,000 CALORIES",https://www.youtube.com/watch?v=rvMcG0Tytrc,2015-12-29,early,mixed/unknown,super extreme,375585,6592,876,000 calories **order of favorites,20000
ErikTheElectric,Webcast #27: So.. I lied..,https://www.youtube.com/watch?v=jkp7PA2WSlg,2015-12-24,early,mixed/unknown,unknown,3744,92,14,,
ErikTheElectric,Ultimate Waffles | Groceries | Tracking Calories/Programming,https://www.youtube.com/watch?v=XOw21T4Uoc8,2015-12-23,early,mixed/unknown,extreme,22408,503,48,,
ErikTheElectric,Easy Curry Pizza! | ErikTheElectric,https://www.youtube.com/watch?v=xPlZW8UGYSg,2015-12-22,early,pizza,large,10600,243,24,,
ErikTheElectric,Webcast #26: Another Setback In Life + Next Challenge!,https://www.youtube.com/watch?v=5zSXOXoaees,2015-12-20,early,mixed/unknown,extreme,2660,44,11,,
ErikTheElectric,Full Day of an Eating Challenge #2 | Cereal Review | Opinions?,https://www.youtube.com/watch?v=Fu7MTL_UDeA,2015-12-18,early,mixed/unknown,super extreme,19172,386,80,000 calories in a day,30000
ErikTheElectric,Chili's UNLIMITED Enchilada Challenge | ErikTheElectric,https://www.youtube.com/watch?v=yRPpRNpAVcs,2015-12-17,early,mixed/unknown,extreme,94142,1481,123,,
ErikTheElectric,"The ""100 Pushup Challenge"" (ChelseaLifts Response)",https://www.youtube.com/watch?v=OayJ9BGo5tk,2015-12-16,early,mixed/unknown,extreme,27684,383,83,,
ErikTheElectric,Day After a Challenge | New Garmin | Double Cereal Review!,https://www.youtube.com/watch?v=S5YQW0vmAB4,2015-12-12,early,mixed/unknown,extreme,113462,1134,88,,
ErikTheElectric,WORLDS LARGEST PROTEIN CAKE | Presented by Cellucor,https://www.youtube.com/watch?v=Q1uf4q0TRiI,2015-12-10,early,dessert/sweets,unknown,265103,4350,257,,
ErikTheElectric,"Webcast #24: Best Day Ever + ""German"" Pizza (I'm bulking)?",https://www.youtube.com/watch?v=od3Xc2wE5ak,2015-12-06,early,pizza,large,3822,49,10,,
ErikTheElectric,BIG News | Pizza Party | Another Cereal Review,https://www.youtube.com/watch?v=CE0qeNhbBi0,2015-12-02,early,pizza,large,8169,280,37,,
ErikTheElectric,"30,000+ Calorie ""CHEATSGIVING"" | ErikTheElectric",https://www.youtube.com/watch?v=TgK0fPV6jlI,2015-11-30,early,mixed/unknown,extreme,817013,9071,957,,
ErikTheElectric,"Webcast #23: I ate MORE than 30,000 calories? (TFW Thanksgiving)",https://www.youtube.com/watch?v=UVUMjkzxsvs,2015-11-29,early,mixed/unknown,super extreme,5855,67,19,000 calories,30000
ErikTheElectric,"Upcoming ""Cheat Day"" | Perfection | Frozen Pizza",https://www.youtube.com/watch?v=vAEHSWTqls0,2015-11-24,early,pizza,large,13886,398,72,,
ErikTheElectric,Webcast #22: YOU pick my Thanksgiving Food Challenge!,https://www.youtube.com/watch?v=PBpdMMbkMq4,2015-11-22,early,mixed/unknown,extreme,2403,42,14,,
ErikTheElectric,Full Day of an Eating Challenge | Cereal Review | Trolls,https://www.youtube.com/watch?v=z2Ah_coOLnI,2015-11-14,early,mixed/unknown,super extreme,16508,403,41,000 calorie american diet challenge here**,18000
ErikTheElectric,"The Great American Diet Challenge | 18,000+ Calories",https://www.youtube.com/watch?v=R66eUx93730,2015-11-12,early,mixed/unknown,extreme,610335,7608,614,,
ErikTheElectric,ErikTheElectric's Easy Pizza Recipe,https://www.youtube.com/watch?v=F-a_dxUnVjU,2015-11-11,early,pizza,large,10063,261,24,,
ErikTheElectric,The Ultimate Waffles | Bears Game + Bike Ride | Happiness,https://www.youtube.com/watch?v=ud-XmbggFLs,2015-11-11,early,mixed/unknown,unknown,17045,396,31,,
ErikTheElectric,Post Chipotle Challenge | Squats | Vegan Pepperoni Pizza,https://www.youtube.com/watch?v=yocHhCIG5uE,2015-11-08,early,pizza,extreme,10796,292,42,,
ErikTheElectric,Webcast #20: It's been a while... (Time for pizza),https://www.youtube.com/watch?v=j66mIEcdLD4,2015-11-08,early,pizza,large,1995,37,10,,
ErikTheElectric,One Man vs TEN CHIPOTLE BURRITOS | ErikTheElectric,https://www.youtube.com/watch?v=0n-sWwcBhhw,2015-11-06,early,taco/burrito,unknown,311057,4864,305,,
ErikTheElectric,10 Chipotle Burrito Challenge | ErikTheElectric (Teaser),https://www.youtube.com/watch?v=aiRApmeHGRI,2015-11-05,early,taco/burrito,extreme,13872,218,22,,
ErikTheElectric,Big Weight Drop | Time For IHOP | Being Single,https://www.youtube.com/watch?v=ZogV6vC7qIM,2015-11-04,early,mixed/unknown,unknown,124200,1729,140,,
ErikTheElectric,"8 Pound Peanut Butter PIZOOKIE CHALLENGE (14,000+ Calories)",https://www.youtube.com/watch?v=nn6cgNo1-6Q,2015-10-31,early,mixed/unknown,extreme,695433,9098,567,8 pound peanut butter pizookie challenge (14,
ErikTheElectric,"Buffet Carnage | Long Ride | ""Discontinuing Veganism""",https://www.youtube.com/watch?v=yzkxP4u7-wU,2015-10-30,early,mixed/unknown,unknown,43017,632,104,,
ErikTheElectric,Next Challenge Preview | Self Confidence Issues | Groceries!,https://www.youtube.com/watch?v=yTdAEmVUYuA,2015-10-28,early,mixed/unknown,extreme,4192,236,51,,
ErikTheElectric,Gringo Bandito 2015 Taco Contest | Ft. KOBAYASHI,https://www.youtube.com/watch?v=qDF69cK0SQo,2015-10-25,early,taco/burrito,unknown,25099,580,41,,
ErikTheElectric,Eating Tacos with KOBAYASHI? | ErikTheElectric,https://www.youtube.com/watch?v=6SFpEKyoGYo,2015-10-24,early,taco/burrito,unknown,6865,126,4,,
ErikTheElectric,"The ""Day of Destruction"" (Cheat Day) | ErikTheElectric",https://www.youtube.com/watch?v=gFqmVhtd3Do,2015-10-23,early,mixed/unknown,unknown,346174,3945,248,,
ErikTheElectric,Webcast #17: Post Cheat Day + Eating Contest This weekend!,https://www.youtube.com/watch?v=8ibS0Q-K8Qk,2015-10-22,early,mixed/unknown,unknown,2363,39,5,,
ErikTheElectric,The Next ErikTheElectric Cheat Day...,https://www.youtube.com/watch?v=KE9WGEL2QBo,2015-10-22,early,mixed/unknown,unknown,8966,213,21,,
ErikTheElectric,MONDAY NIGHT MAYHEM #1 (Refeed) | ErikTheElectric,https://www.youtube.com/watch?v=n2BXsAeYx-o,2015-10-20,early,mixed/unknown,unknown,36008,553,37,,
ErikTheElectric,"ErikTheElectric Vs ""The Endless Pasta Bowl"" | 10,500 CALORIES",https://www.youtube.com/watch?v=AJVJovwCJI4,2015-10-16,early,mixed/unknown,super extreme,131737,1879,134,14lbs of food; 500 calories decided to take this one on,10500
ErikTheElectric,Monday Night Mayhem (Refeed) | New Series Preview,https://www.youtube.com/watch?v=uyXiVFvQTtg,2015-10-13,early,mixed/unknown,unknown,11881,160,13,,
ErikTheElectric,Webcast #14: Part of Tonights Refeed + New challenge Soon!,https://www.youtube.com/watch?v=_7a4Iym04v0,2015-10-13,early,mixed/unknown,extreme,1624,31,10,,
ErikTheElectric,Webcast #13: Saturday Night Q&A + Next Challenge Soon!,https://www.youtube.com/watch?v=igmO5lGzpgg,2015-10-11,early,mixed/unknown,extreme,1211,31,17,,
ErikTheElectric,Upper Body PRs | Grocery Haul | Homemade Hummus,https://www.youtube.com/watch?v=EhPxarydUNE,2015-10-10,early,mixed/unknown,unknown,8141,254,44,,
ErikTheElectric,My Current Calorie Intake | Front Squat PRs | Estrogen Gainz,https://www.youtube.com/watch?v=ZMY__7TSb4Y,2015-10-08,early,mixed/unknown,extreme,23924,460,69,,
ErikTheElectric,Chocolate Peanut Butter Granola (Easy) | ErikTheElectric,https://www.youtube.com/watch?v=_vybus_Oczk,2015-10-07,early,mixed/unknown,unknown,6542,200,21,,
ErikTheElectric,DIY Vanilla Peanut Butter | Oly Shoes | Vegan Grocery Haul,https://www.youtube.com/watch?v=iVsSItydo2I,2015-10-06,early,mixed/unknown,unknown,7311,212,40,,
ErikTheElectric,What I learned from Veganism + Competitive Eating Over?,https://www.youtube.com/watch?v=yQ4oDKFBxI4,2015-10-05,early,mixed/unknown,unknown,6148,336,63,,
ErikTheElectric,"Latest Cereal Review, More PRs, Homemade Pizza",https://www.youtube.com/watch?v=ckTV85d7k9E,2015-10-02,early,pizza,large,5971,193,29,,
ErikTheElectric,"15k Subscriber Q&A! | Single Life, Eating Challenges, The Future!",https://www.youtube.com/watch?v=I_B8Ih4uUds,2015-10-01,early,mixed/unknown,extreme,5729,197,17,,
ErikTheElectric,"15,000 Subscriber Q&A! | ErikTheElectric",https://www.youtube.com/watch?v=ZCp2gmJoqGo,2015-09-30,early,mixed/unknown,unknown,2512,74,49,,
ErikTheElectric,"End of Week 3 | Homemade PB | ""Fishless"" Crab Cakes!",https://www.youtube.com/watch?v=zJQoixYiDms,2015-09-29,early,dessert/sweets,unknown,8129,255,31,,
ErikTheElectric,Homemade Calzone | Puffin Limited Edition Review | Front Squat PRs,https://www.youtube.com/watch?v=agk-yicE2Qw,2015-09-26,early,mixed/unknown,unknown,8760,254,32,,
ErikTheElectric,Week 2 Review | Vegan Deadlift PRs | Vegan Food Challenge!,https://www.youtube.com/watch?v=xYKU4qcWNAU,2015-09-23,early,mixed/unknown,extreme,8638,232,43,,
ErikTheElectric,"My Stay In Inpatient Treatment (Part 1) | The ""Wake Up Call""",https://www.youtube.com/watch?v=gzhB8SKlHuI,2015-09-20,early,mixed/unknown,unknown,39018,815,36,,
ErikTheElectric,"""Different"" Vegan Food | Deadlift PRs | Posing",https://www.youtube.com/watch?v=e2_3vTVUjq0,2015-09-19,early,mixed/unknown,unknown,6483,200,24,,
ErikTheElectric,"Webcast #6: Next challenge Ideas, Vegan Chicken, New Computer Setup",https://www.youtube.com/watch?v=JFFPc-9SMTU,2015-09-18,early,fried chicken,extreme,2166,47,13,,
ErikTheElectric,New iMac (Unboxing) | PB Rice Krispies | Vegan Cyclist Gains,https://www.youtube.com/watch?v=JNb10aiWgG0,2015-09-16,early,mixed/unknown,unknown,5271,197,37,,
ErikTheElectric,Officially On My Own | Snickerdoodle Review | First Week Being Vegan,https://www.youtube.com/watch?v=40c1R57Mp0I,2015-09-15,early,mixed/unknown,unknown,18447,427,76,,
ErikTheElectric,Making National News | From Anorexia to Binge Eating?,https://www.youtube.com/watch?v=WmUknGCiT50,2015-09-13,early,mixed/unknown,unknown,44105,949,61,,
ErikTheElectric,"VEGAN 15,000 Calorie Challenge | ErikTheElectric",https://www.youtube.com/watch?v=hSFXsvbNhVQ,2015-09-12,early,mixed/unknown,super extreme,391885,4374,557,000 calorie challenge | eriktheelectric (check me out on social media,15000
ErikTheElectric,"Vegan 15,000 Calorie Challenge (Preview)",https://www.youtube.com/watch?v=hqsbFvddSsQ,2015-09-08,early,mixed/unknown,super extreme,7456,221,37,000 calorie challenge (preview) **don't forget to hit that like/subscribe button for more challenges,15000
ErikTheElectric,First Vegan Pizza | Deadlifts | Vegan Challenge,https://www.youtube.com/watch?v=_8yY7MbWF44,2015-09-07,early,pizza,extreme,9336,258,57,,
ErikTheElectric,20 McDonald Cheeseburger Challenge | ErikTheElectric (Ft. Nela Zisser),https://www.youtube.com/watch?v=_i_BnupbrSo,2015-09-06,early,burger,extreme,251577,2258,148,,
ErikTheElectric,Latest Cereal Review | Spin Session | Homemade Pizza,https://www.youtube.com/watch?v=Xm0bMntN9Og,2015-09-05,early,pizza,large,6963,213,31,,
ErikTheElectric,Cheeseburger Challenge | Honey Kix Review | First Day of Class,https://www.youtube.com/watch?v=Tz3k9iZ3WFE,2015-09-03,early,burger,extreme,11594,261,28,,
ErikTheElectric,Epic Birthday Was Epic | ErikTheElectric,https://www.youtube.com/watch?v=nfuimMG8v2E,2015-09-02,early,mixed/unknown,unknown,41672,770,60,,
ErikTheElectric,20 McDonalds Cheeseburger Challenge (Soon) | ErikTheElectric,https://www.youtube.com/watch?v=7AVPIbcb6mg,2015-09-01,early,burger,extreme,11249,218,40,,
ErikTheElectric,Doing Better | MBS Mini Wheats Review | PB Cookie Dough Recipe,https://www.youtube.com/watch?v=-KsXTnAOI54,2015-08-30,early,mixed/unknown,unknown,9228,251,29,,
ErikTheElectric,"QFS #26 | iHateFroYo, Deadlifts, Trader Joes Run, Delicious Thai Food!",https://www.youtube.com/watch?v=mKJD0eyP4wY,2015-08-25,early,mixed/unknown,unknown,5233,160,21,,
ErikTheElectric,8 POUND Red Bucket Frozen Yogurt Contest | ErikTheElectric,https://www.youtube.com/watch?v=V3MkTkk_uik,2015-08-23,early,mixed/unknown,unknown,21646,589,42,8 pound red bucket frozen yogurt contest | eriktheelectric **300$ cash prize,
ErikTheElectric,Homemade Cake Pops | Eating Contest Prep | Pressing,https://www.youtube.com/watch?v=1jxOlfZ8MpA,2015-08-22,early,dessert/sweets,unknown,10559,212,19,,
ErikTheElectric,Q&A: #5 | Next Food Contest TOMORROW!,https://www.youtube.com/watch?v=qVgbQzU-LI8,2015-08-22,early,mixed/unknown,unknown,1647,30,4,,
ErikTheElectric,10k Calories | 10k Seconds (10k Subscriber Special),https://www.youtube.com/watch?v=nD3yFQWodIw,2015-08-20,early,mixed/unknown,extreme,9443,184,21,,
ErikTheElectric,"QFS #25 | Full Bloodwork, Mexican Food, Hardest Climb Of My Life",https://www.youtube.com/watch?v=qyTdjwO3XAY,2015-08-19,early,mixed/unknown,unknown,4879,138,24,,
ErikTheElectric,QFS #24 | Collabing with MATTDOESFITNESS and OBESE TO BEAST,https://www.youtube.com/watch?v=x3xzLzWCGZ0,2015-08-18,early,mixed/unknown,unknown,5964,176,30,,
ErikTheElectric,"Reaching 10,000 Subscribers | ErikTheElectric",https://www.youtube.com/watch?v=WZ-lsiXe27s,2015-08-17,early,mixed/unknown,extreme,4137,220,29,,
ErikTheElectric,"Webcast Night: High School, Who Do I Hate on YouTube, Broken Camera",https://www.youtube.com/watch?v=mBTptDpN64E,2015-08-15,early,mixed/unknown,unknown,3130,67,5,,
ErikTheElectric,"QFS #23 | Recovering from the 48k, Pita Bread, Deadlifts",https://www.youtube.com/watch?v=DQk9LRHRBOI,2015-08-14,early,mixed/unknown,unknown,5545,197,32,,
ErikTheElectric,The Collab | ErikTheElectric + RZFitness + HumerusFitness,https://www.youtube.com/watch?v=Q_gMM0j0zUo,2015-08-13,early,mixed/unknown,unknown,4910,133,24,,
ErikTheElectric,"48,000 Calories in 48 Hours | ErikTheElectric",https://www.youtube.com/watch?v=uO3LTZ0dDpk,2015-08-11,early,mixed/unknown,super extreme,2096738,17299,1580,8 oz 570 39 35 21 0 0 ; 4oz) 280 18 0 20 0 0 ; 80 oz 5; 2 oz 284 15 36 4 4 0 ; 2 oz (28 g) 170 14 18 6 2 4 ,48000
ErikTheElectric,10+ POUND PIZZA CHALLENGE | Ft. RZFITNESS,https://www.youtube.com/watch?v=tx7ed8gqOqU,2015-08-08,early,pizza,extreme,562824,4135,185,,
ErikTheElectric,"The 6.5 LB ""Pancake Monster"" Challenge | Ft. RZFitness",https://www.youtube.com/watch?v=kjr4RzRa5Pw,2015-08-06,early,dessert/sweets,extreme,29600,677,45,"5 lb ""pancake monster"" challenge | ft",
ErikTheElectric,"48,000 Calories | 48 Hours (Preview)",https://www.youtube.com/watch?v=mHQ2UrXImyA,2015-08-05,early,mixed/unknown,super extreme,8390,274,54,000 calories | 48 hours (preview) **don't forget to hit that like/subscribe button for more challenges,48000
ErikTheElectric,QFS #22 | THE NEXT CHEAT DAY!,https://www.youtube.com/watch?v=Xn1zzls7NZw,2015-08-04,early,mixed/unknown,unknown,5157,143,14,,
ErikTheElectric,"QFS #21 | Foreign Candy, Squatting, El Pollo Loco!",https://www.youtube.com/watch?v=4OM-oShmKCw,2015-08-02,early,mixed/unknown,unknown,3487,107,19,,
ErikTheElectric,"QFS #20 | Ultimate Curry, Casual Riding, New Supp Pickup",https://www.youtube.com/watch?v=5yjJte46YHc,2015-07-31,early,mixed/unknown,unknown,3434,133,19,,
ErikTheElectric,"QFS #19 | Deadlifts, Homemade Cupcakes, Posing",https://www.youtube.com/watch?v=l9rHYemoLbk,2015-07-30,early,dessert/sweets,unknown,4976,125,23,,
ErikTheElectric,My Gear + Calorie Expenditure | ErikTheElectric,https://www.youtube.com/watch?v=-fYqTdTf3xQ,2015-07-29,early,mixed/unknown,extreme,5139,175,34,,
ErikTheElectric,"QFS #18 | This is NOT a fitness channel, Homemade Curry, Cereal Carnage",https://www.youtube.com/watch?v=98PKiHIWI64,2015-07-28,early,mixed/unknown,unknown,7683,255,36,,
ErikTheElectric,"New Camera, Delicious Sushi, Homemade Pizza | ErikTheElectric",https://www.youtube.com/watch?v=35FYWP-1r5g,2015-07-27,early,pizza,large,12567,297,24,,
ErikTheElectric,"Ultimate Krispy Kreme Challenge (15,000 Calories) | ErikTheElectric",https://www.youtube.com/watch?v=kkW4g8llflo,2015-07-25,early,mixed/unknown,super extreme,582482,5267,523,62 donuts from krispy kreme; 000 calories) | eriktheelectric (check me out on social media; 000 calories of deliciousness in this one,15000
ErikTheElectric,"QFS #17 | Fried Chicken, Weigh in, Fail Cheesecake, Conventional Deadlifting",https://www.youtube.com/watch?v=VGoQlO5NuB0,2015-07-23,early,fried chicken,large,10987,205,22,,
ErikTheElectric,"QFS #16 | Disappointing Challenge Loss, Staying Positive, Food Porn",https://www.youtube.com/watch?v=bDTWbz5Zs5I,2015-07-19,early,mixed/unknown,extreme,7543,189,22,,
ErikTheElectric,The BIG FAT FATTY - 13lb Sandwich | ErikTheElectric (Ft. Molly Schulyer),https://www.youtube.com/watch?v=hjzRvviJvJw,2015-07-16,early,mixed/unknown,unknown,413459,4177,204,13lb sandwich | eriktheelectric (ft,
ErikTheElectric,The BIG FAT FATTY (Preview) | 13lb Sandwich,https://www.youtube.com/watch?v=jM3YDfF3gpA,2015-07-15,early,mixed/unknown,unknown,4970,134,11,13lb sandwich will i be able to beat the one challenge,
ErikTheElectric,"9,000 Calorie ""Tour De France Diet"" Challenge | ErikTheElectric",https://www.youtube.com/watch?v=X4LosCqH5F4,2015-07-13,early,mixed/unknown,extreme,74209,1242,72,"000 calorie ""tour de france diet"" challenge | eriktheelectric **don't forget to hit that like/subscribe button for more challenges",9000
ErikTheElectric,"QFS #15 | Ride Footage, Chick Fil A, Deadlift PRs!",https://www.youtube.com/watch?v=sEeH8MDoVqg,2015-07-10,early,mixed/unknown,unknown,5296,148,21,,
ErikTheElectric,"QFS #14 | EPIC Pancake Carnage, Bench PRs, Thai Food!",https://www.youtube.com/watch?v=UrA90iXJPNs,2015-07-08,early,dessert/sweets,unknown,8666,226,27,,
ErikTheElectric,TrollMail (Episode #1) + Why I didn't do Nathan's this year?,https://www.youtube.com/watch?v=-gIE-be4Zcc,2015-07-05,early,mixed/unknown,unknown,4541,145,31,,
ErikTheElectric,"Krispy Kreme ""4th of July"" Challenge | ErikTheElectric",https://www.youtube.com/watch?v=ADBraWw_e4o,2015-07-04,early,mixed/unknown,extreme,18056,266,21,,
ErikTheElectric,The Day I Actually Tracked Macros | ErikTheElectric,https://www.youtube.com/watch?v=RVTxi2eIlKM,2015-07-04,early,mixed/unknown,unknown,13062,264,30,,
ErikTheElectric,"QFS #13 | Cupcakes, PRs everywhere, Ice Cream Qualifier!",https://www.youtube.com/watch?v=N3LQnE_sLsA,2015-07-02,early,dessert/sweets,unknown,11830,219,15,,
ErikTheElectric,Anorexia Recovery (The Intervention) | ErikTheElectric,https://www.youtube.com/watch?v=sP-5HLQRVsg,2015-06-30,early,mixed/unknown,unknown,768780,14302,528,,
ErikTheElectric,"QFS #12 | Sushi, Shopping, Squat PRs",https://www.youtube.com/watch?v=QJkcKLE5cpY,2015-06-26,early,mixed/unknown,unknown,5980,175,23,,
ErikTheElectric,"Farrell's ""Pigs Trough"" 6 Scoop Sundae Qualifier! | ErikTheElectric",https://www.youtube.com/watch?v=g2u8vm6Kp2I,2015-06-24,early,mixed/unknown,unknown,19985,329,24,7lb sundae in the fastest time possible,
ErikTheElectric,Deep Fried Glory (Fair Food) Ft. Kevin Ross | ErikTheElectric,https://www.youtube.com/watch?v=LJhX9edbgOc,2015-06-22,early,mixed/unknown,unknown,66387,868,41,,
ErikTheElectric,The Giant Mexican Churro Challenge | ErikTheElectric,https://www.youtube.com/watch?v=cMlw7vM6YDs,2015-06-21,early,mixed/unknown,super extreme,26805,570,31,,
ErikTheElectric,Fried Feasting at the Fair! Ft. Kevin Ross (Preview) | ErikTheElectric,https://www.youtube.com/watch?v=kZlEcf0_se0,2015-06-19,early,mixed/unknown,unknown,5003,148,12,,
ErikTheElectric,"QFS #11: Ride Footage, Buffet Carnage, TV Show?",https://www.youtube.com/watch?v=LZkIIu4FOKA,2015-06-17,early,mixed/unknown,unknown,6465,205,35,,
ErikTheElectric,"QFS #10: Becoming Pescetarian, Strength Gains, Brownies",https://www.youtube.com/watch?v=0l16TCZ9kXs,2015-06-14,early,mixed/unknown,unknown,7566,196,30,,
ErikTheElectric,"The IIFYM ""50 PopTart Challenge"" | ErikTheElectric",https://www.youtube.com/watch?v=s-jjI5u03FU,2015-06-10,early,mixed/unknown,extreme,104695,1593,139,,
ErikTheElectric,"The 22,000 Calorie ""Eat Clean"" Cheat Day  | ErikTheElectric",https://www.youtube.com/watch?v=1Xs1uunjpzw,2015-06-09,early,mixed/unknown,super extreme,214803,2342,364,"000 calorie ""eat clean"" cheat day  | eriktheelectric **don't forget to hit that like/subscribe button for more challenges",22000
ErikTheElectric,"22,000 Calorie ""Eat Clean"" Cheat Day (Preview) | ErikTheElectric",https://www.youtube.com/watch?v=_VQeCPs3zsc,2015-06-03,early,mixed/unknown,super extreme,7863,217,41,"000 calorie ""eat clean"" cheat day (preview) | eriktheelectric soon",22000
ErikTheElectric,"The ""Eat Clean"" Cheat Day Challenge Preview | ErikTheElectric",https://www.youtube.com/watch?v=qCzMQtCMH0Y,2015-06-01,early,mixed/unknown,extreme,4662,165,19,,
ErikTheElectric,"Q&A Video (#3): Leg Routine, Stomach Capacity, Jeff Seid, Poptarts!",https://www.youtube.com/watch?v=cTmjfriKJRI,2015-05-31,early,mixed/unknown,unknown,7420,195,21,,
ErikTheElectric,"QFS #9 | Challenge Preview, Legoland, Front Squats, Pizza + Garlic Knots!",https://www.youtube.com/watch?v=0AdYFfkSv2M,2015-05-29,early,pizza,extreme,4897,158,18,,
ErikTheElectric,"The 15,000 Calorie Peanut Butter Cup Cake | ErikTheElectric",https://www.youtube.com/watch?v=7p2841KrJLQ,2015-05-27,early,dessert/sweets,super extreme,234017,3051,177,5lbs of protein/starchy carbs (soul food); 000 calorie peanut butter cup cake | eriktheelectric **don't forget to hit that like/subscribe button for more challenges,15000
ErikTheElectric,Anorexia Recovery  (The Beginning) | ErikTheElectric,https://www.youtube.com/watch?v=YjzWD9cWhyU,2015-05-24,early,mixed/unknown,unknown,575822,12578,506,,
ErikTheElectric,"QFS #8 | Homemade Pizza + Ice Cream, Back to Training, Opportunities",https://www.youtube.com/watch?v=qeuheIJRWtc,2015-05-20,early,pizza,large,6139,189,20,,
ErikTheElectric,Time to REST! (Big Upcoming Video) | ErikTheElectric,https://www.youtube.com/watch?v=y0411juwNQQ,2015-05-17,early,mixed/unknown,unknown,2573,97,13,,
ErikTheElectric,"The ""Casual Cheat Day"" | ErikTheElectric",https://www.youtube.com/watch?v=9C5m2cc7_cw,2015-05-16,early,mixed/unknown,unknown,73328,896,80,,
ErikTheElectric,"QFS #7 | Xbox One, Buffet Carnage, Quest Peanut Butter Whey!",https://www.youtube.com/watch?v=5eP5Cjd8aq4,2015-05-13,early,mixed/unknown,unknown,4701,127,13,,
ErikTheElectric,"QFS #6 |  Food Challenge, Losing Motivation, Deadlift PRs",https://www.youtube.com/watch?v=mqFW00yFw1I,2015-05-10,early,mixed/unknown,extreme,6278,173,22,,
ErikTheElectric,Bully Burgrz BEAST Burger Challenge | Featuring M. Cohen + K. Ross,https://www.youtube.com/watch?v=qH5SMuxQte4,2015-05-08,early,burger,extreme,11019,279,12,2lbs of beef smothered in cheese; 1lb of fries covered in chili cheese ; 2lbs of beef smothered in cheese; 1lb of fries covered in chili cheese ; 16oz shake topped with one cherry,
ErikTheElectric,"QFS #5 | Cereal Challenge, Epic Riding, Homemade PIZZA!",https://www.youtube.com/watch?v=pekCAogNa64,2015-05-07,early,pizza,extreme,4890,150,12,,
ErikTheElectric,"The ""Cereal De Mayo"" Challenge | 9,000 CALORIES",https://www.youtube.com/watch?v=WhsPTJ3jXx0,2015-05-06,early,mixed/unknown,extreme,77193,1237,82,000 calories **don't forget to hit that like/subscribe button for more challenges,9000
ErikTheElectric,"QFS #4 | RACE DAY, Jalapeno Poppers, Typical Meal Example",https://www.youtube.com/watch?v=gKh1qsNDWo4,2015-05-03,early,mixed/unknown,unknown,3985,131,15,,
ErikTheElectric,"QFS #3 | Trader Joes, Squat PRs, Curry + Posing",https://www.youtube.com/watch?v=kopEl89Asw0,2015-05-01,early,mixed/unknown,unknown,4762,136,8,,
ErikTheElectric,"QFS #2 | Spinning, Homemade Breadsticks, Costco Haul",https://www.youtube.com/watch?v=HU1HtFHxFuM,2015-04-29,early,mixed/unknown,unknown,4750,117,20,,
ErikTheElectric,"QFS #1 | All Day McDonalds, Goals, Pancake Carnage",https://www.youtube.com/watch?v=CZR3IIo0vrM,2015-04-26,early,dessert/sweets,unknown,9463,184,20,,
ErikTheElectric,ErikTheElectric's Quest for Strength,https://www.youtube.com/watch?v=PkdobQkcZK0,2015-04-24,early,mixed/unknown,unknown,3084,97,17,,
ErikTheElectric,Electric's Enormous Eats | The Cinna-Bake!,https://www.youtube.com/watch?v=4nAb60r4WUU,2015-04-20,early,mixed/unknown,unknown,7772,176,14,,
ErikTheElectric,New Challenge? VOTE! | ErikTheElectric,https://www.youtube.com/watch?v=UyQeHRHuzqQ,2015-04-18,early,mixed/unknown,extreme,2132,77,77,,
ErikTheElectric,"All Carb April (#2): Cookie Pie, OHP PRs, Costco Haul, New Mixer!",https://www.youtube.com/watch?v=ekDmR2Ly7TQ,2015-04-17,early,mixed/unknown,unknown,26342,260,18,,
ErikTheElectric,"All Carb April #1 | Giant Oreo, Dominos Pizza, and Deadlifts!",https://www.youtube.com/watch?v=welKrfCDuJ4,2015-04-11,early,pizza,super extreme,113860,1110,49,,
ErikTheElectric,Who is ErikTheElectric?,https://www.youtube.com/watch?v=xNqRrZpr5mM,2015-04-09,early,mixed/unknown,unknown,26721,122,22,,
ErikTheElectric,The 8 POUND Electric Sundae Challenge | ErikTheElectric vs. The Storm,https://www.youtube.com/watch?v=tcYzGj6Lo6k,2015-04-08,early,mixed/unknown,extreme,93458,1265,61,8 pound electric sundae challenge | eriktheelectric vs; 5 pounds of ice cream) ; 8 pound challenge,
ErikTheElectric,"30,000 Calorie Cheat Day | ErikTheElectric",https://www.youtube.com/watch?v=r5tYhDv-gLE,2015-04-04,early,mixed/unknown,super extreme,981014,6581,985,000 calorie cheat day | eriktheelectric (check me out on social media; 000 calorie “clean eating” cheat day where i consume nothing but “clean” food(s),30000
ErikTheElectric,"30,000 Calories (Is it possible?)",https://www.youtube.com/watch?v=3KPpPpNCEpg,2015-04-01,early,mixed/unknown,super extreme,17196,232,23,000 calories (is it possible,30000
ErikTheElectric,ErikTheElectric's MLE Debut | Knott's Pie Eating Contest 2015,https://www.youtube.com/watch?v=-ha8b99bY6Y,2015-03-29,early,mixed/unknown,unknown,12792,296,20,10lbs as my total (or so i thought); 5lbs off of my total; 9lbs,
ErikTheElectric,"Ultimate Pie Challenge | 10,560 Calories (8.5lbs)",https://www.youtube.com/watch?v=vcbU86IP4Ys,2015-03-21,early,mixed/unknown,super extreme,59341,789,47,5lbs) **don't forget to hit that like/subscribe button for more challenges; 5 pounds; 560 calories (8; 500 calories,10560
ErikTheElectric,Escondido Hot Dog Eating Competition (17 Hot Dogs in 5 Minutes!),https://www.youtube.com/watch?v=G8YcdotZGJE,2015-03-08,early,mixed/unknown,unknown,9303,205,18,,
ErikTheElectric,ErikTheElectric vs The B.O.B (12.5lbs of Food),https://www.youtube.com/watch?v=uZ5uZzIx97k,2015-02-28,early,mixed/unknown,unknown,69850,910,53,5lbs of food) check out island soul bistro here; 4 pounds of food in 35 minutes,
ErikTheElectric,"Fuddruckers 4lb ""Fat Tuesday"" Burger/Fry Challenge!",https://www.youtube.com/watch?v=OV6Go6szQiw,2015-02-18,early,burger,extreme,77354,680,47,"4lb ""fat tuesday"" burger/fry challenge; 3 pound burger (which was turkey) and also had to eat one pound of sweet potato fries; 4 pounds of food is it really that much in the grand scheme of things",
ErikTheElectric,Luigi's 30 Inch Pizza Challenge!,https://www.youtube.com/watch?v=24hogCsg7Eg,2015-02-14,early,pizza,extreme,85204,997,59,,
ErikTheElectric,"The ""Teds Tater Tot Challenge"" (5lbs of Tots + Cheese-Steak)",https://www.youtube.com/watch?v=6dGOw8ZHXks,2015-02-06,early,mixed/unknown,extreme,102842,1061,74,5lbs of tots + cheese-steak) instagram: eriktheelectric; 5 pounds of “sloppy tater tots”; 5 pounds of delicious,
ErikTheElectric,"The  ""Monster Sushi Challenge Roll!"" (500 Subscriber Special Feature)",https://www.youtube.com/watch?v=47xWjDttB0w,2015-01-28,early,mixed/unknown,extreme,220383,1730,168,,
ErikTheElectric,"""The Day of Glory"" (25,000 Calorie Cheat Day)",https://www.youtube.com/watch?v=L5onEm1_LX4,2015-01-19,early,mixed/unknown,super extreme,553985,3233,456,7 pounds of food and almost 25; 30oz bottle gatorade ; 000 calorie cheat day) **follow me for more challenges; 000 calories; 000 calorie day (well,25000
ErikTheElectric,"Hitting 300 subscribers! 2015 plans! (25,000 CALORIE Cheat Day?)",https://www.youtube.com/watch?v=e12OY0FN7DQ,2015-01-11,early,mixed/unknown,super extreme,6905,152,28,000 calorie cheat day,25000
ErikTheElectric,"""Day of Wreckoning"" (15,000 Calorie Challenge)",https://www.youtube.com/watch?v=mZTpGQy0Qao,2015-01-01,early,mixed/unknown,super extreme,243582,1735,132,16 oz 2% milk; 2 oz raw cashews ; 4 oz milk) (14g mozzarella cheese); 8oz 2% milk; 2oz raw cashews ,15000
ErikTheElectric,"ErikTheElectric takes on Oink and Moo's ""Triple Headed Monster"" Burger Challenge!",https://www.youtube.com/watch?v=uveJQDWbDG0,2014-12-20,early,burger,extreme,31417,624,41,2 pounds of waffle fries ; 7 pounds of food) ; 21 oz soft drink (must be finished) ,
ErikTheElectric,"ErikTheElectric Takes on Citizen's Grill and Bar's ""24 Slider Challenge!""",https://www.youtube.com/watch?v=J0gTV2eEO3k,2014-12-07,early,mixed/unknown,extreme,59642,894,27,6lbs of food,
ErikTheElectric,ErikTheElectric takes on Guhan Grill's  (Six Pound Fried Rice Challenge!),https://www.youtube.com/watch?v=Rm_fQ5cGrB0,2014-11-22,early,mixed/unknown,extreme,45663,598,27,,
ErikTheElectric,"ErikTheElectric takes on Nikky Rottens ""Ultimate Burger Challenge""",https://www.youtube.com/watch?v=ojoR8aK-XFY,2014-10-25,early,burger,extreme,31616,621,38,2lbs of brandt beef; 5 lbs); 5lb patty[/u]; 12 lb sandwich i attempted not cool off before eating it and it filled me up from the steam [/u] i got the meat down relatively quickly; 2lb burger challenge today,
ErikTheElectric,"Cellucor's ""Red Velvet Cake Batter"" Protein Powder Review",https://www.youtube.com/watch?v=TyK4U_1Qwng,2014-03-07,early,dessert/sweets,unknown,10262,100,14,,
ErikTheElectric,No bake Oatmeal Protein Bars,https://www.youtube.com/watch?v=lToGN75YSwU,2014-02-21,early,mixed/unknown,unknown,9704,113,8,627 calories; 104 calories,
ErikTheElectric,ErikTheElectric takes on 35 IHOP Pancakes!,https://www.youtube.com/watch?v=DRUVGlafeQQ,2014-01-10,early,dessert/sweets,unknown,63729,867,78,8lbs of pancakes (35 pancakes); 35 pancakes),
ErikTheElectric,"ErikTheElectric takes on Shakespeares Pub and Grill's  ""Great White Whale Food Challenge""",https://www.youtube.com/watch?v=B1T89Q4EWO4,2014-01-03,early,mixed/unknown,extreme,17063,403,32,2lb piece of battered cod; 2lb of chips and a side of peas in 45 minutes or less; 5lbs of food really isn't that much to me,
ErikTheElectric,Bulking with Erik: Episode #1 - Maybe Chipotle isn't so Over-Rated?,https://www.youtube.com/watch?v=JeTeHp1wQi0,2014-01-01,early,mixed/unknown,unknown,6237,190,8,,
ErikTheElectric,Eriks Cauliflower Pizza!,https://www.youtube.com/watch?v=nRy1FucFRDo,2013-12-06,early,pizza,large,5369,154,15,,
ErikTheElectric,Cellucor Cor Fetti High Protein Cheesecake,https://www.youtube.com/watch?v=NiqYi7ZLqro,2013-12-03,early,dessert/sweets,unknown,3659,121,13,4oz fat free cream cheese; 4oz of cream cheese,
ErikTheElectric,Homemade Almond Butter!,https://www.youtube.com/watch?v=Ms0xzJGjH1s,2013-11-06,early,mixed/unknown,unknown,13506,241,28,8oz of almonds (depending on size of food processor),
ErikTheElectric,"Spaghetti Squash ""Pasta""",https://www.youtube.com/watch?v=1mxsabXEogk,2013-10-24,early,mixed/unknown,unknown,42814,693,170,,
ErikTheElectric,"Easy ""bodybuilding"" pizza recipe",https://www.youtube.com/watch?v=6bD3i54ohW4,2013-09-11,early,pizza,large,130574,3281,745,,
Matt Stonie,Can I Eat more than Luffy?,https://www.youtube.com/watch?v=UncFViX_PR8,2026-02-20,recent,mixed/unknown,unknown,1053180,39822,1249,,
Matt Stonie,Where does Matt Stonie put the Calories?,https://www.youtube.com/watch?v=kq8ure8rDOY,2026-02-01,recent,mixed/unknown,extreme,304933,7800,220,,
Matt Stonie,Gross Start to 2026..,https://www.youtube.com/watch?v=1V_ufGS8Fnw,2026-01-28,recent,mixed/unknown,unknown,485954,18516,888,1lb) of the gooey,
Matt Stonie,5 Taco Bell Quesaritos (& a Baja Blast),https://www.youtube.com/watch?v=q9xBN7dVpg8,2025-12-20,recent,taco/burrito,unknown,1263799,45207,789,,
Matt Stonie,The FASTEST Burger King x Spongebob Meal Ever Eaten,https://www.youtube.com/watch?v=jnmRi8qN9Cg,2025-12-09,recent,burger,large,948379,36798,1145,,
Matt Stonie,The Spiciest Chicken in Vegas!,https://www.youtube.com/watch?v=MkbiC1gyc8k,2025-11-01,recent,fried chicken,large,3587362,164001,882,,
Matt Stonie,The SPICiEST Chicken Sandwich Ever.. (Howlin' Rays),https://www.youtube.com/watch?v=8s8a5B9GzGo,2025-10-26,recent,fried chicken,large,4067942,112942,5013,,
Matt Stonie,"Impossible to eat Marshmallow (15,652 calories)",https://www.youtube.com/watch?v=rCkAkwpib2I,2025-09-06,recent,mixed/unknown,super extreme,985247,35446,1678,5lbs; 652 calories) new customers bet $5 get $300 instantly in bonus bets and $200 off nfl sunday ticket from youtube and youtube tv; 652 calories,15652
Matt Stonie,Reaper Chicken Tender Roulette,https://www.youtube.com/watch?v=aISx0uKx2Jg,2025-08-23,recent,fried chicken,large,2418248,162233,743,,
Matt Stonie,The End of an Era...,https://www.youtube.com/watch?v=YYVfcerW6q8,2025-07-26,recent,mixed/unknown,unknown,2353889,86182,2542,5lb,
Matt Stonie,100m Hot Dog Run Challenge,https://www.youtube.com/watch?v=2JeN2PRGENw,2025-07-20,recent,mixed/unknown,extreme,748302,29509,526,,
Matt Stonie,Big Mac under 10 Seconds #BigMacChallenge,https://www.youtube.com/watch?v=UVeRGxFEtAw,2025-07-11,recent,mixed/unknown,extreme,1117988,27545,613,,
Matt Stonie,Big Mac Under 1 Minute #BigMacChallenge,https://www.youtube.com/watch?v=Ystnr9AJNzk,2025-07-04,recent,mixed/unknown,extreme,2243824,54375,1144,,
Matt Stonie,Couple's Food Challenge!! (Hawaii's BIGGEST Pancake),https://www.youtube.com/watch?v=QJrMlEAppSc,2025-05-25,recent,dessert/sweets,super extreme,796337,27556,1332,5lbs of pancakes; 15lbs of pancake eaten in total,
Matt Stonie,Matt Stonie runs the 40yd,https://www.youtube.com/watch?v=nRt3kGIDa1o,2025-05-19,recent,mixed/unknown,unknown,394640,10174,157,,
Matt Stonie,NFL Players' CHEAT MEALS!,https://www.youtube.com/watch?v=2BSLC3l-SVw,2025-05-13,recent,mixed/unknown,unknown,360099,7170,76,,
Matt Stonie,NFL fans try Wet Hot Dogs,https://www.youtube.com/watch?v=YoBImxyo-5k,2025-05-11,recent,mixed/unknown,unknown,289819,9700,188,,
Matt Stonie,FREE Burgers for a Year!,https://www.youtube.com/watch?v=RLXE-Te3TDQ,2025-05-01,recent,burger,large,638438,32529,484,,
Matt Stonie,GIANT Fortune Cookie,https://www.youtube.com/watch?v=1u6ViO8AGj8,2025-01-29,recent,mixed/unknown,super extreme,654180,19569,155,,
Matt Stonie,Eating Happy Meals until I get EVERY CARD!! (Mcdonald's x Pokemon 2025),https://www.youtube.com/watch?v=LBIoYGBknpY,2025-01-27,recent,mixed/unknown,super extreme,1962237,46838,1559,4pc nuggets; 12 burgers; 835 calories,10835
Matt Stonie,Shaq's BIGGEST McDonalds Order (Challenge),https://www.youtube.com/watch?v=vSJsb2VT5NA,2025-01-10,recent,mixed/unknown,super extreme,3379180,87958,2303,20pc chicken nuggets,
Matt Stonie,"I NEED to eat 10,000 Calories",https://www.youtube.com/watch?v=kMFaoGjW9BA,2025-01-01,recent,mixed/unknown,super extreme,4786292,116229,2571,000 calories use my link https://yazio; 000 calories in a calendar year is,10000
Matt Stonie,I ate EVERY BURGER at Gordon Ramsay's Restaurant (Full Menu),https://www.youtube.com/watch?v=2bo99TiTZSw,2024-11-28,recent,burger,large,4484827,100880,3141,,
Matt Stonie,The World's Spiciest Ramen (10 Packs),https://www.youtube.com/watch?v=obiszPFcIUw,2024-11-24,recent,ramen/noodles,extreme,5343550,108960,5073,5080 calories are inconsequencal compared to the immense amount of spice in each pack,5080
Matt Stonie,Bubble Bass' Order (Wendy's Krabby Patty Challenge),https://www.youtube.com/watch?v=dYzCSRlwuBQ,2024-10-12,recent,mixed/unknown,extreme,3367387,98679,2402,,
Matt Stonie,"7,780 calorie MASSIVE Slice of Pizza Challenge (36"")",https://www.youtube.com/watch?v=zV5NMP0kIyU,2024-09-30,recent,pizza,extreme,1839253,66844,3001,"5lbs; 780 calorie massive slice of pizza challenge (36"") 8 inches longer; 780 calories",7780
Matt Stonie,"Competitive Eater trys ASMR (Fire Noodles, Fried Chicken, Pork Rinds, ect..)",https://www.youtube.com/watch?v=WKDm3i2kIBE,2024-04-02,recent,ramen/noodles,large,1909799,51109,3478,,
Matt Stonie,Is Eating 24 Popeyes Biscuits Impossible??,https://www.youtube.com/watch?v=MC6rnzkhJgU,2024-01-06,recent,mixed/unknown,unknown,2409983,74125,2888,,
Matt Stonie,"Caught ""Eating"" Hot Dogs..",https://www.youtube.com/watch?v=F4H9M9HpNl4,2023-12-22,recent,mixed/unknown,unknown,14444805,578094,2708,,
Matt Stonie,A Day with the RAIDERS,https://www.youtube.com/watch?v=RInBgaOoT78,2023-12-21,recent,mixed/unknown,unknown,828758,45535,300,,
Matt Stonie,100-LAYER LASAGNA CHALLENGE,https://www.youtube.com/watch?v=CYTHGhX98ZY,2023-10-10,recent,mixed/unknown,extreme,2940164,97634,2849,,
Matt Stonie,"I set the $4,000 MEGA HOT DOG RECORD!!",https://www.youtube.com/watch?v=Uyne--cUFmk,2023-09-03,recent,mixed/unknown,unknown,3682223,108186,3562,4lb,
Matt Stonie,The Fastest Pizza Ever??,https://www.youtube.com/watch?v=tYkkHRkKZIA,2023-08-01,recent,pizza,large,6013411,257740,2826,,
Matt Stonie,The World's *MOST SOUR* Candy.. (No Reaction Challenge),https://www.youtube.com/watch?v=DPf42EB6s3U,2023-07-16,recent,mixed/unknown,extreme,3322464,93000,2293,,
Matt Stonie,"Massive tray of PIZZA FRIES!! (11,706 Calories)",https://www.youtube.com/watch?v=hYsdhishbX4,2023-07-02,recent,pizza,super extreme,4542947,129704,4608,706 calories) 👉 download temu to get $100 coupon bundle and find my picks: https://temu; 000 calories,11706
Matt Stonie,Why I haven't been uploading... (Orochon S #2 Ramen Challenge),https://www.youtube.com/watch?v=404IU0oeMiw,2023-05-06,recent,ramen/noodles,extreme,8113902,181506,4200,,
Matt Stonie,"1 Gallon Shamrock Shake CHUG (4,200cals)",https://www.youtube.com/watch?v=KyF_GXfBGfQ,2023-03-18,recent,mixed/unknown,extreme,3759244,208654,1701,200cals) 🍀🍀🍀🍀🍀,4200
Matt Stonie,A.Y.C.E Sushi 30min CHALLENGE (part 2),https://www.youtube.com/watch?v=bHgkHC3rFMg,2023-03-13,recent,mixed/unknown,extreme,13278623,655988,1666,,
Matt Stonie,A.Y.C.E. Sushi 30min CHALLENGE,https://www.youtube.com/watch?v=Rn8c_9soVzg,2023-03-10,recent,mixed/unknown,extreme,1870311,97991,516,,
Matt Stonie,The *NEW* FASTEST Cardi B & Offset McDonalds Challenge!!,https://www.youtube.com/watch?v=RcRKsxczhYM,2023-03-04,recent,mixed/unknown,extreme,1881030,97356,642,2 burgers,
Matt Stonie,McDonald's LARGEST Meal Combo Ever!! (ft. Girlfriend),https://www.youtube.com/watch?v=0tEK2L0vrGM,2023-02-27,recent,mixed/unknown,large,4493640,125701,3338,2000 calories of food,2000
Matt Stonie,"SUPERBOWL NACHOS!! (10,000+ calories)",https://www.youtube.com/watch?v=Gi2xbTWSYAM,2023-02-11,recent,mixed/unknown,extreme,2116711,93124,537,,
Matt Stonie,Ranch Pizza,https://www.youtube.com/watch?v=zf-1z1_Xzu8,2023-02-09,recent,pizza,large,1761334,55432,1881,,
Matt Stonie,SHAQ's Restaurant FULL MENU Challenge!,https://www.youtube.com/watch?v=ZQrf7FkmryA,2023-01-30,recent,fast food/mixed,extreme,10027470,215114,3254,,
Matt Stonie,"Massive A5 WAGYU steak REVERSE Sandwich (~10,000 calories)",https://www.youtube.com/watch?v=5iNWLMu64KI,2022-12-24,recent,mixed/unknown,super extreme,4253453,117508,3165,1lb japanese a5 wagyu steak; 000 calories) check out genshin impact here: https://hoyo,10000
Matt Stonie,Fastest Burrito EVER Eaten! (World Record)*,https://www.youtube.com/watch?v=3Q-PAx_EbG4,2022-12-12,recent,taco/burrito,super extreme,8804596,615836,4229,,
Matt Stonie,The One Chip Challenge is a LIE (not spicy),https://www.youtube.com/watch?v=g5JSVxP2bHM,2022-11-12,recent,mixed/unknown,extreme,7202418,209087,5566,,
Matt Stonie,"7,000 Calories Slice of Pizza!!",https://www.youtube.com/watch?v=Ys6DDJQwZdU,2022-11-10,recent,pizza,extreme,5241729,240563,943,000 calories slice of pizza,7000
Matt Stonie,"200 Reese's Cup Challenge (16,000 calories)",https://www.youtube.com/watch?v=4nQO6uSp8i8,2022-10-31,recent,mixed/unknown,super extreme,3837287,108980,4395,000 calories) happy halloween,16000
Matt Stonie,Taco Bell $28 Challenge DESTROYED!,https://www.youtube.com/watch?v=DvhnQ7Wdtg8,2022-10-17,recent,taco/burrito,extreme,14983762,786132,7269,,
Matt Stonie,The FASTEST Adult Happy Meal Ever Eaten (under 1 Minute!!),https://www.youtube.com/watch?v=Ds8zezvo1k8,2022-10-14,recent,mixed/unknown,unknown,5721486,154966,4279,,
Matt Stonie,The FASTEST MrBeast Burger Ever Eaten,https://www.youtube.com/watch?v=ORbucgAA48Y,2022-09-17,recent,burger,large,10362506,633249,16910,,
Matt Stonie,10 Min MrBeast Burger Challenge DESTROYED!,https://www.youtube.com/watch?v=TUp43xiLeyQ,2022-09-12,recent,burger,extreme,8502596,245228,3026,,
Matt Stonie,Competitive Eater vs Professional Chef (ft. Josh Weissman),https://www.youtube.com/watch?v=G37g6fnX62Y,2022-09-05,recent,mixed/unknown,unknown,4380826,143303,2367,,
Matt Stonie,Delivering a GIANT Marshmello to... #shorts,https://www.youtube.com/watch?v=x7UfQplrzoU,2022-07-02,recent,mixed/unknown,super extreme,44231443,1835669,5880,,
Matt Stonie,The Fastest Jack Harlow Meal ever Eaten!!,https://www.youtube.com/watch?v=qAqAXsd-dZA,2022-06-24,recent,mixed/unknown,unknown,6200120,350068,2290,,
Matt Stonie,"The 2,000,000 Scoville Chicken Tender.... (HWHAP)",https://www.youtube.com/watch?v=WgdABWxoAB4,2022-05-01,recent,fried chicken,large,28132576,539778,14033,,
Matt Stonie,Attempting to eat 200 HOT TAMALE Peeps... (Happy Easter),https://www.youtube.com/watch?v=FprgxgVuZaE,2022-04-17,recent,mixed/unknown,unknown,5647768,138939,4968,,
Matt Stonie,The Salt & Vinegar Chip Challenge (4 entire bags...),https://www.youtube.com/watch?v=_uPfv1AetUk,2022-04-01,recent,mixed/unknown,extreme,5454491,172043,6470,,
Matt Stonie,"What is the Best Fast Food PIZZA?? (Tier list - Dominos, Papa John's, Hungry Howie's...)",https://www.youtube.com/watch?v=1SAezMUB8sw,2022-03-28,recent,pizza,large,8459198,193002,9948,,
Matt Stonie,I Ate Like a ZOMBIE for a Day,https://www.youtube.com/watch?v=508H_RbZj8c,2022-02-18,recent,mixed/unknown,unknown,3360594,111680,4123,,
Matt Stonie,MrBEAST sent me 216 Chocolate Bars...,https://www.youtube.com/watch?v=-PkTwOcB6QQ,2022-02-05,recent,mixed/unknown,unknown,13430732,423174,11433,,
Matt Stonie,Eating the World's Largest Gummy Bear AGAIN (World Record),https://www.youtube.com/watch?v=PxDhwNtilzk,2021-12-31,mid,mixed/unknown,super extreme,4521857,122438,3857,5lb,
Matt Stonie,Eating 100 Layers of Cheese Challenge,https://www.youtube.com/watch?v=Ym1kX4mCwJ8,2021-12-14,mid,mixed/unknown,extreme,5297649,185017,9628,4lbs and 5; 000 calories of 'plastic' cheese,5000
Matt Stonie,I Taught YouTubers How to Speed Eat | Copy That!,https://www.youtube.com/watch?v=8ZQbNEGgNgY,2021-12-03,mid,mixed/unknown,unknown,3615626,105894,5463,,
Matt Stonie,MASSIVE Squid Game Dalgona Challenge (1 hour limit),https://www.youtube.com/watch?v=ik5J3lhLVLU,2021-10-29,mid,mixed/unknown,super extreme,6679992,221151,5751,,
Matt Stonie,"Which Chicken Sandwich is really the BEST?? (Tier List - Taco Bell, BK, Canes...)",https://www.youtube.com/watch?v=Wkfq9xMZaOY,2021-09-24,mid,fried chicken,large,14109779,317146,17390,,
Matt Stonie,"Can I Eat $14,000 of A5 Wagyu in 5 Minutes?? (ft. Guga Foods)",https://www.youtube.com/watch?v=6IKvuvAiHSM,2021-09-13,mid,mixed/unknown,unknown,13002247,395318,11642,4oz,
Matt Stonie,The 120 Chicken McNugget Challenge REVISITED (solo),https://www.youtube.com/watch?v=Nt0IgWNsI3I,2021-08-28,mid,fried chicken,extreme,10854139,370926,10302,,
Matt Stonie,"The ""Most Hawaiian"" Hawaiian Pizza EVER...",https://www.youtube.com/watch?v=RxQL1FRkoNM,2021-08-14,mid,pizza,large,3081428,109552,10381,,
Matt Stonie,"I Ate a 20,000cal Burger in Record Time!! **Octuple Bypass Challenge**",https://www.youtube.com/watch?v=e-IoBGUzPlc,2021-07-25,mid,burger,extreme,25163462,733351,28383,2lb patties,
Matt Stonie,MASSIVE Cotton Candy Challenge in Las Vegas (over 3 feet tall!!),https://www.youtube.com/watch?v=7nW55A1Jmic,2021-06-09,mid,mixed/unknown,super extreme,4978466,156645,5495,,
Matt Stonie,"World's Hottest Gummy Bear (9,000,000 Scoville)",https://www.youtube.com/watch?v=xaKAn0zHMH0,2021-06-03,mid,mixed/unknown,unknown,8076607,239675,7499,,
Matt Stonie,Giant McFlurry!! (20x normal McDonald's size),https://www.youtube.com/watch?v=lG_z0Tt0tqQ,2021-05-29,mid,mixed/unknown,super extreme,8280658,243145,10077,,
Matt Stonie,How many Bags of Popcorn can I Eat?  *super salty*,https://www.youtube.com/watch?v=ErX0u9WRYaU,2021-05-09,mid,mixed/unknown,unknown,5336519,169065,9273,,
Matt Stonie,"MASSIVE Reese's Puffs Cereal CHALLENGE (6,000+ Cals)",https://www.youtube.com/watch?v=kIgJvatFmt4,2021-04-12,mid,mixed/unknown,super extreme,6484287,199274,15468,,
Matt Stonie,$1000 spent at my Favorite Steakhouse (108oz Wagyu + King Crab + more!!),https://www.youtube.com/watch?v=2rDAQgD1ZKo,2021-03-24,mid,seafood,unknown,25239601,604533,19330,108oz wagyu + king crab + more; 54oz wagyu f1 tomahawk steaks (x2),
Matt Stonie,I Tried to Beat the RAW Onion Eating World Record,https://www.youtube.com/watch?v=jFXnLMgWpIA,2021-03-16,mid,mixed/unknown,super extreme,6685069,235031,12987,,
Matt Stonie,Eating McDonald's Happy Meals until I get EVERY POKEMON CARD!!,https://www.youtube.com/watch?v=9PU0WZ0DxWc,2021-02-16,mid,mixed/unknown,unknown,20146165,419102,31021,,
Matt Stonie,I'm Never Eating Bologna Again.... (108 Slices Challenge),https://www.youtube.com/watch?v=nTr1iVWh0Lo,2021-02-07,mid,mixed/unknown,extreme,10639932,289619,21832,,
Matt Stonie,MrBEAST BURGER Full Menu Challenge **DESTROYED**,https://www.youtube.com/watch?v=ZrS9vWPSQEU,2021-01-18,mid,burger,extreme,45433796,1041910,38188,,
Matt Stonie,"10,000 Calorie FLAMIN' HOT CHEETOS Challenge!!!",https://www.youtube.com/watch?v=m63A-px6MNs,2020-12-09,mid,mixed/unknown,super extreme,24717960,604133,39338,000 calorie flamin' hot cheetos challenge; 200 calories of flamin' hot cheetos,10000
Matt Stonie,Raising Cane's Full Menu Challenge!! (All 5 Combo Meals),https://www.youtube.com/watch?v=tOsZAW-eIS4,2020-11-25,mid,fast food/mixed,extreme,27474475,704397,24377,,
Matt Stonie,"4044 M&M's Challenge (17,690 Calories)",https://www.youtube.com/watch?v=GCAB2fguJJQ,2020-11-20,mid,mixed/unknown,super extreme,8060427,269924,18041,690 calories) get honey for free ▸ http://joinhoney,17690
Matt Stonie,THICK WATER Challenge/Chug!! (45 Calories),https://www.youtube.com/watch?v=dGQxzsz_y_c,2020-11-10,mid,mixed/unknown,extreme,12094910,346461,22318,45 calories) the thick-it/thick water challenge,
Matt Stonie,MASSIVE Carne Asada Fries Challenge (10+lbs),https://www.youtube.com/watch?v=Ik7zOObqhZU,2020-10-25,mid,mixed/unknown,super extreme,10249097,301432,13598,,
Matt Stonie,100+lbs Wumpa Fruit Eat-Off! (ft. Crash Bandicoot),https://www.youtube.com/watch?v=_sM9hnJe1Go,2020-10-02,mid,mixed/unknown,unknown,3339663,132080,11628,,
Matt Stonie,DESTROYING my 1st YouTube  Food Challenge (New Record??),https://www.youtube.com/watch?v=DLbgBHMUusY,2020-09-27,mid,mixed/unknown,extreme,13545013,459157,16626,6lbs of pizza,
Matt Stonie,The FASTEST Travis Scott Meal Ever Eaten (under 1 Minute!!),https://www.youtube.com/watch?v=zPSXK_hzOZ0,2020-09-19,mid,mixed/unknown,unknown,31016884,712316,27217,,
Matt Stonie,The Spiciest Challenge I've ever attempted (Hellfire Wings),https://www.youtube.com/watch?v=4fCSKxMe6BY,2020-08-29,mid,mixed/unknown,extreme,20919165,909197,34209,,
Matt Stonie,1000+ Pepperoni on 1 Slice of Pizza CHALLENGE!!!,https://www.youtube.com/watch?v=iNImGWJDQ1o,2020-08-01,mid,pizza,extreme,23267523,649673,34313,,
Matt Stonie,1.2 Gallon FRUIT COCKTAIL Eaten in ~5 Minutes!!,https://www.youtube.com/watch?v=4AizqUQYWhE,2020-07-01,mid,mixed/unknown,unknown,6948384,234209,17609,,
Matt Stonie,"Mountain of Extra Crispy Fried Chicken Challenge (13,500 Calories)",https://www.youtube.com/watch?v=5G0wUiVWotA,2020-06-26,mid,fried chicken,super extreme,16746202,487994,34649,5lbs (bone-in); 45pc of extra crispy fried chicken; 500 calories) video sponsored by - raid : shadow legends; 500 calories,13500
Matt Stonie,1 GALLON JAR of PICKLES CHALLENGE,https://www.youtube.com/watch?v=yXVXgswb3qE,2020-06-20,mid,mixed/unknown,extreme,21445958,576350,32416,,
Matt Stonie,MASSIVE Bowl of Fruit Loops Challenge + Gallon of Milk,https://www.youtube.com/watch?v=HXqaeX4HuFw,2020-05-01,mid,mixed/unknown,super extreme,9533147,252996,19239,,
Matt Stonie,"Could you Eat this in 90mins for $3,500? (Challenge DESTROYED)",https://www.youtube.com/watch?v=jeU2dm-yBT4,2020-04-17,mid,mixed/unknown,extreme,40763762,821690,58009,,
Matt Stonie,5 Whole Pizzas + Q&A (#TakeoutTuesday ep.2),https://www.youtube.com/watch?v=nlmbfw9xWTk,2020-04-08,mid,pizza,large,7432690,211167,13015,,
Matt Stonie,"MEGA PORK RAMEN Challenge, Tokyo JP | メガ豚野郎ラメン",https://www.youtube.com/watch?v=XFXZYoy78pE,2020-03-29,mid,ramen/noodles,extreme,6099448,138777,6521,,
Matt Stonie,#GreatAmericanTakeout,https://www.youtube.com/watch?v=SOiPQ60yWD0,2020-03-25,mid,mixed/unknown,unknown,3586616,118120,4994,,
Matt Stonie,Giant Sour Patch Kids Challenge x 2 (EXTREMELY SOUR),https://www.youtube.com/watch?v=8yrp8kV6cGo,2020-02-28,mid,mixed/unknown,extreme,17001392,340483,22278,8lbs & 6; 300 calories of sour gummy candy,6300
Matt Stonie,"Ultimate Superbowl Nachos Challenge (10,000+ Cals)",https://www.youtube.com/watch?v=9g2EJI_XAr0,2020-02-02,mid,mixed/unknown,extreme,23473970,547662,35195,,
Matt Stonie,EATING my DIAMOND PLAY BUTTON!!! (in ~10 minutes),https://www.youtube.com/watch?v=3rYiqjzyjVQ,2020-01-25,mid,mixed/unknown,unknown,42215865,1094114,38816,,
Matt Stonie,100 Eggo Waffle Challenge DESTROYED,https://www.youtube.com/watch?v=X3s0hEEHwps,2019-11-19,mid,mixed/unknown,extreme,11064991,292895,20277,7lb and 9000 calories of a pretty unbalanced breakfast; 9000 calories of a pretty unbalanced breakfast,9000
Matt Stonie,AYCE Halloween Candy Challenge (100+ pieces of Candy),https://www.youtube.com/watch?v=GiN8ZPMUVXY,2019-11-01,mid,mixed/unknown,extreme,5144920,153281,13311,,
Matt Stonie,GIANT Poutine Challenge (Saltiest challenge ever..),https://www.youtube.com/watch?v=jEk7Lpe3Rwg,2019-10-19,mid,mixed/unknown,super extreme,17828505,355465,27825,,
Matt Stonie,Peanut Butter & Jelly WORLD RECORD Challenge (1-Minute),https://www.youtube.com/watch?v=0Ok1SuhPwbY,2019-09-28,mid,mixed/unknown,super extreme,10493153,253792,13783,,
Matt Stonie,Double CHEESE BALL BARREL Challenge!! (ft. Morgan),https://www.youtube.com/watch?v=mZC3nK9pzgw,2019-09-16,mid,mixed/unknown,extreme,15050014,333485,17448,28oz barrel of cheese balls; 28oz barrels; 4200 calories of cheese covered,4200
Matt Stonie,10min Cup Noodle Challenge,https://www.youtube.com/watch?v=1hN0DqreQTw,2019-08-31,mid,ramen/noodles,extreme,21644353,477014,27176,,
Matt Stonie,Giant 3.5lb Red Vines Barrel (challenge),https://www.youtube.com/watch?v=klVNb3k-5n0,2019-08-26,mid,mixed/unknown,extreme,9000963,237520,13811,5lb red vines barrel (challenge) get honey for free and start saving money today ▸ https://joinhoney; 5lbs of candy; 5700 calories,5700
Matt Stonie,1 Gallon Jell-o Challenge (Lime),https://www.youtube.com/watch?v=IBi3d7aFL54,2019-08-03,mid,mixed/unknown,large,17761154,418922,26861,2560 calories of lime jell-o,2560
Matt Stonie,Most Korean Fire Noodles Ever Eaten (x15 Packs) | 불닭 볶음면 도전,https://www.youtube.com/watch?v=-sjI6xECTYo,2019-07-21,mid,ramen/noodles,large,151460410,2843772,188523,,
Matt Stonie,"""Rocket Pops"" Popsicle Challenge (x48)",https://www.youtube.com/watch?v=PJsxUidohLI,2019-06-04,mid,mixed/unknown,extreme,8268133,179607,18763,,
Matt Stonie,The Chick-Fil-A Full Menu Challenge,https://www.youtube.com/watch?v=SlskTqc9CEc,2019-05-24,mid,fast food/mixed,extreme,44908450,666790,45448,12pc); 12pc); 4pc); 440 calories,7440
Matt Stonie,"GIANT Go!Go! Curry Challenge (x2) | Tokyo, JP",https://www.youtube.com/watch?v=43uXLs77Oy8,2019-04-18,mid,mixed/unknown,super extreme,11699553,224280,9738,,
Matt Stonie,"MASSIVE Cookie Crisp + Coco Puffs Bowl (5,000+ Calories)",https://www.youtube.com/watch?v=PGOOh1L8vOQ,2019-03-31,mid,mixed/unknown,super extreme,6721059,155482,10809,,
Matt Stonie,"5 Philly Cheesesteaks DESTROYED (8,700 Calories)",https://www.youtube.com/watch?v=8fp_t31x2Gs,2019-03-27,mid,mixed/unknown,extreme,6742165,167448,12207,1lbs; 700 calories) get expressvpn for less than $7 a month w/ 30-day money back guarantee; 1740 calories & ~1,8700
Matt Stonie,"350 Packs of Pop Rocks (14,000 calories)",https://www.youtube.com/watch?v=6V67dRnVu6s,2019-03-18,mid,mixed/unknown,super extreme,30339171,607342,49122,000 calories) pop rocks were much more fun when i was a kid,14000
Matt Stonie,1620 French Fry Challenge,https://www.youtube.com/watch?v=GdTvQlpWPys,2019-02-01,mid,mixed/unknown,extreme,44907160,824233,62811,1 pounds of straight up deep-fried starch; 900 calories,6900
Matt Stonie,World's Healthiest Smoothie (challenge),https://www.youtube.com/watch?v=2XXPKxZEKUU,2019-01-03,mid,mixed/unknown,extreme,7463381,231191,13963,,
Matt Stonie,"x3 Gingerbread House Challenge (10,500+ calories)",https://www.youtube.com/watch?v=i5Vt9YtPkQc,2018-12-22,mid,mixed/unknown,super extreme,3326263,83281,7918,6lbs & over 10; 000 calories of gingerbread houses,10000
Matt Stonie,Potato Chip Challenge (4 Large Bags) *PAINFUL*,https://www.youtube.com/watch?v=WzTke_D8ag0,2018-12-08,mid,mixed/unknown,extreme,19129349,367790,29711,8 oz lay's potato chips (i had to greek the name bc was suppose to be sponsored video,
Matt Stonie,10 Whopper Challenge (fastest time ever),https://www.youtube.com/watch?v=dSfpnzSv4z0,2018-11-22,mid,mixed/unknown,extreme,16235893,362347,26800,2lbs of food; 770 calories,6770
Matt Stonie,"Massive Indian Curry Platter (10,000 Calorie Feast)",https://www.youtube.com/watch?v=lZqFD6tfMKI,2018-10-31,mid,mixed/unknown,super extreme,26794070,491006,41474,5 lbs of butter chicken; 4lbs of rice; 6pc garlic naan; 000 calorie feast) good video; 000 calories of indian food,10000
Matt Stonie,"""324ft"" Fruit By The Foot (8,000+ Calories)",https://www.youtube.com/watch?v=DSgPrPjr0fM,2018-10-24,mid,mixed/unknown,extreme,13864145,254851,22189,,
Matt Stonie,"1.25 GALLON Vanilla Milkshake (6,090 Calories)",https://www.youtube.com/watch?v=Q74a_PXOZ5E,2018-10-02,mid,mixed/unknown,extreme,11785086,227591,12876,090 calories) good video,6090
Matt Stonie,"""The Belly Buster"" BBQ Challenge",https://www.youtube.com/watch?v=IFzTZmH-Zqo,2018-09-15,mid,mixed/unknown,extreme,20609826,328647,18019,,
Matt Stonie,"1620 Pocky Challenge (15,300 Cals)",https://www.youtube.com/watch?v=g0BESHs4YYo,2018-08-21,mid,mixed/unknown,super extreme,48682168,843833,63579,300 cals) good video,15300
Matt Stonie,The Challenge EPIC MEAL TIME Failed (KFC Full Menu),https://www.youtube.com/watch?v=sNGdOaZLwxM,2018-07-31,mid,fried chicken,extreme,38713988,622136,37061,8 pc bucket of chicken (no requesting all drumsticks,
Matt Stonie,"Dunkin Donuts 10,000(+) Calorie Challenge",https://www.youtube.com/watch?v=5E40mf0MNb0,2018-07-18,mid,dessert/sweets,super extreme,16825965,268742,21145,000 calories of dunkin donuts food; 880 calories,10000
Matt Stonie,500g Raw Broccoli Challenge DESTROYED,https://www.youtube.com/watch?v=ujX-StFvFdY,2018-07-11,mid,mixed/unknown,extreme,4438467,103914,10484,,
Matt Stonie,Jollibee Five (5) Bucket Fried Chicken Challenge,https://www.youtube.com/watch?v=AH-asCzo8kw,2018-06-18,mid,fried chicken,extreme,27954670,449550,35970,,
Matt Stonie,"GIANT Bowl of Lucky Charms CHALLENGE (5,000+ Calories)",https://www.youtube.com/watch?v=XdNOI-q70q4,2018-05-23,mid,mixed/unknown,super extreme,4092116,84316,8544,,
Matt Stonie,"10,000 Calorie Baconator Challenge!! (11 Burgers)",https://www.youtube.com/watch?v=0lr497GhD04,2018-05-15,mid,burger,super extreme,6199241,125569,8631,5lbs of bacon; 11 burgers) good video; 11 burgers; 000 calorie baconator challenge; 450 calories of wendy's baconator sandwiches,10000
Matt Stonie,Matt Stonie vs 1 MASSIVE Slice of Pizza,https://www.youtube.com/watch?v=rvaYl7mr1C8,2018-05-07,mid,pizza,super extreme,48152338,694818,38710,,
Matt Stonie,Cinco De Mayo - 5lb Burrito (LIVE),https://www.youtube.com/watch?v=qiN165kCtio,2018-05-05,mid,taco/burrito,unknown,0,2356,8,5lb burrito (live) good video,
Matt Stonie,Cinco De Mayo - 5lb Burrito (LIVE),https://www.youtube.com/watch?v=Q6J2ALwcWPU,2018-05-05,mid,taco/burrito,unknown,0,1389,8,5lb burrito (live) good video,
Matt Stonie,"125 Cupcake Challenge (12,083 Calories)",https://www.youtube.com/watch?v=42ZE4DCJkEo,2018-05-01,mid,dessert/sweets,super extreme,6379308,134249,12365,083 calories) video sponsored by : honey,12083
Matt Stonie,5 Subway Footlong Challenge *Revisited* (Record Attempt),https://www.youtube.com/watch?v=f04asn4oe4Q,2018-04-20,mid,mixed/unknown,extreme,6599099,132772,6733,,
Matt Stonie,Dozen Malasada Challenge (Leonard's Bakery!),https://www.youtube.com/watch?v=FtJO7hpw1RQ,2018-03-31,mid,mixed/unknown,extreme,2384384,52285,2784,,
Matt Stonie,MASSIVE Bowl of Fruity Pebbles!! (Challenge),https://www.youtube.com/watch?v=FwENtwtY0EI,2018-03-23,mid,mixed/unknown,super extreme,9002021,154154,13695,,
Matt Stonie,The FASTEST Grand Mac Meal Ever Eaten (under 1 Minute!!),https://www.youtube.com/watch?v=p-GN8WXoiX4,2018-03-10,mid,mixed/unknown,unknown,40005039,690330,52989,,
Matt Stonie,"Epic Chili Cheese Fries!! (10,120 Calories)",https://www.youtube.com/watch?v=gok-gkH4bwA,2018-03-01,mid,mixed/unknown,super extreme,126545368,1977928,123515,120 calories) good video,10120
Matt Stonie,Giant Cheeseburger & Cheese Fries Challenge!,https://www.youtube.com/watch?v=kpXKpVWzuvk,2018-02-16,mid,burger,super extreme,2681941,55851,2705,,
Matt Stonie,MASSIVE Box of Chocolates CHALLENGE (for valentines day),https://www.youtube.com/watch?v=_1LL3SBuhPE,2018-02-09,mid,mixed/unknown,super extreme,5241868,123751,9087,,
Matt Stonie,1 GALLON of CLAM CHOWDER Challenge *asmr warning*,https://www.youtube.com/watch?v=hnu_vdtBWYA,2018-02-02,mid,mixed/unknown,extreme,2401370,55111,4052,,
Matt Stonie,The Largest Sandwich I've Ever Made! (Turkey & Swiss),https://www.youtube.com/watch?v=ZGpxea1w3fE,2018-01-30,mid,mixed/unknown,unknown,6590718,120122,7318,6lbs; 70oz of turkey,
Matt Stonie,Æbleskiver Eating Championship (World Record Set!!),https://www.youtube.com/watch?v=jICCI7vNHws,2018-01-18,mid,mixed/unknown,super extreme,1614818,37547,3297,,
Matt Stonie,"The Ultimate BWW ""Blazing"" Wings Challenge",https://www.youtube.com/watch?v=Yr4wI2CCNcQ,2018-01-05,mid,mixed/unknown,extreme,10643120,197971,13551,,
Matt Stonie,"Harold & Kumar White Castle Challenge (9,660 Calories)",https://www.youtube.com/watch?v=5w6ZjVE8adM,2017-12-19,early,mixed/unknown,extreme,20429090,289064,14095,660 calories) good video,9660
Matt Stonie,"GIANT Rice Crispy Treat Challenge! (3,840 Calories)",https://www.youtube.com/watch?v=ePc-gsJxoC0,2017-12-07,early,mixed/unknown,large,6756121,116893,5788,2lbs of straight up rice crispy treat; 840 calories) new members get their 1st month of the dollar shave club starter set including the executive razor and trial-sized versions of their shave butter,3840
Matt Stonie,"3lbs of Honey Challenge!! (4,000+ Calories)",https://www.youtube.com/watch?v=bZjlz_GqvPQ,2017-11-27,early,mixed/unknown,extreme,6944237,154993,11881,3lbs of honey challenge; 3lbs of straight up honey,
Matt Stonie,Largest Plate of Thanksgiving Food Ever,https://www.youtube.com/watch?v=frJ0-WL2YRI,2017-11-23,early,mixed/unknown,unknown,20339976,298835,23310,,
Matt Stonie,"GIANT Ramen Challenge (vs Morgan) (3,000,000 Sub Video!)",https://www.youtube.com/watch?v=ovXXvT0g6qY,2017-11-17,early,ramen/noodles,super extreme,23370410,374008,12424,,
Matt Stonie,50 Scrambled Egg Challenge,https://www.youtube.com/watch?v=JL4PQVMaPE8,2017-10-27,early,mixed/unknown,extreme,43378784,610945,44776,,
Matt Stonie,100 Slices of Bread (Challenge),https://www.youtube.com/watch?v=0u5UyOutRBw,2017-10-23,early,mixed/unknown,extreme,4120056,88034,7251,,
Matt Stonie,#GetBackTo100%,https://www.youtube.com/watch?v=QqAUML3qqiw,2017-10-14,early,mixed/unknown,unknown,1735507,44736,3411,,
Matt Stonie,1 Minute Quesadilla CHALLENGE!! (Ep. #22),https://www.youtube.com/watch?v=ta1mnjV9Arg,2017-10-05,early,mixed/unknown,extreme,1989257,55029,6476,,
Matt Stonie,"The ""$100"" 14-inch Pizza Challenge (I did it twice)",https://www.youtube.com/watch?v=aw28GKtWxBw,2017-09-28,early,pizza,extreme,4921433,102880,5399,,
Matt Stonie,"The ""Impossible"" Big Mac Challenge DESTROYED",https://www.youtube.com/watch?v=TngCi2s5rmk,2017-09-13,early,mixed/unknown,extreme,28441863,433222,25178,,
Matt Stonie,The Perfect Hot Fudge Sundae,https://www.youtube.com/watch?v=LnqS6BnskIE,2017-09-06,early,mixed/unknown,unknown,15600666,282610,14600,,
Matt Stonie,"100 Pork Ribs vs Matt Stonie (15,000+ Calories)",https://www.youtube.com/watch?v=Er6L9AEQCYw,2017-08-31,early,mixed/unknown,extreme,22633231,380371,19452,,
Matt Stonie,"Popeyes 16pc Family Meal Challenge (8,000+ Calories)",https://www.youtube.com/watch?v=dDHzOrssz90,2017-08-17,early,mixed/unknown,extreme,34231648,418567,29719,16pc family meal challenge (8,
Matt Stonie,"203 Chips Ahoy Challenge (12,800 Calories)",https://www.youtube.com/watch?v=VxE7Fi6jH54,2017-07-29,early,mixed/unknown,super extreme,60024878,865918,76969,13lbs of cookies and milk; 800 calories) good video,12800
Matt Stonie,12.5lb Fried Rice Challenge,https://www.youtube.com/watch?v=9Dw4viVil3A,2017-07-19,early,mixed/unknown,extreme,9963191,164213,11508,5lb fried rice challenge http://www,
Matt Stonie,In-N-Out 4x4x4 CHALLENGE,https://www.youtube.com/watch?v=TYiK6a2wejw,2017-06-28,early,mixed/unknown,extreme,12077880,208620,11260,,
Matt Stonie,GIANT Shave Ice Challenge (ft. Morgan),https://www.youtube.com/watch?v=ADE28M409yw,2017-06-20,early,mixed/unknown,super extreme,23345112,261881,9944,,
Matt Stonie,Food Emoji Food Challenge,https://www.youtube.com/watch?v=Y8PIcsCtA_k,2017-05-31,early,mixed/unknown,extreme,50377776,683496,61510,,
Matt Stonie,5 Chipotle Burritos (& a Diet Coke),https://www.youtube.com/watch?v=HP6Lcg3UvdQ,2017-05-19,early,taco/burrito,unknown,12173073,243446,11968,,
Matt Stonie,Big Smoke's Order (Food Challenge),https://www.youtube.com/watch?v=LVKJfLbz5yQ,2017-05-10,early,mixed/unknown,extreme,40287525,633777,46237,,
Matt Stonie,Giant 1 Pound York Peppermint Patties (Kinda Fail),https://www.youtube.com/watch?v=4jL0cwwC8T8,2017-04-27,early,mixed/unknown,super extreme,1932124,33392,1761,1 pound york peppermint patties (kinda fail) good video,
Matt Stonie,Taco Bell $20 Value Menu Challenge (ft. Morgan),https://www.youtube.com/watch?v=hc4edNfb_hY,2017-04-20,early,taco/burrito,extreme,4765205,73162,5198,,
Matt Stonie,Matt Stonie Eats 255 Peeps in 5 Minutes!! (World Record),https://www.youtube.com/watch?v=4tbJ2ccROkY,2017-04-12,early,mixed/unknown,super extreme,3460641,64061,5414,,
Matt Stonie,Massive Cheerios Challenge! (4000 Calories),https://www.youtube.com/watch?v=kgr9dOfJsjs,2017-03-30,early,mixed/unknown,extreme,2490628,47580,3495,4000 calories) good video,4000
Matt Stonie,"50 Donut Challenge (12,000+ Cals)",https://www.youtube.com/watch?v=pfmgEK7Cdm8,2017-03-20,early,dessert/sweets,extreme,9402990,151950,11380,50 donuts,
Matt Stonie,GIANT Tempura Don Challenge | Tokyo (非常に大きい天丼食いチャレンジ),https://www.youtube.com/watch?v=dTes1ZpAS4M,2017-03-08,early,mixed/unknown,super extreme,6107958,101081,7569,,
Matt Stonie,Chicken Spiedie Eating World Record!!,https://www.youtube.com/watch?v=XhdVkZjS_hU,2017-02-24,early,fried chicken,super extreme,1666805,32981,2043,,
Matt Stonie,Nutella Challenge,https://www.youtube.com/watch?v=na2XWHa_g6k,2017-02-14,early,mixed/unknown,extreme,21015505,411757,26694,,
Matt Stonie,"20,000 Calorie Superbowl Challenge (Wings, Doritos, Pizza...)",https://www.youtube.com/watch?v=oOop2bLiSFw,2017-02-03,early,pizza,super extreme,63099733,847239,71859,000 calorie superbowl challenge (wings,20000
Matt Stonie,Massive Bowl of Chicken Noodle Soup (1.125 Gallons),https://www.youtube.com/watch?v=7hnETO40jmo,2017-01-19,early,ramen/noodles,super extreme,3564359,56036,3650,,
Matt Stonie,100 Takoyaki Challenge ||,https://www.youtube.com/watch?v=h8SMgxQd-nc,2017-01-12,early,mixed/unknown,extreme,6215305,91965,4273,100 pieces of takoyaki,
Matt Stonie,GIANT Christmas Ferrero Rocher!!!,https://www.youtube.com/watch?v=M6R6FS_G5L8,2016-12-25,early,mixed/unknown,super extreme,7264254,116121,4948,,
Matt Stonie,Giant Reese's PB Cups! (2280 calories),https://www.youtube.com/watch?v=cbkE7pxPh5U,2016-12-23,early,mixed/unknown,large,6110333,95818,5354,1lb of chocolate and peanut butter; 1lb in one go; 2280 calories) good video,2280
Matt Stonie,Epic French Toast (Food Challenge),https://www.youtube.com/watch?v=flLfo8AHVKs,2016-12-13,early,mixed/unknown,extreme,11305754,166076,9990,,
Matt Stonie,Cheeseburg Eating World Record!! (Insane Comeback),https://www.youtube.com/watch?v=PjqSXQjIHeU,2016-12-06,early,mixed/unknown,super extreme,2472764,45177,3202,,
Matt Stonie,Eating 17 Mcdonalds Hash Browns in 1 Minute,https://www.youtube.com/watch?v=avPe_mP45ps,2016-11-26,early,mixed/unknown,unknown,5121718,88240,6717,,
Matt Stonie,The Giant 3lb Gummy Worm DESTROYED,https://www.youtube.com/watch?v=7Oi6U2aYxqg,2016-11-18,early,mixed/unknown,extreme,21949396,330187,17850,3lb gummy worm destroyed download best fiends forever for free; 3lbs of straight up candy; 4000 calories of pure sugar,4000
Matt Stonie,World's Largest Pumpkin Spice Latte,https://www.youtube.com/watch?v=MF7TaA96_Aw,2016-11-15,early,mixed/unknown,unknown,6032004,90981,5216,,
Matt Stonie,KFC $5 Fill Up Challenge,https://www.youtube.com/watch?v=GYkJ9GlXu-o,2016-11-07,early,fried chicken,extreme,11833710,145029,7872,,
Matt Stonie,The Ultimate Durian Challenge (2M Subscriber Special),https://www.youtube.com/watch?v=lHH0O8_Qb1Q,2016-10-26,early,mixed/unknown,extreme,4707165,73387,8669,,
Matt Stonie,Epic Root Beer Float (1.5 Gallons),https://www.youtube.com/watch?v=cGVoAz-LPQU,2016-10-10,early,mixed/unknown,extreme,11304388,154691,11182,000 calories of root beer float heaven,4000
Matt Stonie,"10,000cal Hot Pocket Challenge (2,000,000 sub video?)",https://www.youtube.com/watch?v=bRh7XUC2-F8,2016-10-05,early,mixed/unknown,extreme,4664252,97563,6127,,
Matt Stonie,"25 M&M Ice Cream Sandwiches (6,000+ calories)",https://www.youtube.com/watch?v=U27B2JO4RYI,2016-09-16,early,mixed/unknown,extreme,10694501,142627,8088,,
Matt Stonie,The Five Guys 5 Burger Challenge,https://www.youtube.com/watch?v=Lq-EvqyI5ug,2016-09-08,early,burger,extreme,7150015,115580,8088,,
Matt Stonie,113 Pancakes Eaten in 8 Minutes (NEW World Record),https://www.youtube.com/watch?v=1jSgM4gAhK0,2016-08-29,early,dessert/sweets,super extreme,18142036,240380,14040,113 pancakes eaten in 8 minutes (new world record) good video,
Matt Stonie,2016 Olympic Cheat Meal Challenge (Sawan Serasinghe's McD's Feast),https://www.youtube.com/watch?v=Np-uSAXRJK0,2016-08-18,early,mixed/unknown,extreme,14619215,183862,14100,,
Matt Stonie,Massive Kale Salad Challenge (Morgan's back),https://www.youtube.com/watch?v=q0_aPei25_k,2016-08-05,early,mixed/unknown,super extreme,5621261,81256,11042,,
Matt Stonie,"Massive Yogurt Parfait (6,455 cals)",https://www.youtube.com/watch?v=Aehh0rZ-C_M,2016-07-21,early,mixed/unknown,extreme,9572608,145256,7863,455 cals) our sponsors at audible want you to start your 30-day trial and download your first audiobook for free by going to audible,6455
Matt Stonie,10 Quarter Pounders  & a Shake (McDonald's Challenge),https://www.youtube.com/watch?v=5zugfaPFJ9s,2016-07-19,early,mixed/unknown,extreme,2728369,53619,4240,,
Matt Stonie,Nathan's Hot Dog Eating Contest 2016,https://www.youtube.com/watch?v=bOMREssDAxI,2016-07-08,early,mixed/unknown,unknown,1579498,21448,2802,,
Matt Stonie,"Matt Stonie vs The 26"" Pizza",https://www.youtube.com/watch?v=a-JyCZQBTqQ,2016-06-14,early,pizza,large,7258328,99656,8188,,
Matt Stonie,World Gyro Eating Championship 2016 (Chestnut vs Stonie),https://www.youtube.com/watch?v=0ZTFOATm0Rc,2016-06-02,early,mixed/unknown,unknown,4177019,62702,5540,,
Matt Stonie,"MASSIVE Cinnamon Toast Crunch Challenge (7,700 Cals)",https://www.youtube.com/watch?v=PV7A6Kr7VMY,2016-05-20,early,mixed/unknown,extreme,9213166,131993,11007,700 cals) good video,7700
Matt Stonie,World Pasta Eating Championship (World Record Broken),https://www.youtube.com/watch?v=YH338giTiv4,2016-05-04,early,mixed/unknown,super extreme,40101713,572961,23485,2 pound bowls,
Matt Stonie,12 Krispy Kreme Donuts DESTROYED,https://www.youtube.com/watch?v=uBlMl9BOanY,2016-04-28,early,dessert/sweets,unknown,12460722,208978,11778,,
Matt Stonie,The Corn Challenge,https://www.youtube.com/watch?v=m5wQTHCpCkE,2016-04-20,early,mixed/unknown,extreme,2455589,40514,5428,,
Matt Stonie,McDonald's Ultimate Breakfast Challenge,https://www.youtube.com/watch?v=kWUj6xAmWVs,2016-03-17,early,mixed/unknown,extreme,17450202,200937,11604,,
Matt Stonie,103 Tacos Eaten in 8mins (New World Record),https://www.youtube.com/watch?v=vd1_gG1C290,2016-03-03,early,taco/burrito,super extreme,24168336,367436,20955,103 tacos eaten in 8mins (new world record) good video,
Matt Stonie,50 Egg Roll Challenge (~10k Calories),https://www.youtube.com/watch?v=spPuqxowK7Q,2016-02-18,early,mixed/unknown,extreme,8628598,111026,6531,,
Matt Stonie,The Fastest Taco 12-Pack Ever Eaten,https://www.youtube.com/watch?v=CYxdS6qMSf4,2016-02-06,early,taco/burrito,unknown,8427655,124982,6037,,
Matt Stonie,Taco Bell 12-Pack Challenge #2,https://www.youtube.com/watch?v=yAYpixztgNQ,2016-02-03,early,taco/burrito,extreme,1420422,27733,1727,,
Matt Stonie,"The Ultimate Nacho Platter (8,000+ Calories)",https://www.youtube.com/watch?v=NTKCXIxhluY,2016-01-27,early,mixed/unknown,extreme,17202975,199855,12367,,
Matt Stonie,"The ""Superbowl"" of Chili... (9000+ Calories)",https://www.youtube.com/watch?v=LcGqkRdkHjI,2016-01-19,early,mixed/unknown,extreme,16657517,200056,12585,,
Matt Stonie,Rib Eating World Championship 2015,https://www.youtube.com/watch?v=0J7n2K9jODc,2016-01-16,early,mixed/unknown,unknown,10213136,176994,8285,,
Matt Stonie,"Eating an Entire Mass Gainer in under 5mins (12,000cals)",https://www.youtube.com/watch?v=m0eZTtpIQbI,2016-01-06,early,mixed/unknown,super extreme,19794881,351992,30770,5lb iron mass gainer challenge; 5lb jug; 000cals) good video,12000
Matt Stonie,"극단적 인 불닭 볶음면 도전! / Extreme Korean Fire Noodle Challenge! (1,000,000 Subscriber Special)",https://www.youtube.com/watch?v=EqyLWscdZd4,2015-12-23,early,ramen/noodles,extreme,14094354,162455,10731,,
Matt Stonie,"Epic Greek Salad (4,000 Calories)",https://www.youtube.com/watch?v=F72afOrSigo,2015-12-17,early,mixed/unknown,extreme,4955199,55286,4387,000 calories) good video,4000
Matt Stonie,"Mrs Fields Giant 16-inch Cookie (5,000+ Calories)",https://www.youtube.com/watch?v=LQkdMzULcQQ,2015-12-11,early,mixed/unknown,super extreme,1013588,21648,1595,,
Matt Stonie,15lb Mashed Potato Challenge,https://www.youtube.com/watch?v=mElhYvXbWHo,2015-11-26,early,mixed/unknown,extreme,5328001,66349,5717,15lb mashed potato challenge good video,
Matt Stonie,Matt Stonie sets 5-min Pork Rib Eating World Record,https://www.youtube.com/watch?v=X-TYdgi-Krk,2015-11-24,early,mixed/unknown,super extreme,930199,14338,1119,,
Matt Stonie,60+ Pizza Rolls Eaten in 1 Minute | Matt Stonie,https://www.youtube.com/watch?v=C777gDOPOJ8,2015-11-12,early,pizza,large,2242169,33398,2675,,
Matt Stonie,Biggest Roast Beef Sandwich Ever!,https://www.youtube.com/watch?v=HX6OlQ0UiyI,2015-11-05,early,mixed/unknown,super extreme,10998740,138105,8043,,
Matt Stonie,World Gyoza Eating Championship 2015 | Stonie vs Chestnut,https://www.youtube.com/watch?v=I9nmfVmIoJY,2015-11-01,early,mixed/unknown,unknown,1314231,18793,2115,,
Matt Stonie,The Cap'n Crunch Challenge...,https://www.youtube.com/watch?v=sIZp087K7aA,2015-10-23,early,mixed/unknown,extreme,2316645,35811,3060,,
Matt Stonie,Eating 25 Big Macs in One Sitting (Previous World Record),https://www.youtube.com/watch?v=KQ0uDYdpHfs,2015-09-24,early,mixed/unknown,super extreme,20775282,270192,22454,11lbs of food; 250 calories,13250
Matt Stonie,"Massive Italian Feast Challenge (10,700 Calories)",https://www.youtube.com/watch?v=tiZICr2Ktso,2015-09-15,early,mixed/unknown,super extreme,28414839,331963,26429,16lbs of italian inspired cuisine; 700 calories) support this video and win some free stuff; 600cals for the lasagna,10700
Matt Stonie,Costco 6-Pack Muffin Challenge,https://www.youtube.com/watch?v=RDkkyk6IySw,2015-09-04,early,mixed/unknown,extreme,1186632,19623,1338,,
Matt Stonie,Saltine Cracker Challenge Destroyed,https://www.youtube.com/watch?v=S1CzxK5xg18,2015-08-13,early,mixed/unknown,extreme,1914794,29178,2466,,
Matt Stonie,World Pierogi Eating Championship 2014,https://www.youtube.com/watch?v=JXZW1eKBJzY,2015-08-07,early,mixed/unknown,unknown,576020,8201,974,,
Matt Stonie,160 Chicken Fries Challenge,https://www.youtube.com/watch?v=Y5h9geBhulM,2015-07-30,early,fried chicken,extreme,7106576,91279,4603,,
Matt Stonie,Ben & Jerry's 12 Pint Challenge,https://www.youtube.com/watch?v=DuzN7TiFbuI,2015-07-20,early,mixed/unknown,extreme,4145310,53180,4261,,
Matt Stonie,2015 Nathans Hot Dog Eating Contest,https://www.youtube.com/watch?v=jae132Df_rg,2015-07-07,early,mixed/unknown,unknown,3339420,43162,3605,,
Matt Stonie,Massive Jalapeño Stuffed Bacon Guacamole Cheeseburger,https://www.youtube.com/watch?v=V2zuAPhtwyU,2015-06-15,early,burger,super extreme,10277060,115989,5648,,
Matt Stonie,"Nathans Hot Dog Contest Qualifier, Las Vegas 2015",https://www.youtube.com/watch?v=xBiSHBAwJQA,2015-06-13,early,mixed/unknown,unknown,417242,7630,916,,
Matt Stonie,Jack-in-the-Box Ultimate Munchie Meal Challenge,https://www.youtube.com/watch?v=vQl1grAYT4I,2015-06-02,early,mixed/unknown,extreme,4084324,51599,2281,500 calories of late night food goodness,6500
Matt Stonie,120 Twinkies Eaten in 6 Minutes - (World Twinkie Eating Championship),https://www.youtube.com/watch?v=LKCZ_OfzJrw,2015-05-27,early,mixed/unknown,unknown,2255706,29449,3476,,
Matt Stonie,"Massive Ice Cream Sundae Challenge (11,000 Calories)",https://www.youtube.com/watch?v=FYZ-eGEDO0w,2015-05-20,early,mixed/unknown,super extreme,40909774,416149,32472,000 calories) good video,11000
Matt Stonie,"""Burritozilla"" killed in under 2 Minutes!",https://www.youtube.com/watch?v=PeqRaS6YrcU,2015-05-08,early,taco/burrito,unknown,35788445,513727,27513,,
Matt Stonie,"Manny Pacquiao Diet Challenge (7,000+ Calories)",https://www.youtube.com/watch?v=anaHn6a5SPk,2015-04-30,early,mixed/unknown,extreme,8349352,85993,7096,,
Matt Stonie,2015 Training Vlog #1 (Las Vegas Nathan's Qualifier),https://www.youtube.com/watch?v=dkVwiDo26i8,2015-04-22,early,mixed/unknown,unknown,653358,10275,825,,
Matt Stonie,"23,000 Calories of Pumpkin Pie Eaten in 8 Mins (World Record)",https://www.youtube.com/watch?v=qmR84HV5W7A,2015-04-03,early,mixed/unknown,super extreme,796743,10647,980,000 calories of pumpkin pie eaten in 8 mins (world record) good video,23000
Matt Stonie,The 200 Gummy Worm Challenge,https://www.youtube.com/watch?v=P8hNo840LdQ,2015-03-25,early,mixed/unknown,extreme,4545246,52771,3602,,
Matt Stonie,Competitive Eating Tips (Teaching Morgan how to Eat Burritos),https://www.youtube.com/watch?v=yje4WLHclaM,2015-03-20,early,taco/burrito,unknown,937103,15084,1065,,
Matt Stonie,7 Shamrock Shake Challenge (1.25 Gallons),https://www.youtube.com/watch?v=gPmTJx9aBt0,2015-03-13,early,mixed/unknown,extreme,6053445,60118,4899,,
Matt Stonie,The 50 Banana Challenge | Matt Stonie,https://www.youtube.com/watch?v=95AfylzsE4s,2015-03-05,early,mixed/unknown,extreme,1218381,19667,2090,,
Matt Stonie,Bacon Eating World Record!! (182 Strips/5 mins),https://www.youtube.com/watch?v=ugofUrunz98,2015-02-23,early,mixed/unknown,super extreme,4751637,62884,4422,,
Matt Stonie,5lb Hummus Challenge (No Water),https://www.youtube.com/watch?v=SjOrd_oLlNI,2015-02-18,early,mixed/unknown,extreme,1545710,21352,1963,5lb hummus challenge (no water) good video,
Matt Stonie,World Poutine Eating Championship 2014,https://www.youtube.com/watch?v=oUwYcrWoIj4,2015-02-06,early,mixed/unknown,unknown,2770181,38637,3041,,
Matt Stonie,"Pizza Hut's $49 ""Superbowl"" Deal Challenge (12,000 Calories)",https://www.youtube.com/watch?v=NMrFyNUHoaI,2015-01-30,early,pizza,super extreme,12933076,119966,9654,000 calories) good video,12000
Matt Stonie,"3,200 Calories eaten in 90 Seconds.",https://www.youtube.com/watch?v=P3Sr2v9njSs,2015-01-26,early,mixed/unknown,large,753039,10779,728,200 calories eaten in 90 seconds,3200
Matt Stonie,In-N-Out $50 Meal Challenge,https://www.youtube.com/watch?v=hh2vsxJPLis,2015-01-21,early,mixed/unknown,extreme,15792471,158428,10123,,
Matt Stonie,The Ultimate Pepper & Cured Olive Pizza,https://www.youtube.com/watch?v=tGAxr36L-AY,2014-12-22,early,pizza,large,1292284,19263,909,,
Matt Stonie,1 Gallon Egg Nog Challenge (Destroying the LA Beast),https://www.youtube.com/watch?v=XzzArtU-uXY,2014-12-17,early,mixed/unknown,extreme,466644,8560,787,,
Matt Stonie,Giant 1lb Snickers Bar Challenge,https://www.youtube.com/watch?v=7ADMEpfmtjk,2014-12-11,early,mixed/unknown,super extreme,10584776,108874,5794,1lb snickers bar challenge good video,
Matt Stonie,The Fastest Happy Meal Ever Eaten,https://www.youtube.com/watch?v=4EGc3r3qni8,2014-12-05,early,mixed/unknown,unknown,38797664,513219,26907,,
Matt Stonie,2014 Nugget Rib Eating Championship,https://www.youtube.com/watch?v=mCwXdKPhxe0,2014-11-15,early,mixed/unknown,unknown,376699,4465,598,,
Matt Stonie,Takis Fuego & Hot Cheetos Challenge,https://www.youtube.com/watch?v=9mjpGrZ1ck4,2014-11-07,early,mixed/unknown,extreme,20696057,168963,23038,,
Matt Stonie,World Twinkie Eating Championship - LIVE,https://www.youtube.com/watch?v=2DBpKYmkqgI,2014-11-06,early,mixed/unknown,unknown,304833,3535,183,,
Matt Stonie,"Massive 10,000 Calorie English Breakfast Challenge",https://www.youtube.com/watch?v=4T-iZvNDIu0,2014-10-22,early,mixed/unknown,super extreme,45589564,476207,38214,000 calorie english breakfast challenge good video,10000
Matt Stonie,World Record 384 Potstickers Eaten in 10mins,https://www.youtube.com/watch?v=AjdDbEIzkNU,2014-10-15,early,mixed/unknown,super extreme,3214800,49556,2904,,
Matt Stonie,150 Dunkin' Dount's Munchkin Challenge,https://www.youtube.com/watch?v=auRXFPc6xJE,2014-10-07,early,mixed/unknown,super extreme,1827373,21625,1573,000 calories,11000
Matt Stonie,"Giant Bowl of Trix Cereal (5,000+ Calories)",https://www.youtube.com/watch?v=2IK_x4XtSPc,2014-09-17,early,mixed/unknown,extreme,18019736,144109,10333,000 calories of trix cereal & milk,5000
Matt Stonie,Slugburger Eating Championship 2014 (New World Record),https://www.youtube.com/watch?v=PurVfICPZ44,2014-09-09,early,burger,super extreme,2914480,41626,2385,,
Matt Stonie,Competitive Eater takes on Arby's Meat Mountain,https://www.youtube.com/watch?v=1OZrb4A82F4,2014-09-03,early,mixed/unknown,unknown,3703895,34632,1973,,
Matt Stonie,Eating 200 Prunes (Challenge) | Matt Stonie,https://www.youtube.com/watch?v=o85simZHHY0,2014-08-25,early,mixed/unknown,extreme,425747,5533,984,,
Matt Stonie,Nathan's Hot Dog Eating Contest 2014,https://www.youtube.com/watch?v=ijGpQhVHFbY,2014-08-11,early,mixed/unknown,unknown,235654,2793,511,,
Matt Stonie,"Massive Cookie Bowl w/ Ice Cream (23,000+ Cals) | Matt Stonie",https://www.youtube.com/watch?v=FJNi7mxgMx0,2014-08-01,early,mixed/unknown,super extreme,27700468,351846,26347,,
Matt Stonie,The Rock's Hercules (The Movie) Diet Challenge | Matt Stonie,https://www.youtube.com/watch?v=bYpKTcVftNs,2014-07-18,early,mixed/unknown,extreme,5301790,49417,3184,,
Matt Stonie,16 White Castle Cheeseburgers Eaten in 60sec | Matt Stonie,https://www.youtube.com/watch?v=98r64LtjEvE,2014-07-14,early,burger,large,2230557,21070,1081,,
Matt Stonie,Where have I been....,https://www.youtube.com/watch?v=hCO0ZuBieO4,2014-07-11,early,mixed/unknown,unknown,211862,4304,413,,
Matt Stonie,Matt Stonie vs Joey Chestnut | World Gyro Eating Championship 2014,https://www.youtube.com/watch?v=7EklFMc2YR4,2014-06-14,early,mixed/unknown,unknown,777344,9912,1428,,
Matt Stonie,"12lb Monster Burrito (9,230 Calories)",https://www.youtube.com/watch?v=r80QoDvEJBA,2014-06-05,early,taco/burrito,extreme,39497197,420276,26533,12lb monster burrito (9; 12lbs of beans; 230 calories) good video,9230
Matt Stonie,Matt Stonie vs Joey Chestnut | Deep Fried Asparagus 2014,https://www.youtube.com/watch?v=2yuR_dA-MfU,2014-05-29,early,mixed/unknown,unknown,1779502,19235,2031,,
Matt Stonie,8 Filet-O-Fish Eaten in 60 Seconds | Matt Stonie,https://www.youtube.com/watch?v=OJCpnLj1QYI,2014-05-23,early,mixed/unknown,unknown,9384909,108298,6018,,
Matt Stonie,5-minute Mac n' Cheese Challenge | Matt Stonie,https://www.youtube.com/watch?v=LuUBVHtJDXU,2014-05-12,early,mixed/unknown,extreme,5413239,59011,4702,,
Matt Stonie,Indian Taco Eating Championship (New World Record),https://www.youtube.com/watch?v=ME0MQgkvvhc,2014-05-03,early,taco/burrito,super extreme,385730,6771,1047,,
Matt Stonie,The Carl's Jr. $60 Burger Challenge,https://www.youtube.com/watch?v=XmNd9YQRcZU,2014-04-29,early,burger,extreme,3678697,33483,2851,,
Matt Stonie,The 100 Peeps Challenge - Destroyed,https://www.youtube.com/watch?v=N-ijrF86FbE,2014-04-17,early,mixed/unknown,extreme,2261596,16615,1896,,
Matt Stonie,Pulled Pork Slider Championship 2014,https://www.youtube.com/watch?v=3uxNUO8tZIs,2014-04-12,early,mixed/unknown,unknown,180403,2414,366,,
Matt Stonie,Competitive Eating Training Vlog (#1 - Pulled Pork -n- Tacos),https://www.youtube.com/watch?v=yvw76OXxa-E,2014-04-09,early,taco/burrito,unknown,805985,10276,744,,
Matt Stonie,Taco Bell Full Breakfast Menu Challenge,https://www.youtube.com/watch?v=3AwRbAcCPZI,2014-04-03,early,taco/burrito,extreme,2750301,21069,1865,,
Matt Stonie,World's Largest/Dumbest French Fry,https://www.youtube.com/watch?v=hmbU_q_ILpM,2014-03-21,early,mixed/unknown,unknown,19016635,220422,18168,,
Matt Stonie,World Chili Eating Championship 2014,https://www.youtube.com/watch?v=Oo4bEe0sBtU,2014-03-19,early,mixed/unknown,unknown,991722,8877,656,,
Matt Stonie,"Matt Stonie vs 12 Cinnabon Challenge (11,000+ Calories)",https://www.youtube.com/watch?v=3EB7VibQ6OY,2014-03-12,early,mixed/unknown,extreme,2181421,26627,2121,,
Matt Stonie,"Eating like a Fatass, Backwards (5000+ Calories)",https://www.youtube.com/watch?v=QmnIyyv5-GY,2014-03-06,early,mixed/unknown,extreme,6213753,64923,7007,,
Matt Stonie,50 Jell-O Cup Challenge,https://www.youtube.com/watch?v=B9j6adGYrUM,2014-02-27,early,mixed/unknown,extreme,8853073,68882,3980,10 lbs of jello,
Matt Stonie,4 Chipotle Burritos & A Diet Coke,https://www.youtube.com/watch?v=g5uNf55vhps,2014-02-19,early,taco/burrito,unknown,3262341,25636,2902,4 burritos of any kinda,
Matt Stonie,120 Eggs Eaten in 8 Mins.. (World Egg Eating Championship),https://www.youtube.com/watch?v=vCncM1sJxtI,2014-02-04,early,mixed/unknown,unknown,8061884,64676,5276,,
Matt Stonie,2L Diet Coke Challenge (No Burp),https://www.youtube.com/watch?v=ETAvtTB_qZQ,2014-01-29,early,mixed/unknown,extreme,8786376,177262,10807,,
Matt Stonie,9kg (19.6lb) Japanese Curry Rice Challenge (part 2),https://www.youtube.com/watch?v=VfgnE2uqsqY,2014-01-25,early,mixed/unknown,extreme,2762478,26948,1619,6lb) japanese curry rice challenge (part 2) good video; 2lbs (,
Matt Stonie,9kg (19.6lb) Japanese Curry Rice Challenge,https://www.youtube.com/watch?v=xOhaS9Qucdg,2014-01-21,early,mixed/unknown,extreme,10879387,98321,7019,6lb) japanese curry rice challenge good video; 2lbs (,
Matt Stonie,3-Dozen SnoBall Eating Challenge,https://www.youtube.com/watch?v=E_H6O4t22Jk,2014-01-13,early,mixed/unknown,extreme,2420793,21016,1542,,
Matt Stonie,"Giant Kalua Pork Sandwich (10,000+ Cals)",https://www.youtube.com/watch?v=Y0kQ927zjYc,2014-01-08,early,mixed/unknown,super extreme,6514238,64749,3698,,
Matt Stonie,Giant New Year's Mochi!!,https://www.youtube.com/watch?v=TIDJMdslTW0,2013-12-31,early,mixed/unknown,super extreme,1735180,19630,1744,,
Matt Stonie,World Twinkie Eating Championship 2013,https://www.youtube.com/watch?v=GrionHf2FXk,2013-12-26,early,mixed/unknown,unknown,409164,4451,649,,
Matt Stonie,12 Cans of Christmas (Diet Coke Drinking Challenge),https://www.youtube.com/watch?v=Mwi1rF4ufwo,2013-12-20,early,mixed/unknown,extreme,609509,8030,661,,
Matt Stonie,Matt Stonie vs 120 Bagel Bites Challenge,https://www.youtube.com/watch?v=rBQBzrhMQFU,2013-12-16,early,mixed/unknown,extreme,3984254,55990,3262,,
Matt Stonie,Double-Deep-Fried KFC (& more...) | Matt Stonie,https://www.youtube.com/watch?v=geCze4EBBG8,2013-12-11,early,fried chicken,unknown,7711533,55449,5277,,
Matt Stonie,I Got a Deep Fryer!!!,https://www.youtube.com/watch?v=xDq5tR--_2E,2013-12-01,early,mixed/unknown,unknown,678145,6073,994,,
Matt Stonie,Panda Express Chow Mein Challenge (Whole Party Tray),https://www.youtube.com/watch?v=SZOJOUESyjA,2013-11-22,early,mixed/unknown,extreme,3937116,36879,2272,,
Matt Stonie,World Slugburger Eating Championship 2013,https://www.youtube.com/watch?v=APo1wHla28A,2013-11-20,early,burger,large,418611,5376,687,,
Matt Stonie,"The Rock's ""Legendary Cheat Meal"" Challenge",https://www.youtube.com/watch?v=AfL5J-1Jlso,2013-11-15,early,mixed/unknown,extreme,4307218,44467,2970,12 pancakes (they look like choc chip/blueberry in the picture),
Matt Stonie,Eating McDonalds Food Backwards,https://www.youtube.com/watch?v=xTeWgz_2FtY,2013-11-04,early,mixed/unknown,unknown,997659,14080,2296,,
Matt Stonie,Brain Taco Eating Championship,https://www.youtube.com/watch?v=bgdu-Knm22U,2013-10-31,early,taco/burrito,unknown,201900,2349,931,5oz of veal brain,
Matt Stonie,Candied *Onion* Challenge (Halloween Prank),https://www.youtube.com/watch?v=-KwkgSGX13o,2013-10-29,early,mixed/unknown,extreme,1439547,15538,1335,,
Matt Stonie,Smoke's World Poutine Eating Championship 2013,https://www.youtube.com/watch?v=C6KoWwGRYDg,2013-10-28,early,mixed/unknown,unknown,89141,1411,352,,
Matt Stonie,Entire Costco Pizza Challenge,https://www.youtube.com/watch?v=sQauO4V8Cp8,2013-10-22,early,pizza,extreme,1825260,17139,1189,,
Matt Stonie,200+ Oysters Eaten in 3 minutes...,https://www.youtube.com/watch?v=cyVD8e_d4To,2013-10-10,early,mixed/unknown,unknown,200009,2385,318,,
Matt Stonie,"2 Guys vs ""Never-Ending Pasta Bowl""",https://www.youtube.com/watch?v=KatjVmoV94o,2013-10-03,early,mixed/unknown,unknown,3935828,35696,2883,,
Matt Stonie,2013 Nugget Rib Cook-off Rib Eating Championship,https://www.youtube.com/watch?v=GSaAm-fNC8o,2013-09-20,early,mixed/unknown,unknown,153391,1645,350,,
Matt Stonie,100 Eggo Waffle Challenge,https://www.youtube.com/watch?v=x__Nists6T8,2013-09-13,early,mixed/unknown,extreme,4981842,47615,5006,,
Matt Stonie,How to Eat Ribs Like a Pro (Competitive Eating),https://www.youtube.com/watch?v=zxcvHIZ5nbE,2013-08-27,early,mixed/unknown,unknown,1789874,17310,1119,,
Matt Stonie,Wendy's T-Rex Burger Challenge (vs Wreckless Eating),https://www.youtube.com/watch?v=DTS9u_maIRE,2013-08-25,early,burger,extreme,6696120,68139,3289,,
Matt Stonie,2013 World Gyoza Eating Championship,https://www.youtube.com/watch?v=7ep-X2d_0YQ,2013-08-22,early,mixed/unknown,unknown,406593,4723,845,,
Matt Stonie,2012 Japanese Potsticker Eating Championship,https://www.youtube.com/watch?v=2uFn0V1ZIuY,2013-08-10,early,mixed/unknown,unknown,74718,895,197,,
Matt Stonie,2012 Japanese Potsticker Eating Championship (Full Contest),https://www.youtube.com/watch?v=3S5ZO1-MieY,2013-08-10,early,mixed/unknown,unknown,31372,460,81,,
Matt Stonie,Carl's Jr. Six-Dollar EPIC Super Bacon Cheeseburger (Review & Destroy),https://www.youtube.com/watch?v=-0Nz7daJqRY,2013-08-06,early,burger,large,980180,11921,981,,
Matt Stonie,"Hooters AYCE Wings ""Contest"" (National Chicken Wing Day)",https://www.youtube.com/watch?v=onwGkF9JlBQ,2013-07-31,early,fried chicken,large,1535249,13714,1482,,
Matt Stonie,"""The Sweetest Food Challenge in the History of Ever"" (Hostess Snack Challenge) | Matt Stonie",https://www.youtube.com/watch?v=5WmQzSs34DE,2013-07-19,early,mixed/unknown,extreme,7786284,83960,10918,9lbs of them lol,
Matt Stonie,Nathans Hot Dog Eating Contest Introductions 2013,https://www.youtube.com/watch?v=Ytj_ncTVixs,2013-07-08,early,mixed/unknown,unknown,77506,660,64,,
Matt Stonie,Nathans Hot Dog Eating Contest 2013,https://www.youtube.com/watch?v=qRth_LInVIM,2013-07-08,early,mixed/unknown,unknown,5776343,29985,2759,,
Matt Stonie,Phantom Gourmet's Nathans Hot Dog Contest Qualifier 2012,https://www.youtube.com/watch?v=dSYxDE84gI4,2013-06-15,early,mixed/unknown,unknown,124275,1668,207,,
Matt Stonie,Bacon Cereal Challenge,https://www.youtube.com/watch?v=iz5ZoI4V1cc,2013-06-11,early,mixed/unknown,extreme,1105636,8189,1147,5lbs of b-day cake (link below) i started craving bacon really bad,
Matt Stonie,Training Vlog #2 (Nathan's/Katz's Deli),https://www.youtube.com/watch?v=lMJ6813L0t8,2013-06-07,early,mixed/unknown,unknown,82304,1331,248,,
Matt Stonie,Birthday Cake Eating World Record (Entire Cake),https://www.youtube.com/watch?v=k2rWUXCOAiU,2013-05-28,early,dessert/sweets,super extreme,2346669,34442,2500,5lbs of birthday cake in 8 minutes,
Matt Stonie,World Gyro Eating Championship 2013,https://www.youtube.com/watch?v=SHFjJG6yDUY,2013-05-24,early,mixed/unknown,unknown,147547,1381,274,,
Matt Stonie,World Gyro Eating Championship 2012,https://www.youtube.com/watch?v=qllWRk3rxcg,2013-05-17,early,mixed/unknown,unknown,72551,710,112,,
Matt Stonie,World Gyro Eating Championship 2012 (Full Contest),https://www.youtube.com/watch?v=GgElOgwbmNc,2013-05-17,early,mixed/unknown,unknown,63789,693,98,,
Matt Stonie,Costco $10 Food Court Challenge (vs Wreckless Eating),https://www.youtube.com/watch?v=B4_QOBBfdKI,2013-05-15,early,mixed/unknown,extreme,6941435,59927,4685,,
Matt Stonie,"Q&A #3 w/ Matt Stonie (37,000 SUBS!!!)",https://www.youtube.com/watch?v=IP4ZPq6hNuM,2013-05-11,early,mixed/unknown,unknown,104721,1625,382,,
Matt Stonie,"14lb ""Big Mac"" Burger Challenge | Matt Stonie",https://www.youtube.com/watch?v=rVkjf5GRgIs,2013-05-06,early,burger,extreme,11143042,112263,8389,"14lb ""big mac"" burger challenge | matt stonie like/fav & sub; 14lb burger; 4lb dog pounder",
Matt Stonie,Deep-Fried Asparagus Championship 2013,https://www.youtube.com/watch?v=6gxRdC00lPA,2013-04-30,early,mixed/unknown,unknown,148397,2408,744,,
Matt Stonie,Super Mario Bros Theme Song in 101 Burps,https://www.youtube.com/watch?v=Ei2JCpkDtlA,2013-04-25,early,mixed/unknown,unknown,120463,3488,309,,
Matt Stonie,10 McDonald's Cheeseburgers in 2:10,https://www.youtube.com/watch?v=W1iVLa783Ys,2013-04-14,early,burger,large,1322240,14327,1430,,
Matt Stonie,23 Bananas Eaten in 2 minutes - (world record?),https://www.youtube.com/watch?v=pR27Xl1sUJE,2013-04-11,early,mixed/unknown,super extreme,99848,1518,251,,
Matt Stonie,Solo Vermonster Challenge (Record Time),https://www.youtube.com/watch?v=Gi_8xJrYPyQ,2013-04-05,early,mixed/unknown,extreme,4838325,55073,2924,,
Matt Stonie,Nathan's Hot Dog Contest Training Vlog #1,https://www.youtube.com/watch?v=cK6XKfVkJCo,2013-03-25,early,mixed/unknown,unknown,52879,924,176,,
Matt Stonie,"Q&A #1 w/ Matt Stonie (Staying thin, Contests, Nathans, and GF's)",https://www.youtube.com/watch?v=6Avbb8w5ki8,2013-03-22,early,mixed/unknown,unknown,691315,9878,999,,
Matt Stonie,Spam Challenge vs Wreckless Eating,https://www.youtube.com/watch?v=nlVTWWIcJpI,2013-03-20,early,mixed/unknown,extreme,1257642,11811,1236,,
Matt Stonie,2012 Corned Beef Sandwich Eating Contest (Full Contest),https://www.youtube.com/watch?v=QouN7RwMYfY,2013-03-17,early,mixed/unknown,unknown,203074,1585,280,,
Matt Stonie,2012 Corned Beef Sandwich Eating Championship (Highlights),https://www.youtube.com/watch?v=dlyOqSmaptE,2013-03-17,early,mixed/unknown,unknown,77620,724,87,,
Matt Stonie,Giant Reese's Cup Eat-off!,https://www.youtube.com/watch?v=PAbKobUTX88,2013-03-11,early,mixed/unknown,super extreme,1096881,9472,1101,,
Matt Stonie,Cool Ranch vs Nacho Cheese DLT,https://www.youtube.com/watch?v=mlRit7Cj5zw,2013-03-07,early,mixed/unknown,unknown,1194225,14237,1062,,
Matt Stonie,Large Splenda Bag Challenge,https://www.youtube.com/watch?v=eWxn9kkqIu4,2013-03-05,early,mixed/unknown,extreme,492824,4006,948,,
Matt Stonie,Matt Stonie vs 10lb Bag of Potatoes,https://www.youtube.com/watch?v=KIl5iKpXbew,2013-03-03,early,mixed/unknown,unknown,221813,2166,330,10lb bag of potatoes please thumbs up & subscribe,
Matt Stonie,Taco 12 Pack Challenge Destroyed,https://www.youtube.com/watch?v=Q1k0pIKG1mI,2013-02-26,early,taco/burrito,extreme,3302538,28403,2828,,
Matt Stonie,Crazy Ramen Eating Stunt (5.09kg),https://www.youtube.com/watch?v=o0-SoLQ_6Xg,2013-02-19,early,ramen/noodles,unknown,8377025,66232,9350,11lbs of noodles and broth,
Matt Stonie,CP Biggest Eater 2012 Bangkok Highlights,https://www.youtube.com/watch?v=h2NbwURbLzc,2013-02-15,early,mixed/unknown,super extreme,37668,561,73,,
Matt Stonie,CP Biggest Eater 2012 Bangkok,https://www.youtube.com/watch?v=tgl53JqDu04,2013-02-15,early,mixed/unknown,super extreme,91008,1224,163,,
Matt Stonie,Eating Taco Bell Food Backwards,https://www.youtube.com/watch?v=OQOTqaumDi4,2013-02-11,early,taco/burrito,unknown,486560,6285,1015,,
Matt Stonie,"10,000 Subscribers!! + Competitive Eating Season!!",https://www.youtube.com/watch?v=0-RoGi0A8B8,2013-02-04,early,mixed/unknown,extreme,30705,672,191,,
Matt Stonie,2L Diet Coke No Burp Challenge,https://www.youtube.com/watch?v=l3lTywzJSe4,2013-01-31,early,mixed/unknown,extreme,869815,8333,906,,
Matt Stonie,Bro Attempts 2L Diet Coke Challenge w/o Burping,https://www.youtube.com/watch?v=c0dQdHqCZ10,2013-01-31,early,mixed/unknown,extreme,194021,2128,149,,
Matt Stonie,1min Spam Musubi Speed Eating - 60 Second Series Ep. #5,https://www.youtube.com/watch?v=TVCri8XjXLo,2013-01-24,early,mixed/unknown,unknown,984337,8835,575,,
Matt Stonie,2lb Butter Eating Attempt (8 Sticks),https://www.youtube.com/watch?v=59pG8cDnqFA,2013-01-16,early,mixed/unknown,unknown,598788,7975,1369,2lb butter eating attempt (8 sticks) self explanitory; 4lb sticks of butter,
Matt Stonie,Giant Peanut Butter & Banana Sandwich (Elvis Tribute),https://www.youtube.com/watch?v=GPf9BR5LNAM,2013-01-07,early,mixed/unknown,super extreme,1460802,15385,1492,2lbs of peanut butter,
Matt Stonie,7 Taco Bell Burritos Eaten in 60sec. - 60 Second Series Ep.4,https://www.youtube.com/watch?v=N15BDmTZL4A,2013-01-03,early,taco/burrito,unknown,936781,9299,1086,,
Matt Stonie,Spike's Hot Dog Eating Record,https://www.youtube.com/watch?v=Kg9D5REGhcQ,2013-01-01,early,mixed/unknown,unknown,1316087,11696,1145,,
Matt Stonie,4 McRibs + 32oz Coke,https://www.youtube.com/watch?v=0YNtqcD3AEc,2012-12-26,early,mixed/unknown,unknown,165848,2045,221,32oz coke thumbs up & subscribe for more videos; 40oz challenge; 32oz coke,
Matt Stonie,5lb Gummy Bear Challenge,https://www.youtube.com/watch?v=zIBLe-_8lA4,2012-12-16,early,mixed/unknown,extreme,2155646,17906,2064,5lb gummy bear challenge thumbs up; 5lb gummy bear; 5lb gummy bear; 6000 calories of sugar,6000
Matt Stonie,The McLimburger,https://www.youtube.com/watch?v=trN7e5zu1pI,2012-12-09,early,burger,large,739149,4981,438,,
Matt Stonie,Matt Stonie vs LA Beast - Dominos Med Pizza,https://www.youtube.com/watch?v=B_CnZZtstQo,2012-12-02,early,pizza,large,2692795,25408,1738,,
Matt Stonie,5' Subway Footlong Eating Challenge,https://www.youtube.com/watch?v=Tbh-l3jKeSo,2012-11-29,early,mixed/unknown,extreme,550954,5218,563,,
Matt Stonie,Eating a Whole Pumpkin Pie Backwards,https://www.youtube.com/watch?v=YXFxoCNFmtk,2012-11-19,early,mixed/unknown,unknown,364290,5413,546,,
Matt Stonie,"200 Oreo Tower Challenge (12,000+Cals)",https://www.youtube.com/watch?v=Xzd8KLryjJM,2012-11-16,early,mixed/unknown,super extreme,2437101,26396,3330,12000 calories & 1000g of sugar from the oreo cookies and milk,12000
Matt Stonie,5 Big Macs Eaten in 60 Seconds | Matt Stonie,https://www.youtube.com/watch?v=f5qMdA8e7dE,2012-11-08,early,mixed/unknown,unknown,5613150,47584,4668,,
Matt Stonie,Wendy's Baconator Eaten in 37secs,https://www.youtube.com/watch?v=h52BGkicIYg,2012-11-04,early,mixed/unknown,unknown,550383,5417,370,,
Matt Stonie,Baconator 3000 (3000+ Calories of Bacon),https://www.youtube.com/watch?v=XJHfLkJsGy8,2012-11-04,early,mixed/unknown,extreme,3411476,31803,3769,,
Matt Stonie,Jumbo  50 Egg Coolhand Luke Challenge vs Wreckless Eating,https://www.youtube.com/watch?v=vnYSnuUcxwk,2012-10-20,early,mixed/unknown,extreme,320713,3532,400,2lbs of egg; 5lbs vs 7lbs) ,
Matt Stonie,2011 MLE Tamale Eating Championship (p1),https://www.youtube.com/watch?v=aZluCj5pljM,2012-10-19,early,mixed/unknown,unknown,101882,945,47,,
Matt Stonie,2011 MLE Tamale Eating Championship (p2),https://www.youtube.com/watch?v=kYq4wCGrAFo,2012-10-19,early,mixed/unknown,unknown,70055,727,45,,
Matt Stonie,2011 Potsticker Eating Championship Highlights,https://www.youtube.com/watch?v=VAr0vUfqJ5Q,2012-10-18,early,mixed/unknown,unknown,85210,783,39,,
Matt Stonie,"24"" Cheesesteak Challenge in Sacramento",https://www.youtube.com/watch?v=5Ej_DvzJ9oU,2012-10-16,early,ramen/noodles,extreme,1893100,18501,1174,,
Matt Stonie,Costco-sized Challenge : Jar of Kimchi,https://www.youtube.com/watch?v=Q2kjGi2wtmo,2012-10-12,early,mixed/unknown,extreme,897867,8365,1208,,
Matt Stonie,Wonder Bread Challenge,https://www.youtube.com/watch?v=4ax8X23N-Ok,2012-10-09,early,mixed/unknown,extreme,285421,3320,187,,
Matt Stonie,120 Chicken McNugget Challenge (Solo),https://www.youtube.com/watch?v=FlP7gQPR9Zw,2012-10-07,early,fried chicken,extreme,6786305,68874,7210,100 nuggets,
Matt Stonie,World Pancake Eating Championship 2012,https://www.youtube.com/watch?v=GALf4CLgZmE,2012-10-04,early,dessert/sweets,unknown,42111,757,85,10lbs of pancake not including liquids in 10 minutes,
Matt Stonie,Speed Eating an IHOP 50 Stack,https://www.youtube.com/watch?v=uTc3BTiXuus,2012-10-03,early,mixed/unknown,unknown,73268,1063,64,65 pancakes,
Matt Stonie,5 Milky Way Candy Bar Challenge,https://www.youtube.com/watch?v=3qHGC8tHCmc,2012-09-30,early,mixed/unknown,extreme,611709,5373,793,,
Matt Stonie,2011 World Gyoza Eating Championship (p2),https://www.youtube.com/watch?v=0DMv0ITi1hc,2012-09-28,early,mixed/unknown,unknown,38461,528,31,,
Matt Stonie,2011 World Gyoza Eating Championship (p1),https://www.youtube.com/watch?v=R0gWNk6QHMk,2012-09-28,early,mixed/unknown,unknown,33139,482,48,,
Matt Stonie,Taco Bell Soft Taco Eating Championship Overview,https://www.youtube.com/watch?v=lEAAPtf8ll8,2012-09-28,early,taco/burrito,unknown,57071,607,43,,
Matt Stonie,Taco Bell Soft Taco Eating Championship (p1),https://www.youtube.com/watch?v=wXQsltoZMIk,2012-09-27,early,taco/burrito,unknown,73035,748,36,,
Matt Stonie,Taco Bell Soft Taco Eating Championship (p2),https://www.youtube.com/watch?v=SW5yAq5bQHc,2012-09-27,early,taco/burrito,unknown,69378,731,71,,
Matt Stonie,"Supersized 3000+ Calorie ""Lunchable"" Pizza",https://www.youtube.com/watch?v=QfDy2LffPqc,2012-09-23,early,pizza,extreme,6885850,58068,3240,,
Matt Stonie,2011 Nathan's Hot Dog Eating Contest (p2),https://www.youtube.com/watch?v=xsx-azubIFA,2012-09-20,early,mixed/unknown,unknown,116666,940,65,,
Matt Stonie,2011 Nathans Hot Dog Eating Contest (p1),https://www.youtube.com/watch?v=FZB7lEArNxU,2012-09-20,early,mixed/unknown,unknown,91995,921,55,,
Matt Stonie,Huge Sashimi Bowl Challenge (Record Set),https://www.youtube.com/watch?v=xuCSZveDnk8,2012-09-19,early,mixed/unknown,extreme,4438154,31706,1932,4lb's of rice,
Matt Stonie,Giant Pyramid of Twinkies - (Ep.2 60 Second Series),https://www.youtube.com/watch?v=k1yVA2GJBok,2012-09-16,early,mixed/unknown,super extreme,697865,6403,1012,,
Matt Stonie,6lb 3oz Jar of Jalapenos,https://www.youtube.com/watch?v=T-H7XEU2Ho0,2012-09-14,early,mixed/unknown,unknown,1310883,15566,2147,"6lb 3oz jar of jalapenos ------------like/fav & sub------------; 3oz jar of jalapenos ------------like/fav & sub------------",
Matt Stonie,"2011 Nathans Hot Dog Eating Contest Qualifier, Fishkill NY (Part 2)",https://www.youtube.com/watch?v=OPLmNKNmRzs,2012-09-14,early,mixed/unknown,unknown,85039,955,56,,
Matt Stonie,"2011 Nathan's Hot Dog Eating Contest Qualifier, Fishkill, NY",https://www.youtube.com/watch?v=ha1UHGxOv2I,2012-09-14,early,mixed/unknown,unknown,87953,1003,56,,
Matt Stonie,Attempt #2 at Eating a 1000-year-old Egg,https://www.youtube.com/watch?v=JVqI-qfhUIs,2012-09-10,early,mixed/unknown,unknown,2132291,14086,3774,,
Matt Stonie,Taco Bell Value Menu Challenge,https://www.youtube.com/watch?v=Z26HyKjPeUg,2012-09-10,early,taco/burrito,extreme,182636,2235,193,,
Matt Stonie,1+Lb Raw Onion Eating Challenge,https://www.youtube.com/watch?v=gBJzjSo9jq8,2012-09-07,early,mixed/unknown,extreme,313539,4476,458,,
Matt Stonie,Matt Stonie @ 2010 Pizza Eating Competition,https://www.youtube.com/watch?v=26uHuw4OwjI,2012-09-07,early,pizza,large,147612,2215,163,,
Matt Stonie,"2011 Nathan's Hot Dog Eating Contest Qualifier, Hawthorne CA",https://www.youtube.com/watch?v=sl7_d2SEkZY,2012-09-07,early,mixed/unknown,unknown,390303,3384,165,,
Matt Stonie,"2011 Nathan's Hot Dog Eating Contest Qualifier, Hawthorne CA (Part 2)",https://www.youtube.com/watch?v=_zXP8VbaPzU,2012-09-07,early,mixed/unknown,unknown,372356,3479,190,,
Matt Stonie,2011 Niko Niko's Gyro Eating Championship,https://www.youtube.com/watch?v=AJ2SiYzf1yo,2012-09-06,early,mixed/unknown,unknown,517663,4624,207,,
Matt Stonie,2011 Niko Niko's Gyro Eating Championship (part 2),https://www.youtube.com/watch?v=MR0F8_rtWek,2012-09-05,early,mixed/unknown,unknown,240462,2209,125,,
Matt Stonie,2011 Deep-Fried Asparagus Eating Contest (p2),https://www.youtube.com/watch?v=LMvTYJsopCY,2012-09-05,early,mixed/unknown,unknown,591354,5565,344,,
Matt Stonie,2011 Deep-Fried Asparagus Eating Contest,https://www.youtube.com/watch?v=6bbS-5b6bPg,2012-09-05,early,mixed/unknown,unknown,1271570,13685,586,,
Matt Stonie,10lb (4.5kg) Baked Bean Eating Challenge,https://www.youtube.com/watch?v=Nua4zYBg_LA,2012-09-03,early,mixed/unknown,extreme,592002,7614,1060,10lb (4; 10lbs of pure baked beans,
Matt Stonie,Eating Mayonnaise for Subscribers,https://www.youtube.com/watch?v=Gva4zNscgig,2012-09-02,early,mixed/unknown,unknown,819092,17529,2004,,
Matt Stonie,100 Potstickers in 101 Seconds,https://www.youtube.com/watch?v=Ln_PiCCid64,2012-08-30,early,mixed/unknown,unknown,775935,9767,860,,
Matt Stonie,Mc Rib Eating Challenge,https://www.youtube.com/watch?v=R57_oQjvaWQ,2012-08-29,early,mixed/unknown,extreme,1393331,15404,1166,,
Matt Stonie,KFC 20 Piece Bucket Eating Challenge,https://www.youtube.com/watch?v=fnpa28d9zd4,2012-08-28,early,fried chicken,extreme,3868787,35083,3151,20 piece bucket eating challenge ----------------like/fav & sub; 20pc variety bucket at kfc,
Nikocado Avocado,KFC Kentucky Fried Chicken with Trailer Trash Tammy • MUKBANG,https://www.youtube.com/watch?v=qhIL1yrTd74,2025-12-04,recent,fried chicken,extreme,587643,10830,1241,,
Nikocado Avocado,Eating the BIGGEST mango in the World! — 10 million views on TikTok!,https://www.youtube.com/watch?v=mVmQwiAeAYY,2025-08-23,recent,mixed/unknown,super extreme,557705,9163,812,,
Nikocado Avocado,Eating the RAREST fruit in the World! — 13 million views on TikTok!,https://www.youtube.com/watch?v=uek9SXWBdZs,2025-08-15,recent,mixed/unknown,unknown,2819909,46260,9473,,
Nikocado Avocado,Exposing What Really Happened with Stephanie Soo,https://www.youtube.com/watch?v=vvbY54cbiwQ,2025-06-18,recent,mixed/unknown,unknown,1529837,38458,6707,,
Nikocado Avocado,Eating the FATTIEST Avocado 🔥🤯 #shorts,https://www.youtube.com/watch?v=1f9rxRMk7o8,2025-06-14,recent,mixed/unknown,unknown,361870,8152,345,,
Nikocado Avocado,Eating $500 worth of Mangos 💰🥭 #shorts,https://www.youtube.com/watch?v=-9Cr62prLVI,2025-06-13,recent,mixed/unknown,unknown,273068,5593,269,,
Nikocado Avocado,Eating the BEST Mangos 🥵💦 #shorts,https://www.youtube.com/watch?v=z7DlMru2w1s,2025-06-06,recent,mixed/unknown,unknown,225637,4316,216,,
Nikocado Avocado,Eating LYCHEE for 1st time 🥵🔥 #shorts,https://www.youtube.com/watch?v=C-1aH2wnE70,2025-06-06,recent,mixed/unknown,unknown,240570,5851,416,,
Nikocado Avocado,"Eating the RARE ""Lemon Pie"" Mango 🍋🥵 #shorts",https://www.youtube.com/watch?v=HjLf_3Xf7_4,2025-06-03,recent,mixed/unknown,unknown,206090,4541,307,,
Nikocado Avocado,WHY WE CAN'T BREAK UP • BLACK BEAN FIRE NOODLES • Mukbang & Recipe,https://www.youtube.com/watch?v=0LasfgdHM_Y,2025-05-15,recent,ramen/noodles,large,2187511,15729,7631,000 calories worth of korean black bean noodles aka jajangmyeon ramen,3000
Nikocado Avocado,I got 4 surgeries AT ONCE... My Plastic $urgery Journey & Results,https://www.youtube.com/watch?v=MuYUaqlbU_s,2025-03-16,recent,mixed/unknown,unknown,1748023,25222,3518,250 pounds from once being a big fat american mukbanger,
Nikocado Avocado,Back in the Hospital...SO much Pain... 💔,https://www.youtube.com/watch?v=m3CNS1_Q8T4,2025-03-08,recent,mixed/unknown,unknown,395655,9187,478,,
Nikocado Avocado,Revealing My Loose Skin After 250 Pound Weight Loss,https://www.youtube.com/watch?v=0IOh3hKj_Ek,2025-02-13,recent,mixed/unknown,unknown,1576309,25787,3506,250 pound weight loss go watch my open surgery on dr; 250 pounds and coming back to the internet with the two steps ahead video,
Nikocado Avocado,Fire Noodles with Hungry Fat Chick,https://www.youtube.com/watch?v=BJfbbWilU74,2024-12-30,recent,ramen/noodles,large,1798751,19349,4950,,
Nikocado Avocado,Eating EXTREME SPICY noodles.... 🥵💀,https://www.youtube.com/watch?v=M5sraO9Y20s,2024-04-22,recent,ramen/noodles,large,4208450,83893,5462,,
Nikocado Avocado,Am I Fat...? 😡 #shorts,https://www.youtube.com/watch?v=iJE3d-OmHqE,2024-02-15,recent,mixed/unknown,unknown,5389026,92613,11385,,
Nikocado Avocado,Am I Fat...? 😡 #shorts,https://www.youtube.com/watch?v=Lo9LUGkWE_g,2024-02-13,recent,mixed/unknown,unknown,2386158,43619,6658,,
Nikocado Avocado,WHY WE CAN'T BREAK UP • SPICY CHEESY FIRE NOODLES • Mukbang & Recipe,https://www.youtube.com/watch?v=OXSkFW8wLiw,2024-02-06,recent,ramen/noodles,super extreme,17539023,98431,114236,000 calorie challenge,10000
Nikocado Avocado,Extremely SPICY Takis 🤢🤮 #shorts,https://www.youtube.com/watch?v=OWN8DQC_fZg,2023-11-17,recent,mixed/unknown,large,3470239,60545,6192,,
Nikocado Avocado,Extreme Spicy Takis ASMR!?🥵🔥,https://www.youtube.com/watch?v=R-OkmdEvdX0,2023-11-16,recent,mixed/unknown,large,2302015,39723,2818,,
Nikocado Avocado,Extreme Spicy Takis ASMR!?🥵🔥,https://www.youtube.com/watch?v=h-CmKO_jY7w,2023-11-14,recent,mixed/unknown,large,2016972,40375,1721,,
Nikocado Avocado,Extreme Spicy BLUE Takis Noodles 🥵🔥,https://www.youtube.com/watch?v=4gGAU3Tkne8,2023-11-13,recent,ramen/noodles,large,9681185,78730,3141,,
Nikocado Avocado,Extreme Spicy Takis ASMR!?🥵🔥,https://www.youtube.com/watch?v=nt44hEkIqjo,2023-11-13,recent,mixed/unknown,large,1220372,20690,851,,
Nikocado Avocado,EATING THE WORLD'S SPICIEST BLUE HEAT TAKIS FIRE NOODLES • Mukbang & Recipe,https://www.youtube.com/watch?v=CBfkJuDSOcg,2023-10-30,recent,ramen/noodles,super extreme,5821100,50976,20142,000 calorie challenge,10000
Nikocado Avocado,How to eat. .. Taco Bell 😳,https://www.youtube.com/watch?v=lBvkBuH3Vag,2023-10-25,recent,taco/burrito,unknown,1383101,24083,2539,,
Nikocado Avocado,"Can I do ""The Griddy"" ?",https://www.youtube.com/watch?v=nrcnx4vk7hc,2023-10-01,recent,mixed/unknown,unknown,10289344,132487,13234,,
Nikocado Avocado,Extremely Spicy Zombie Takis🔥🤮,https://www.youtube.com/watch?v=D0CzTYmD1_8,2023-10-01,recent,mixed/unknown,large,2352422,34389,3173,,
Nikocado Avocado,Eating SPICY Zombie Takis 🤮🔥,https://www.youtube.com/watch?v=RebscxZgNe8,2023-09-29,recent,mixed/unknown,large,15683743,198336,2350,,
Nikocado Avocado,Am i TOO Fat? 🤬 #shorts,https://www.youtube.com/watch?v=fdLXlPDKfbc,2023-09-28,recent,mixed/unknown,unknown,4239651,50508,8130,,
Nikocado Avocado,How I eat Mac & Cheese... 😡 #shorts,https://www.youtube.com/watch?v=0Yi--ZgwGZY,2023-09-27,recent,mixed/unknown,unknown,2360322,25500,2085,,
Nikocado Avocado,Extreme Spicy Chips....🥵🔥 #shorts,https://www.youtube.com/watch?v=NLZv5p658jo,2023-08-20,recent,mixed/unknown,large,1979713,42867,1887,,
Nikocado Avocado,Am I Fat...? 😡 #shorts,https://www.youtube.com/watch?v=rN5BttUjm1E,2023-08-19,recent,mixed/unknown,unknown,2755697,42791,8448,,
Nikocado Avocado,EATING THE WORLD'S SPICIEST BLACK BEAN NOODLES WITH HUNGRY FAT CHICK • Mukbang & Recipe,https://www.youtube.com/watch?v=i6ocpS7flaI,2023-08-13,recent,ramen/noodles,extreme,5681405,33417,14756,,
Nikocado Avocado,What happened to Nikocado Avocado...? 😮 #shorts,https://www.youtube.com/watch?v=a0E5GAOjJqs,2023-07-30,recent,mixed/unknown,unknown,2530233,53359,1366,,
Nikocado Avocado,Extreme Spicy Cheesy Takis Noodles 🥵🔥,https://www.youtube.com/watch?v=-yyPpAoK8wE,2023-07-27,recent,ramen/noodles,large,1766259,34195,2419,,
Nikocado Avocado,"Matt Stonie's 10,000 Calorie EXTREMELY CHEESY Takis SPICY FIRE Noodle Challenge (907g. OF CHEESE)",https://www.youtube.com/watch?v=2605ym5yp5Y,2023-07-19,recent,ramen/noodles,super extreme,3613129,34675,8208,000 calorie extremely cheesy takis spicy fire noodle challenge (907g; 120 calories,10000
Nikocado Avocado,WHY WE CAN'T BREAK UP • SPICY CHEESY FIRE NOODLES • Mukbang & Recipe,https://www.youtube.com/watch?v=21S-UemJJLk,2023-05-28,recent,ramen/noodles,extreme,5209175,44305,8104,8 pounds heavier since the last time i posted here which was like 2 months ago; 1 pound every 2 days,
Nikocado Avocado,"Matt Stonie's 10,000 Calorie EXTREME NACHO CHEESE Takis Challenge",https://www.youtube.com/watch?v=E0XtbZn81xA,2023-04-15,recent,mixed/unknown,super extreme,3248890,32312,10170,000 calorie extreme nacho cheese takis challenge buy these takis,10000
Nikocado Avocado,TAKIS ZOMBIE FIRE NOODLES • Mukbang & Recipe,https://www.youtube.com/watch?v=x7YVudQj2Xk,2023-03-14,recent,ramen/noodles,extreme,3014018,30605,9136,,
Nikocado Avocado,EXTREME FIRE NOODLE CHALLENGE WITH HUNGRY FAT CHICK • Mukbang & Recipe,https://www.youtube.com/watch?v=lrVIDuKvyMw,2023-02-16,recent,ramen/noodles,extreme,2931532,22255,14650,,
Nikocado Avocado,WHY WE CAN'T BREAK UP • SPICY CHEESY FIRE NOODLES • Mukbang & Recipe,https://www.youtube.com/watch?v=xeo1Q1FUc0Q,2023-01-12,recent,ramen/noodles,extreme,6348730,44746,18096,,
Nikocado Avocado,WHY WE CAN'T BREAK UP • SPICY FIRE BLACK BEAN NOODLES • Mukbang & Recipe,https://www.youtube.com/watch?v=yycx8nNh_tk,2022-11-23,recent,ramen/noodles,extreme,5402560,49695,21193,,
Nikocado Avocado,EXTREME SPICIEST FIRE FRIED KOREAN NOODLE CHALLENGE 매운 국수 챌린지 • PALDO FUN & YUM • Mukbang & Recipe,https://www.youtube.com/watch?v=uiDLOAjaHUI,2022-10-27,recent,ramen/noodles,extreme,2866501,32488,14721,,
Nikocado Avocado,TAKIS ZOMBIE FIRE NOODLES WITH HUNGRY FAT CHICK • Mukbang & Recipe,https://www.youtube.com/watch?v=p6x0lTTkrrs,2022-09-15,recent,ramen/noodles,extreme,4720162,42336,16275,,
Nikocado Avocado,EXTREME BLUE HEAT CHEESE STUFFED TAKIS • Mukbang & Recipe,https://www.youtube.com/watch?v=XhDu9JoE6n0,2022-08-15,recent,mixed/unknown,extreme,4273396,57606,28318,,
Nikocado Avocado,Fire Noodle Challenge with Trailer Trash Tammy • MUKBANG,https://www.youtube.com/watch?v=ZcIK_b41Nlo,2022-05-14,recent,ramen/noodles,extreme,7525785,90075,25876,,
Nikocado Avocado,EXTREME HOT CHEETOS FIRE NOODLES WITH HUNGRY FAT CHICK • Mukbang & Recipe,https://www.youtube.com/watch?v=NGiAzwbKZNU,2022-04-18,recent,ramen/noodles,extreme,3810021,37090,22113,,
Nikocado Avocado,EXTREME FIRE NOODLE CHALLENGE WITH HUNGRY FAT CHICK • Mukbang & Recipe,https://www.youtube.com/watch?v=eTQPOeG3SMs,2022-01-27,recent,ramen/noodles,extreme,6635636,77219,26370,,
Nikocado Avocado,EXTREME BLUE TAKIS FIRE NOODLES WITH HUNGRY FAT CHICK • Mukbang & Recipe,https://www.youtube.com/watch?v=1GyRS20MUmU,2021-12-06,mid,ramen/noodles,extreme,20834509,196293,90349,,
Nikocado Avocado,EXTREME TAKIS FUEGO FIRE NOODLES • Mukbang & Recipe,https://www.youtube.com/watch?v=iELfc-C48e8,2021-11-28,mid,ramen/noodles,extreme,3360075,37680,14535,,
Nikocado Avocado,EXTREME VOLCANO FIRE NOODLES • Mukbang & Recipe,https://www.youtube.com/watch?v=bPBV_Cv2vos,2021-11-17,mid,ramen/noodles,extreme,2713435,40482,20955,,
Nikocado Avocado,EXTREME HOT CHEETOS FIRE NOODLES • Mukbang & Recipe,https://www.youtube.com/watch?v=vdpjwAuZsPI,2021-10-19,mid,ramen/noodles,super extreme,3709670,50409,42492,000 calorie challenge,10000
Nikocado Avocado,EXTREME BLUE HEAT TAKIS FIRE NOODLES • Mukbang & Recipe,https://www.youtube.com/watch?v=5EXoFngOzS0,2021-10-07,mid,ramen/noodles,super extreme,7564108,93220,50690,000 calorie challenge,10000
Nikocado Avocado,"Matt Stonie's 10,000 Calorie MOST KOREAN FIRE NOODLES Ever Eaten Challenge",https://www.youtube.com/watch?v=oMVMCZWNCFU,2021-09-16,mid,ramen/noodles,super extreme,3334163,36967,25532,000 calorie most korean fire noodles ever eaten challenge (new) buy my merch: https://www,10000
Nikocado Avocado,"Matt Stonie's 10,000 Calorie EXTREME ZOMBIE NITRO Takis Fuego Challenge",https://www.youtube.com/watch?v=5ag8GKvYIxM,2021-08-21,mid,mixed/unknown,super extreme,5180095,71260,26698,000 calorie extreme zombie nitro takis fuego challenge buy these takis,10000
Nikocado Avocado,BLACK BEAN FIRE NOODLES • Mukbang & Recipe,https://www.youtube.com/watch?v=VLWrorjQWjI,2021-07-20,mid,ramen/noodles,extreme,4125007,58554,12012,,
Nikocado Avocado,SPICY INDOMIE MI GORENG NOODLE CHALLENGE WITH HUNGRY FAT CHICK • Mukbang & Recipe,https://www.youtube.com/watch?v=RsmXEuBThnk,2021-07-13,mid,ramen/noodles,extreme,2852210,31724,8042,,
Nikocado Avocado,WHY WE CAN'T BREAK UP • CHEESY SPICY LOBSTER SEAFOOD NOODLES • Mukbang & Recipe,https://www.youtube.com/watch?v=yJhRWqnY4JU,2021-06-28,mid,ramen/noodles,extreme,4400523,39412,12479,,
Nikocado Avocado,13X NUCLEAR FIRE NOODLE CHALLENGE • Mukbang & Recipe,https://www.youtube.com/watch?v=C9GPngZ1eVE,2021-06-22,mid,ramen/noodles,extreme,1919150,21890,5089,,
Nikocado Avocado,WHY WE CAN'T BREAK UP • SPICY FIRE RICE CAKE NOODLES • Mukbang & Recipe,https://www.youtube.com/watch?v=BWTe9H1yjoE,2021-06-10,mid,ramen/noodles,extreme,1629885,23262,4969,,
Nikocado Avocado,"Matt Stonie's 10,000 Calorie EXTREME BLUE HEAT Takis Fuego Challenge",https://www.youtube.com/watch?v=57k4IFCAu8I,2021-05-29,mid,mixed/unknown,super extreme,4571797,61462,14903,000 calorie extreme blue heat takis fuego challenge (new) buy merch: https://thecomedyoutlet; 000 calorie flamin' hot cheetos challenge,10000
Nikocado Avocado,VOLCANO SPICY BATTLE • FIRE NOODLE RACE CHALLENGE • Mukbang & Recipe,https://www.youtube.com/watch?v=fueb70ssyQs,2021-05-23,mid,ramen/noodles,extreme,1875144,33488,9414,,
Nikocado Avocado,Heart Attack Grill With Bloveslife • MUKBANG,https://www.youtube.com/watch?v=GNSjD33QrH0,2021-05-10,mid,mixed/unknown,super extreme,1862193,30790,4518,000 calorie cheeseburger tower,20000
Nikocado Avocado,Fried Chicken With Raven-Symoné & Miranda (8 PM) • MUKBANG,https://www.youtube.com/watch?v=55jBQDzGql4,2021-04-23,mid,fried chicken,extreme,1367796,23032,3982,,
Nikocado Avocado,BLACK BEAN NOODLES WITH HUNGRY FAT CHICK • Mukbang & Recipe,https://www.youtube.com/watch?v=Nz51aMBgH04,2021-04-10,mid,ramen/noodles,extreme,2735307,28359,7811,,
Nikocado Avocado,"MY NEW HOUSE TOUR – I bought a $2,300,000 Million Dollar Penthouse",https://www.youtube.com/watch?v=d-tOb3SDeRw,2021-04-01,mid,mixed/unknown,unknown,2452008,27570,13241,,
Nikocado Avocado,"Heart Attack Grill With Hungry Fat Chick (20,000 Calorie Burgers) • MUKBANG",https://www.youtube.com/watch?v=JeUYX6Bcv4E,2021-03-23,mid,burger,super extreme,2965490,41035,13340,000 calorie burgers) • mukbang thank you helix for sponsoring,20000
Nikocado Avocado,EXTREME FIRE NOODLE CHALLENGE WITH HUNGRY FAT CHICK • Mukbang & Recipe,https://www.youtube.com/watch?v=k7pisEAjMeo,2021-03-15,mid,ramen/noodles,extreme,2750863,36250,7350,,
Nikocado Avocado,We Broke Up,https://www.youtube.com/watch?v=d3JkqJycmAg,2021-03-06,mid,mixed/unknown,unknown,2252283,26355,13048,,
Nikocado Avocado,DAEBAK GHOST PEPPER NOODLE CHALLENGE • THE WORLD'S SPICIEST RAMEN • Mukbang & Recipe,https://www.youtube.com/watch?v=edJjb7utRas,2021-02-26,mid,ramen/noodles,extreme,3286398,45805,10399,,
Nikocado Avocado,"Matt Stonie's 10,000 Calorie FIRE TAKIS FUEGO Challenge",https://www.youtube.com/watch?v=74CD6yCvQoc,2021-02-14,mid,mixed/unknown,super extreme,3293929,42464,13501,000 calorie fire takis fuego challenge now i'm trying the takis fuego; 000 calorie flamin' hot cheetos challenge,10000
Nikocado Avocado,Giant 10 Pound King Crab • MUKBANG,https://www.youtube.com/watch?v=N-EOlfFlV2E,2021-01-26,mid,seafood,super extreme,2531265,41565,12916,10 pound king crab • mukbang today i'm gonna be eating a giant 10 pound king crab leg; 10 pound whole king crab,
Nikocado Avocado,"Matt Stonie's 10,000 Calorie FLAMIN' HOT CHEETOS Challenge",https://www.youtube.com/watch?v=bxsd7M-my5M,2020-12-28,mid,mixed/unknown,super extreme,2655111,41551,21315,000 calorie flamin' hot cheetos challenge matt stonie did this,10000
Nikocado Avocado,WE'RE BACK TOGETHER • EXTREMELY CHEESY CARBO FIRE NOODLES • Mukbang & Recipe,https://www.youtube.com/watch?v=uVn4hKM9z9M,2020-12-09,mid,ramen/noodles,extreme,1596655,24529,11177,,
Nikocado Avocado,EXTREMELY CHEESY SPICY LOBSTER SEAFOOD FIRE NOODLES • Mukbang & Recipe,https://www.youtube.com/watch?v=Uabvq3Lmz-g,2020-11-29,mid,ramen/noodles,extreme,2084106,23533,8379,,
Nikocado Avocado,GIANT SPICY RICE CAKES 떡볶이 먹방 CHEESY FIRE NOODLES  • Mukbang & Recipe,https://www.youtube.com/watch?v=Zkw3999fINw,2020-11-25,mid,ramen/noodles,super extreme,1170950,15467,4049,,
Nikocado Avocado,ORLIN IS BACK • SUPER SPICY FIRE RAMEN NOODLES • Mukbang & Recipe,https://www.youtube.com/watch?v=FElGXTeMYeg,2020-11-20,mid,ramen/noodles,extreme,2593557,42460,6387,,
Nikocado Avocado,WHY WE CAN'T BREAK UP • INDOMIE MI GORENG FRIED NOODLES • Mukbang & Recipe,https://www.youtube.com/watch?v=aPy8ve9BhZk,2020-11-10,mid,ramen/noodles,extreme,1635888,24086,11173,,
Nikocado Avocado,NUCLEAR BLACK BEAN FIRE NOODLES • Mukbang & Recipe,https://www.youtube.com/watch?v=f46dXkwg6Ek,2020-11-01,mid,ramen/noodles,extreme,1454185,25030,6390,,
Nikocado Avocado,CHEESY CHEESE FIRE NOODLES 먹방 • Mukbang & Recipe,https://www.youtube.com/watch?v=C26mrNW9VfM,2020-10-28,mid,ramen/noodles,extreme,1510853,25588,5180,,
Nikocado Avocado,DAEBAK GHOST PEPPER NOODLE CHALLENGE • THE WORLD'S SPICIEST RAMEN • Mukbang & Recipe,https://www.youtube.com/watch?v=SEX4FyNbD10,2020-10-24,mid,ramen/noodles,extreme,8757656,120466,24271,,
Nikocado Avocado,CREAMY WHITE ALFREDO SPICY FIRE NOODLES • Mukbang & Recipe,https://www.youtube.com/watch?v=qf_S4nqOrb0,2020-10-22,mid,ramen/noodles,extreme,1236753,17492,6013,,
Nikocado Avocado,THE BEST SPICY CHEESY RICE CAKES I'VE EVER MADE • Mukbang & Recipe,https://www.youtube.com/watch?v=65B3npWYnYA,2020-10-06,mid,dessert/sweets,extreme,1160184,19431,3973,,
Nikocado Avocado,OUR FINAL VIDEO TOGETHER • EXTREME FIVE-CHEESE 'CORN' FIRE NOODLES • Mukbang & Recipe,https://www.youtube.com/watch?v=JNUfOBZygvU,2020-09-29,mid,ramen/noodles,extreme,1186342,17292,4179,,
Nikocado Avocado,"10,000 Calorie Challenge (completed)",https://www.youtube.com/watch?v=USbduIw8t3s,2020-09-26,mid,mixed/unknown,super extreme,1870997,31182,7231,000 calorie challenge (completed) i will complete the 10k cal challenge; 000 calorie challenge -- full of junk food; 000 calories,10000
Nikocado Avocado,EXTREMELY CHEESY SUPER SPICY 'PESTO' FIRE NOODLES • Mukbang & Recipe,https://www.youtube.com/watch?v=zXkq0DmUAQM,2020-09-16,mid,ramen/noodles,extreme,1421515,25621,7075,,
Nikocado Avocado,THE BEST CHEESY SPICY NUCLEAR FIRE NOODLES I'VE EVER MADE • Mukbang & Recipe,https://www.youtube.com/watch?v=mKrEOtd9x-E,2020-09-10,mid,ramen/noodles,extreme,1120909,18687,5722,,
Nikocado Avocado,ORLIN IS BACK • CHEESY NUCLEAR SPICY 'BIBIM' FIRE NOODLES • Mukbang & Recipe,https://www.youtube.com/watch?v=kI9GI9isjxU,2020-09-02,mid,ramen/noodles,extreme,1619745,31862,14703,,
Nikocado Avocado,WHY WE CAN'T BREAK UP • SPICY MALA FIRE NOODLES • Mukbang & Recipe,https://www.youtube.com/watch?v=VP7u4CLd4B0,2020-08-24,mid,ramen/noodles,extreme,1357959,21921,10767,,
Nikocado Avocado,SPICY CHEESY RICE CAKE FIRE NOODLES  • Mukbang & Recipe,https://www.youtube.com/watch?v=RdX0wDibGB0,2020-08-17,mid,ramen/noodles,extreme,1191030,20198,5950,,
Nikocado Avocado,EXTREMELY SPICY FLAMIN' HOT CHEETOS NOODLES • Mukbang & Recipe,https://www.youtube.com/watch?v=0k5GyCXHNZI,2020-08-08,mid,ramen/noodles,extreme,2322913,46083,15135,,
Nikocado Avocado,EXTREMELY CHEESY CARBO FIRE NOODLES • Mukbang & Recipe,https://www.youtube.com/watch?v=2hbKelWv9vc,2020-07-18,mid,ramen/noodles,extreme,3223355,54129,27922,,
Nikocado Avocado,VOLCANO SPICY BATTLE • FIRE NOODLE RACE CHALLENGE • Mukbang & Recipe,https://www.youtube.com/watch?v=85ZcCC0UCdw,2020-06-29,mid,ramen/noodles,extreme,8535541,144534,50315,,
Nikocado Avocado,THE BEST SPICY CHEESY RICE CAKES WE'VE EVER MADE • Mukbang & Recipe,https://www.youtube.com/watch?v=ow0K2UNwcLQ,2020-06-13,mid,dessert/sweets,extreme,3716994,70163,33149,,
Nikocado Avocado,GIANT CHEESE STUFFED CHEETO • Mukbang & Recipe,https://www.youtube.com/watch?v=NaIVn9_1Do4,2020-05-29,mid,mixed/unknown,super extreme,3869626,68613,12963,,
Nikocado Avocado,Giant 21 Pound Lobster • MUKBANG,https://www.youtube.com/watch?v=00pZgzU8IRk,2020-05-13,mid,seafood,super extreme,2443211,29428,20433,21 pound lobster • mukbang get 20% off @manscaped + free shipping with code avocado at manscaped; 21 pound lobster,
Nikocado Avocado,EXTREMELY CHEESY SUPER SPICY FIRE RAMEN NOODLES • Mukbang & Recipe,https://www.youtube.com/watch?v=4WLIlkopO9Q,2020-04-29,mid,ramen/noodles,extreme,1740641,22316,10741,,
Nikocado Avocado,MCDONALD'S ANIMAL STYLE FRIES • Mukbang & Recipe,https://www.youtube.com/watch?v=D6hi9b8vfEU,2020-04-15,mid,mixed/unknown,extreme,994841,12989,6030,,
Nikocado Avocado,I'm Going Vegan,https://www.youtube.com/watch?v=mES9-zM-k6M,2020-04-02,mid,mixed/unknown,unknown,1552313,18188,24233,,
Nikocado Avocado,"McDonald's, KFC, Taco Bell, Wendy's, & Burger King • MUKBANG",https://www.youtube.com/watch?v=p0isSZuTVlE,2020-03-30,mid,burger,super extreme,1095960,16766,3864,4 piece extra crispy dark meat with some mashed potatoes; 000 calorie challenge too; 000 calorie challenge that i just did on my new mukbang channel,10000
Nikocado Avocado,This Youtuber drags me in front of 1.2 Million people,https://www.youtube.com/watch?v=lNjkPV2O-1Q,2020-03-26,mid,mixed/unknown,unknown,878384,11810,9027,,
Nikocado Avocado,My Little Brother Tries King Crab Legs For The First Time • MUKBANG,https://www.youtube.com/watch?v=1HKAO4faFNg,2020-03-20,mid,seafood,extreme,632906,9582,6956,,
Nikocado Avocado,In-N-Out Burger • Animal Style Cheat Day • MUKBANG,https://www.youtube.com/watch?v=oNG2mR_pfTw,2020-03-14,mid,burger,extreme,1043353,14510,3159,,
Nikocado Avocado,Tammy Tries Taco Bell Drive-Thru • MUKBANG,https://www.youtube.com/watch?v=QJB4KhhcZDE,2020-03-11,mid,taco/burrito,extreme,1814485,33395,3026,,
Nikocado Avocado,Blove's Lobster Seafood Boil With Hot Cheetos Mozz Sticks • MUKBANG,https://www.youtube.com/watch?v=wQ66XC_860o,2020-03-09,mid,seafood,extreme,620356,10150,1626,,
Nikocado Avocado,KFC CHICKEN with CHEESE SAUCE • Mukbang & Recipe,https://www.youtube.com/watch?v=h8iwJzmPBEg,2020-03-07,mid,fried chicken,extreme,1244627,19253,2852,,
Nikocado Avocado,Shake Shack • MUKBANG,https://www.youtube.com/watch?v=-k4XJn-VImo,2020-03-05,mid,mixed/unknown,extreme,689833,12462,2280,,
Nikocado Avocado,My Brother Tries Spicy Cheesy Rice Cakes For The First Time • MUKBANG,https://www.youtube.com/watch?v=cPfs1mTjlHw,2020-02-28,mid,dessert/sweets,extreme,897654,17026,2811,,
Nikocado Avocado,Five Guys With Cheese Sauce • MUKBANG,https://www.youtube.com/watch?v=QOOZi8dX8uU,2020-02-25,mid,mixed/unknown,extreme,664135,9416,3101,,
Nikocado Avocado,Eating My Weight In Taco Bell • MUKBANG,https://www.youtube.com/watch?v=u0HIUKPTwyU,2020-02-23,mid,taco/burrito,super extreme,549349,9877,1908,300 pounds); 000 calories in front of me,10000
Nikocado Avocado,I'm sorry to Veronica Wang • Burger King • MUKBANG,https://www.youtube.com/watch?v=U4pU2nng0Rg,2020-02-20,mid,burger,extreme,606085,13133,3474,,
Nikocado Avocado,I'm Sorry • Sonic With Bloves Sauce • MUKBANG,https://www.youtube.com/watch?v=-jUxa0FXw0I,2020-02-17,mid,mixed/unknown,extreme,507049,10944,4041,,
Nikocado Avocado,re: Veronica Wang,https://www.youtube.com/watch?v=6sCJoSNJFo8,2020-02-14,mid,mixed/unknown,unknown,522870,5502,5140,,
Nikocado Avocado,Revealing My Stalker,https://www.youtube.com/watch?v=zxc3eu7NDDQ,2020-02-12,mid,mixed/unknown,unknown,456582,6806,4404,,
Nikocado Avocado,This is why Orlin left me.....Pizza hut Mukbang,https://www.youtube.com/watch?v=ZjI3aiPGP2c,2020-02-09,mid,pizza,extreme,1222890,17275,6727,,
Nikocado Avocado,FLAMIN' HOT CHEETOS NOODLES • Mukbang & Recipe,https://www.youtube.com/watch?v=-oslNRErpsE,2020-02-01,mid,ramen/noodles,extreme,715985,8802,4008,,
Nikocado Avocado,5X NUCLEAR FIRE NOODLE CHALLENGE • Mukbang & Recipe,https://www.youtube.com/watch?v=d-bEcFq2SRc,2020-01-18,mid,ramen/noodles,extreme,955417,11345,3110,,
Nikocado Avocado,"Cheesy Cheeseburger, Cheesy Nuggets, Cheesy Spicy Chicken Sandwich • MUKBANG",https://www.youtube.com/watch?v=j1RglHdylxI,2020-01-11,mid,burger,extreme,1050672,16981,5584,,
Nikocado Avocado,I'm Not Sorry • Buffalo Wild Wings • MUKBANG,https://www.youtube.com/watch?v=pnvx4AdquuA,2020-01-08,mid,mixed/unknown,extreme,682255,10303,6723,,
Nikocado Avocado,"Nikocado Avocado, what happened to you?",https://www.youtube.com/watch?v=NDWPUYu5Tgg,2020-01-04,mid,mixed/unknown,unknown,985433,9414,5305,,
Nikocado Avocado,NEW CHEESY SPICY FIRE NOODLE • Mukbang & Recipe,https://www.youtube.com/watch?v=IR8xKsChsgU,2020-01-02,mid,ramen/noodles,extreme,633992,7311,6007,,
Nikocado Avocado,4x Spicy Cheesy Mala Fire Noodle Challenge • MUKBANG,https://www.youtube.com/watch?v=dplb01S41Fo,2019-12-29,mid,ramen/noodles,extreme,548705,6416,8156,,
Nikocado Avocado,Nuclear Fire Noodles With Chick-Fil-A • MUKBANG,https://www.youtube.com/watch?v=X7IRu84MOJM,2019-12-26,mid,ramen/noodles,extreme,870169,7293,25244,,
Nikocado Avocado,10 Packs Spicy Fire Noodle Challenge With Zach Choi And Stephanie Soo • MUKBANG,https://www.youtube.com/watch?v=8H0JQpv2CHg,2019-12-17,mid,ramen/noodles,extreme,2839109,34252,24902,,
Nikocado Avocado,"Massive Seafood Boil • Spicy Seafood Sauce with King Crab, Lobster, Tiger Shrimp & Sausage • MUKBANG",https://www.youtube.com/watch?v=AzdoEZ6Bfbc,2019-12-15,mid,seafood,super extreme,1328386,11887,1944,,
Nikocado Avocado,Burger King With Trisha Paytas • MUKBANG,https://www.youtube.com/watch?v=HDtI5BDLZa8,2019-12-12,mid,burger,extreme,739035,11807,2027,,
Nikocado Avocado,"Seafood Boil • King Crab Legs, Whole Lobsters, Jumbo Shrimp, Sausage, Potatoes, & Corn • MUKBANG",https://www.youtube.com/watch?v=tILni_NXK5k,2019-12-09,mid,seafood,extreme,984364,16186,2195,,
Nikocado Avocado,Extra Cheesy Spicy Rice Cakes • MUKBANG,https://www.youtube.com/watch?v=NoIw71V7Cr8,2019-12-03,mid,dessert/sweets,extreme,499770,8456,3344,,
Nikocado Avocado,Spicy Hot Wings Challenge With Bloveslife • MUKBANG,https://www.youtube.com/watch?v=90KnXycqmuU,2019-11-26,mid,mixed/unknown,extreme,1160226,18376,5603,,
Nikocado Avocado,HOT CHEETOS FIRE NOODLES • Mukbang & Recipe,https://www.youtube.com/watch?v=71VQQo2Q3To,2019-11-22,mid,ramen/noodles,extreme,3010736,41898,6934,,
Nikocado Avocado,World's Hottest One Chip Challenge • MUKBANG,https://www.youtube.com/watch?v=XZPLf6-Uakg,2019-11-17,mid,mixed/unknown,extreme,2305208,35899,8425,,
Nikocado Avocado,HOT CHEETOS MOZZARELLA STICKS & HASH BROWNS • Mukbang & Recipe,https://www.youtube.com/watch?v=de0P4_rJHC4,2019-11-08,mid,mixed/unknown,extreme,1669532,24085,3505,,
Nikocado Avocado,"McDonald's, KFC, Taco Bell, Burger King, Wendy's • MUKBANG",https://www.youtube.com/watch?v=UzB9ihs4P4w,2019-11-03,mid,burger,extreme,1876848,27988,4546,2 pieces,
Nikocado Avocado,My Boyfriend Tries Sonic For The First Time • MUKBANG,https://www.youtube.com/watch?v=y1CAOo7ycDQ,2019-10-27,mid,mixed/unknown,extreme,1012391,12431,3451,,
Nikocado Avocado,My Last Seafood Boil Ever • MUKBANG (emotional),https://www.youtube.com/watch?v=cdjhviNIfIE,2019-10-23,mid,seafood,extreme,1276778,22427,6230,10 pound crab,
Nikocado Avocado,Cheesy Sauce Whole King Crab • MUKBANG,https://www.youtube.com/watch?v=HxoS7fSE9aM,2019-10-19,mid,seafood,extreme,1413858,25966,4254,10 pound giant king crab with cheese sauce; 10 pounds and very big,
Nikocado Avocado,Dear Trisha Paytas • MUKBANG,https://www.youtube.com/watch?v=RCEtY3p2OVg,2019-10-16,mid,mixed/unknown,extreme,1590421,19961,3320,,
Nikocado Avocado,The Best Seafood Boil I've Ever Had • MUKBANG,https://www.youtube.com/watch?v=9NbQX5Tsi2E,2019-10-11,mid,seafood,extreme,875503,17859,1595,,
Nikocado Avocado,Seafood Boil With Bloves • Whole King Crab & Lobster • MUKBANG,https://www.youtube.com/watch?v=SvMqJ5-WoHo,2019-10-07,mid,seafood,extreme,3607746,53796,2929,,
Nikocado Avocado,World's Spiciest Hot Sauce With King Crab • MUKBANG,https://www.youtube.com/watch?v=O_7EiT-pg7Y,2019-10-01,mid,seafood,extreme,1411621,24843,3253,10 pound king crab and king crab legs,
Nikocado Avocado,KFC Kentucky Fried Chicken With Nuclear Fire Sauce • MUKBANG,https://www.youtube.com/watch?v=Ea9IVjhVFVE,2019-09-28,mid,fried chicken,extreme,464878,8927,1262,,
Nikocado Avocado,FLAMIN' HOT CHEETOS NOODLES • Mukbang & Recipe,https://www.youtube.com/watch?v=opKInwyVAD0,2019-09-26,mid,ramen/noodles,extreme,3706424,55783,8067,,
Nikocado Avocado,"Sonic, 7-Eleven, Olive Garden, Chick-Fil-A, Arby's, Carl's Jr., Jollibee • MUKBANG",https://www.youtube.com/watch?v=Kjfv97Pdcig,2019-09-16,mid,mixed/unknown,extreme,1326753,17236,3481,,
Nikocado Avocado,My First Mukbang With Orlin,https://www.youtube.com/watch?v=Og9GVyDGKDM,2019-09-11,mid,mixed/unknown,extreme,1058238,13127,2037,,
Nikocado Avocado,"McDonald's, KFC, Pizza Hut, Taco Bell, Wendy's, Popeyes, Burger King • MUKBANG",https://www.youtube.com/watch?v=4yzdgwncT_A,2019-09-07,mid,burger,extreme,4531224,66545,8670,,
Nikocado Avocado,this is why we shouldn't be together anymore.,https://www.youtube.com/watch?v=MGoBKa6wLMM,2019-09-04,mid,mixed/unknown,unknown,995625,16072,3178,,
Nikocado Avocado,Giant 10 Pound Whole King Crab • MUKBANG,https://www.youtube.com/watch?v=s756f8apsN8,2019-08-29,mid,seafood,super extreme,963563,20017,4984,10 pound whole king crab • mukbang watch me try a giant king crab; 15 pound lobster: https://www; 10 pound king crab from alaska,
Nikocado Avocado,Delicious Chick-Fil-A & Popeyes Combo • MUKBANG,https://www.youtube.com/watch?v=2OqDbeQJmeo,2019-08-25,mid,mixed/unknown,extreme,458597,10953,2173,,
Nikocado Avocado,Redneck Deep Fried Chicken • MUKBANG,https://www.youtube.com/watch?v=62S1-Y0U2DE,2019-08-23,mid,fried chicken,extreme,1605459,34599,2932,,
Nikocado Avocado,Blove's Sauce • Giant King Crab Legs • MUKBANG,https://www.youtube.com/watch?v=I8YWgpp0E9w,2019-08-10,mid,seafood,super extreme,453099,9655,1363,,
Nikocado Avocado,Cheese Stuffed Takis • MUKBANG,https://www.youtube.com/watch?v=uC2shCwkS-k,2019-07-28,mid,mixed/unknown,extreme,661856,16256,2482,,
Nikocado Avocado,CHEESY KING CRAB LEGS WITH NUCLEAR FIRE NOODLE SAUCE • Mukbang & Recipe,https://www.youtube.com/watch?v=DGk-v_3ElFs,2019-07-16,mid,ramen/noodles,extreme,1767717,30169,5230,,
Nikocado Avocado,MOST POPULAR SUPER CHEESY SPICY FIRE NOODLES • Mukbang & Recipe,https://www.youtube.com/watch?v=6BLBRwJBPoo,2019-07-07,mid,ramen/noodles,extreme,625004,11357,2059,,
Nikocado Avocado,10X Nuclear Fire Noodles With Cheese • MUKBANG,https://www.youtube.com/watch?v=6OmaV88mrAg,2019-07-02,mid,ramen/noodles,extreme,735805,15391,1474,,
Nikocado Avocado,Noodles & Cheeseburgers • MUKBANG,https://www.youtube.com/watch?v=wS5zPqEbaDs,2019-06-22,mid,burger,extreme,537332,11165,1193,,
Nikocado Avocado,Massive Taco Bell Feast • MUKBANG,https://www.youtube.com/watch?v=SHGEqd_U_-Q,2019-06-20,mid,taco/burrito,super extreme,783320,15938,2559,,
Nikocado Avocado,My Boyfriend Tries Bloves Sauce For The First Time • MUKBANG,https://www.youtube.com/watch?v=odZSFBevNzg,2019-06-13,mid,mixed/unknown,extreme,2819553,49523,5467,,
Nikocado Avocado,Bloves Sauce King Crab Legs • MUKBANG,https://www.youtube.com/watch?v=2iZjH5pq1f0,2019-06-08,mid,seafood,extreme,898935,30340,4688,,
Nikocado Avocado,Raw Honeycomb & Chicken Nuggets • MUKBANG,https://www.youtube.com/watch?v=wx4fl5ziT7Y,2019-06-03,mid,fried chicken,extreme,1328007,27193,3901,,
Nikocado Avocado,Cheesy Fire Noodles With Zach Choi ASMR • MUKBANG,https://www.youtube.com/watch?v=LivkY9v8BN4,2019-06-01,mid,ramen/noodles,extreme,5503211,120268,9330,,
Nikocado Avocado,Reacting to Pewdiepie's video about me & Trisha Paytas,https://www.youtube.com/watch?v=OQyIIKZJwFI,2019-05-30,mid,mixed/unknown,unknown,830821,27453,3048,,
Nikocado Avocado,KFC VS POPEYES • Which One Better...?!? • MUKBANG,https://www.youtube.com/watch?v=Wgw3I2BeG3g,2019-05-29,mid,fried chicken,extreme,781954,15245,3024,,
Nikocado Avocado,Sonic • My Last Video • MUKBANG,https://www.youtube.com/watch?v=5Icf54ithTo,2019-05-26,mid,mixed/unknown,extreme,1311347,23232,4424,,
Nikocado Avocado,My Husband's First Time Trying King Crab Legs With SAS-ASMR Sauce • MUKBANG,https://www.youtube.com/watch?v=S60KZb8UeHQ,2019-05-23,mid,seafood,extreme,809802,16337,2116,,
Nikocado Avocado,Letting The Person in FRONT of Me DECIDE What I Eat for 24 HOURS!,https://www.youtube.com/watch?v=hDXBKYYbhjk,2019-05-19,mid,mixed/unknown,unknown,761552,17805,3375,,
Nikocado Avocado,Trisha Paytas spreads dirty lies about me.,https://www.youtube.com/watch?v=YtXBZkowGCA,2019-05-18,mid,mixed/unknown,unknown,784998,37154,10214,,
Nikocado Avocado,My response with RECEIPTS..!!,https://www.youtube.com/watch?v=aK_tS4qlIJ4,2019-05-13,mid,mixed/unknown,unknown,1217129,53889,10092,,
Nikocado Avocado,Exposing Trisha Paytas With Receipts,https://www.youtube.com/watch?v=QhL5XpbuzFk,2019-05-10,mid,mixed/unknown,unknown,3082404,154083,25880,,
Nikocado Avocado,My Husband Tries Takis Noodles For The First Time • MUKBANG,https://www.youtube.com/watch?v=de28Xy0MFHs,2019-05-07,mid,ramen/noodles,extreme,594490,10070,7450,,
Nikocado Avocado,KFC Kentucky Fried Chicken • MUKBANG,https://www.youtube.com/watch?v=iwlEwE8-54Y,2019-05-03,mid,fried chicken,extreme,2542260,47596,4961,,
Nikocado Avocado,Letting The Person in FRONT of Me DECIDE What I Eat for 24 HOURS!,https://www.youtube.com/watch?v=00Mq1sebssM,2019-04-28,mid,mixed/unknown,unknown,1601377,29004,4351,,
Nikocado Avocado,Flying First Class • What I Ate On Hawaiian Airlines • MUKBANG,https://www.youtube.com/watch?v=5Gn5U7Ur2YI,2019-04-20,mid,mixed/unknown,extreme,514415,8344,1280,,
Nikocado Avocado,"10,000 CALORIE IN-N-OUT ENTIRE SECRET MENU CHALLENGE",https://www.youtube.com/watch?v=W771mSgzo_U,2019-04-11,mid,fast food/mixed,super extreme,664566,14701,1067,000 calorie in-n-out entire secret menu challenge watch our all american cheat meal challenge (25; 000 calories) on erik's channel: https://www,10000
Nikocado Avocado,My Little Brother Tries Takis Noodles For The First Time • MUKBANG,https://www.youtube.com/watch?v=mXYVfCiagfg,2019-04-03,mid,ramen/noodles,extreme,2532602,38511,5345,,
Nikocado Avocado,SONIC ANIMAL STYLE ONION RINGS • Mukbang & Recipe,https://www.youtube.com/watch?v=K1EnPrW7fA8,2019-03-28,mid,mixed/unknown,extreme,2635749,38428,5164,,
Nikocado Avocado,"Blove's Massive Seafood Feast • Whole Lobster, King Crab, Spiced Shrimp, Sea Scallops • MUKBANG",https://www.youtube.com/watch?v=Gsu8OtgNXAY,2019-03-20,mid,seafood,super extreme,1616878,21531,2103,,
Nikocado Avocado,Sas-Asmr Sauce VS Bloves Sauce • Which One Better...?!?! • MUKBANG,https://www.youtube.com/watch?v=e9ourCFiUqI,2019-03-07,mid,mixed/unknown,extreme,2271655,36109,4428,,
Nikocado Avocado,"9,837 Calorie Fire Noodle Challenge (Completed) • MUKBANG",https://www.youtube.com/watch?v=zG1D5-Hd6Xs,2019-02-27,mid,ramen/noodles,extreme,1380250,16714,3510,837 calorie fire noodle challenge (completed) • mukbang watch me eat complete and finish the korean fire noodle challenge today,9837
Nikocado Avocado,"Tacos, Burritos, Nachos, Quesadilla, Chips & Dip • MUKBANG",https://www.youtube.com/watch?v=agp-gVPXmao,2019-02-22,mid,taco/burrito,extreme,431299,7560,1079,,
Nikocado Avocado,"McDonald's, KFC, Taco Bell, & Pizza Hut • MUKBANG",https://www.youtube.com/watch?v=KFHqJsvHVX0,2019-02-15,mid,pizza,extreme,2077128,28360,3940,2 piece extra crispy chicken,
Nikocado Avocado,CHEESY KING CRAB LEGS & SPICY NOODLE SEAFOOD BOIL • Mukbang & Recipe,https://www.youtube.com/watch?v=PMTT3IveWkg,2019-02-05,mid,ramen/noodles,extreme,571385,8805,1493,,
Nikocado Avocado,KFC Fried Chicken With Mozz Sticks & Cheese Fries • MUKBANG,https://www.youtube.com/watch?v=0S-YJ9i7VWo,2019-01-24,mid,fried chicken,extreme,511451,8339,1929,4 piece extra crispy chicken from kentucky fried chicken aka kfc,
Nikocado Avocado,SPICY LOBSTER CHEESY ALFREDO SEAFOOD PASTA • Mukbang & Recipe,https://www.youtube.com/watch?v=c6VFic1DKAE,2019-01-20,mid,seafood,extreme,435255,8720,1259,,
Nikocado Avocado,NUCLEAR CURRY CHEESY FIRE NOODLES • Mukbang & Recipe,https://www.youtube.com/watch?v=d89DTjhqAGc,2019-01-11,mid,ramen/noodles,extreme,433979,7309,1345,,
Nikocado Avocado,Cheesy Noodles & Five Guys • MUKBANG,https://www.youtube.com/watch?v=sAcE4GBf_Ak,2019-01-08,mid,ramen/noodles,extreme,423329,10906,1512,,
Nikocado Avocado,Chinese Take-Out • MUKBANG,https://www.youtube.com/watch?v=p6olk1fyXTo,2019-01-06,mid,mixed/unknown,extreme,465174,9810,1492,,
Nikocado Avocado,"Seafood Boil • Jumbo Shrimp, Lobster Tails & King Crab Legs • MUKBANG",https://www.youtube.com/watch?v=U_fIXnIajuI,2018-12-31,mid,seafood,extreme,2269070,44554,3109,,
Nikocado Avocado,Pewdiepie comes for me (my reaction),https://www.youtube.com/watch?v=cbERbOrNOqg,2018-12-28,mid,mixed/unknown,unknown,1411914,33172,8466,,
Nikocado Avocado,King Crab Legs With Alfredo Sauce • MUKBANG,https://www.youtube.com/watch?v=5jax1AOqlcg,2018-12-25,mid,seafood,extreme,859419,14207,2218,,
Nikocado Avocado,SPICY NOODLE CHALLENGE IN BLOVE'S SPICY SEAFOOD SAUCE • Mukbang & Recipe,https://www.youtube.com/watch?v=H9hbGy_XiYA,2018-12-18,mid,ramen/noodles,extreme,894047,13078,2433,,
Nikocado Avocado,Chick-Fil-A With My Ex-Boyfriend (His First Time) • MUKBANG,https://www.youtube.com/watch?v=eX9vyusm5zM,2018-12-15,mid,mixed/unknown,extreme,849831,8654,1964,30 piece chicken nuggets with every kind of dipping sauce,
Nikocado Avocado,Fast Food Challenge • MUKBANG,https://www.youtube.com/watch?v=vTM07hHqmwY,2018-12-11,mid,mixed/unknown,extreme,550473,7718,2109,,
Nikocado Avocado,1 Million Subscribers..!!! • McDonald's • MUKBANG,https://www.youtube.com/watch?v=V4dm08s9RMY,2018-12-07,mid,mixed/unknown,extreme,436948,8334,1985,,
Nikocado Avocado,1 Million Subscribers Celebration • Sonic • MUKBANG,https://www.youtube.com/watch?v=0-xIohZ2Sbg,2018-12-05,mid,mixed/unknown,extreme,367078,8948,2102,,
Nikocado Avocado,Sushi With My Ex-Girlfriend • MUKBANG,https://www.youtube.com/watch?v=_jdz_bwohlo,2018-12-02,mid,mixed/unknown,extreme,1085539,20995,4133,50 pieces of delicious sushi,
Nikocado Avocado,SEAFOOD BOIL WITH BLOVESLIFE SEAFOOD SAUCE (My First Time) • Mukbang & Recipe,https://www.youtube.com/watch?v=Kv11p4pKqrE,2018-11-28,mid,seafood,extreme,757603,10766,2331,,
Nikocado Avocado,Why I just left him for good and never going back.,https://www.youtube.com/watch?v=CJccaRQMYZc,2018-11-23,mid,mixed/unknown,unknown,489786,6437,1565,,
Nikocado Avocado,"INDIAN TIKA MASALA, BUTTER CHICKEN, & CREAMY COCONUT CURRY • Mukbang & Recipe",https://www.youtube.com/watch?v=XTnJmosLNwA,2018-11-17,mid,fried chicken,extreme,401108,5744,1461,,
Nikocado Avocado,"KOREAN KIMCHI NOODLE vs. NUCLEAR BLACK BEAN NOODLE (8,917 Calorie Challenge) • Mukbang & Recipe",https://www.youtube.com/watch?v=NOD9IWgE3_c,2018-11-15,mid,ramen/noodles,extreme,557278,5600,1270,917 calorie challenge) • mukbang & recipe watch my new video on **nikocado avocado 2** -- brand new: https://www,8917
Nikocado Avocado,SUSHI & RICE CAKES • Mukbang & Recipe,https://www.youtube.com/watch?v=N54o3nN-rYs,2018-11-13,mid,dessert/sweets,extreme,753274,11398,1254,,
Nikocado Avocado,Chick-Fil-A Mozz Noodles • MUKBANG,https://www.youtube.com/watch?v=CJnRFr73Vss,2018-11-10,mid,ramen/noodles,extreme,270154,4733,796,,
Nikocado Avocado,"Alfredo Pizza, Bacon Burger, & Cheese Fries • 4,728 Calories • MUKBANG",https://www.youtube.com/watch?v=ly57-uEc_R4,2018-11-08,mid,burger,extreme,627603,9053,1767,728 calories • mukbang new channel ('nikocado avocado 2') ; 500 calories,4728
Nikocado Avocado,MY FAMOUS SPICY CHEESY NOODLES (Explaining Why We Broke Up) • Mukbang & Recipe,https://www.youtube.com/watch?v=frLXz2sEvuo,2018-11-06,mid,ramen/noodles,extreme,949736,13244,1854,,
Nikocado Avocado,Rainbow Noodles • Our Reunion • MUKBANG,https://www.youtube.com/watch?v=YcIZt6B43iU,2018-11-03,mid,ramen/noodles,extreme,2089148,19810,5531,,
Nikocado Avocado,What really happened with my ex-husband,https://www.youtube.com/watch?v=Abi5RGGjL9s,2018-10-31,mid,mixed/unknown,unknown,1518648,24998,17699,,
Nikocado Avocado,Tosh.0 calls me fat pig on live TV; my reaction (Full Episode from Comedy Central),https://www.youtube.com/watch?v=rQLrC4c4ZQA,2018-10-28,mid,mixed/unknown,unknown,1561543,22322,10360,,
Nikocado Avocado,Burger King • MUKBANG,https://www.youtube.com/watch?v=KR5g4ctiTT8,2018-10-25,mid,burger,extreme,684156,8275,3209,,
Nikocado Avocado,KOREAN COLD SPICY NOODLE • Mukbang & Recipe,https://www.youtube.com/watch?v=K-ezzMeIudY,2018-10-24,mid,ramen/noodles,extreme,416310,6576,2385,,
Nikocado Avocado,Massive Pizza Hut Takis Dinner Box • MUKBANG,https://www.youtube.com/watch?v=I-dFH7VgYHs,2018-10-23,mid,pizza,super extreme,597875,7774,1209,,
Nikocado Avocado,Everything At Chick-Fil-A • MUKBANG,https://www.youtube.com/watch?v=7l5ii2Tl2l0,2018-10-21,mid,fast food/mixed,super extreme,369924,6047,888,,
Nikocado Avocado,SPICY NOODLES WITH ORLIN • Mukbang & Recipe,https://www.youtube.com/watch?v=wOEuPJ-SbfA,2018-10-20,mid,ramen/noodles,extreme,249049,3205,808,,
Nikocado Avocado,My First Time Trying Ribs • TGI Fridays Feast • MUKBANG,https://www.youtube.com/watch?v=yThrG5tz-Ag,2018-10-19,mid,mixed/unknown,extreme,463690,7724,1185,,
Nikocado Avocado,"KFC vs Popeyes • Fried Chicken, Mac 'N Cheese, & Spicy Tenders • MUKBANG",https://www.youtube.com/watch?v=Uixz8ZjoCyU,2018-10-18,mid,fried chicken,extreme,362283,5006,2020,,
Nikocado Avocado,FIRE TAKIS MAC & CHEESE • Mukbang & Recipe,https://www.youtube.com/watch?v=4FFkkpFJWx0,2018-10-16,mid,mixed/unknown,extreme,443543,7878,1937,,
Nikocado Avocado,"White Castle 9,660 Calorie Challenge With Hungry Fat Chick • MUKBANG",https://www.youtube.com/watch?v=uBmwWvhbiPE,2018-10-15,mid,mixed/unknown,extreme,1002605,10023,3864,660 calorie challenge with hungry fat chick • mukbang (new) buy my merch: https://thecomedyoutlet,9660
Nikocado Avocado,Entire Costco Menu Challenge • MUKBANG,https://www.youtube.com/watch?v=agVT5kaMOQ0,2018-10-14,mid,fast food/mixed,extreme,266813,4470,681,,
Nikocado Avocado,THE BEST SPICY CHEESY RICE CAKES WITH SPICY CHEESY RAMEN NOODLES • Mukbang & Recipe,https://www.youtube.com/watch?v=DD72M8-ivTY,2018-10-13,mid,ramen/noodles,extreme,3810603,51615,5597,,
Nikocado Avocado,Jajangmyeon • Korean Black Bean Noodles • MUKBANG,https://www.youtube.com/watch?v=zSUlLUKeTMg,2018-10-12,mid,ramen/noodles,extreme,284974,4493,667,,
Nikocado Avocado,"Chili Cheese Fries, Buffalo Wild Wings, Loaded Onion Rings, Spicy Cheesy Bread • Chili's • MUKBANG",https://www.youtube.com/watch?v=DAoebxHDEtI,2018-10-11,mid,mixed/unknown,extreme,457486,7983,1144,,
Nikocado Avocado,10 McDonald's Cheeseburgers Challenge • MUKBANG,https://www.youtube.com/watch?v=pxc074wQuoo,2018-10-10,mid,burger,extreme,882563,13410,2061,,
Nikocado Avocado,SPICY KFC CHICKEN & CHEESY CURRY RAMEN NOODLES • Mukbang & Recipe,https://www.youtube.com/watch?v=M_U1COfjfKU,2018-10-09,mid,ramen/noodles,extreme,256522,4019,1081,,
Nikocado Avocado,Papa John's Pizza • MUKBANG,https://www.youtube.com/watch?v=1Q9-5VzPFls,2018-10-08,mid,pizza,extreme,236449,3870,991,,
Nikocado Avocado,Massive American Buffet • All You Can Eat • MUKBANG,https://www.youtube.com/watch?v=uTT6xwAe0c4,2018-10-07,mid,mixed/unknown,super extreme,514377,7561,1359,,
Nikocado Avocado,crying & eating noodles,https://www.youtube.com/watch?v=a0Oiir78UkM,2018-10-06,mid,ramen/noodles,large,558215,6671,7623,,
Nikocado Avocado,"Chili Cheese Fries, Boneless Wings, Double Cheeseburger & Tater Tots • Sonic Drive-In • MUKBANG",https://www.youtube.com/watch?v=LHVHjICe8aI,2018-10-05,mid,burger,extreme,563668,9802,1494,,
Nikocado Avocado,SPICY CHEESY NUCLEAR FIRE RAMEN NOODLE CHALLENGE • Mukbang & Recipe,https://www.youtube.com/watch?v=sxnqG_Bi-o4,2018-10-04,mid,ramen/noodles,extreme,848469,11288,2032,,
Nikocado Avocado,BUFFALO WILD WINGS CHALLENGE MUKBANG,https://www.youtube.com/watch?v=ZOkttPQKbFU,2018-10-03,mid,mixed/unknown,extreme,1224289,15528,1748,,
Nikocado Avocado,"Arby's • Mozz Sticks, Onion Rings, Curly Fries • MUKBANG",https://www.youtube.com/watch?v=4dfQ8AkLyhg,2018-10-02,mid,mixed/unknown,extreme,559024,7419,3270,,
Nikocado Avocado,Red Lobster King Crab Legs With My Mom • MUKBANG,https://www.youtube.com/watch?v=7RSJWEm7EuI,2018-10-01,mid,seafood,extreme,355173,5847,1303,,
Nikocado Avocado,Massive Fettuccine Alfredo • MUKBANG,https://www.youtube.com/watch?v=kqXn4N7Fn20,2018-09-27,mid,mixed/unknown,super extreme,305807,4317,1067,,
Nikocado Avocado,Applebee's With My Sister • MUKBANG,https://www.youtube.com/watch?v=b2gkezjNRTs,2018-09-25,mid,mixed/unknown,extreme,972372,13159,5547,,
Nikocado Avocado,Wendy's & Noodles • MUKBANG,https://www.youtube.com/watch?v=B3zwG_08Tos,2018-09-24,mid,ramen/noodles,extreme,550071,9189,1861,,
Nikocado Avocado,Five Guys Burgers & Milkshakes • MUKBANG,https://www.youtube.com/watch?v=glKsNO8tknk,2018-09-23,mid,burger,extreme,268956,5320,1186,,
Nikocado Avocado,TAKIS NOODLES VS. NUCLEAR NOODLES • Mukbang & Recipe,https://www.youtube.com/watch?v=T66JIYMffR4,2018-09-22,mid,ramen/noodles,extreme,362405,4138,1377,,
Nikocado Avocado,Chick-Fil-A • Spicy Chicken & Waffle Fries • MUKBANG,https://www.youtube.com/watch?v=gU3_T4PvLAo,2018-09-21,mid,fried chicken,extreme,215043,4276,676,,
Nikocado Avocado,Jack In The Box • Car Eating Show • MUKBANG,https://www.youtube.com/watch?v=OOp33d6_jKM,2018-09-19,mid,mixed/unknown,extreme,337903,5957,1211,,
Nikocado Avocado,VOLCANO CHEESY FIRE NOODLES & KIMCHI SPICY NOODLES • Mukbang & Recipe,https://www.youtube.com/watch?v=H4WlSc1--pU,2018-09-18,mid,ramen/noodles,extreme,652387,11294,1059,,
Nikocado Avocado,In-N-Out Burger With My New Boyfriend • MUKBANG,https://www.youtube.com/watch?v=JABIwWJHSbk,2018-09-17,mid,burger,extreme,572112,11378,2745,,
Nikocado Avocado,"Chili Cheese Fries, Cheesy Corn Dogs, Chili Cheese Hot Dogs • MUKBANG",https://www.youtube.com/watch?v=zzbs7bPFFC0,2018-09-16,mid,mixed/unknown,extreme,355951,6329,1008,,
Nikocado Avocado,My First Pizza Mukbang,https://www.youtube.com/watch?v=PgyJjPKXkiI,2018-09-15,mid,pizza,extreme,254622,4047,883,,
Nikocado Avocado,CHEESY FIRE NOODLES & SPICY BLACK BEAN NOODLES • Mukbang & Recipe,https://www.youtube.com/watch?v=LdPgl2lGA7U,2018-09-14,mid,ramen/noodles,extreme,1609530,17202,2176,,
Nikocado Avocado,"Wings Challenge • 5,000 Calories • MUKBANG",https://www.youtube.com/watch?v=Xbfh8tfn9yY,2018-09-13,mid,mixed/unknown,extreme,518153,7223,815,000 calories • mukbang watch me on comedy central tosh,5000
Nikocado Avocado,Jollibee • Behind The Scenes Of Tosh.0 (2) • MUKBANG,https://www.youtube.com/watch?v=L9EcXJqZ8oM,2018-09-12,mid,mixed/unknown,extreme,240621,4074,540,,
Nikocado Avocado,Chicken & Noodles • MUKBANG,https://www.youtube.com/watch?v=JpduehU883Y,2018-09-11,mid,ramen/noodles,extreme,4354581,55733,42783,,
Nikocado Avocado,In-N-Out • Behind The Scenes Of Tosh.0 • MUKBANG,https://www.youtube.com/watch?v=-ZGADahr614,2018-09-10,mid,mixed/unknown,extreme,245728,4683,761,,
Nikocado Avocado,"A&W • 5,000 Calories • MUKBANG",https://www.youtube.com/watch?v=z28LB3bWigg,2018-09-09,mid,mixed/unknown,extreme,280512,4975,2107,000 calories • mukbang my drunk taco bell mukbang with karlee: https://www,5000
Nikocado Avocado,FETTUCCINE ALFREDO • OLIVE GARDEN • Mukbang & Recipe,https://www.youtube.com/watch?v=CbZ_cLkDfLI,2018-09-08,mid,mixed/unknown,extreme,918889,12500,968,,
Nikocado Avocado,Taco Bell • MUKBANG,https://www.youtube.com/watch?v=32NAswgP4g0,2018-09-07,mid,taco/burrito,extreme,532362,8756,1098,,
Nikocado Avocado,CREAMY WHITE ALFREDO FIRE NOODLES • Mukbang & Recipe,https://www.youtube.com/watch?v=WDOLqtmPKOg,2018-09-06,mid,ramen/noodles,super extreme,3413398,42596,6734,000 calorie challenge aka the 10k calorie challenge all in a sitting,10000
Nikocado Avocado,GIANT LOBSTER TAILS • Mukbang & Recipe,https://www.youtube.com/watch?v=bhKALvmIB7w,2018-09-05,mid,seafood,super extreme,235308,4129,843,,
Nikocado Avocado,Super Spicy Fire Ramen Noodle Challenge • MUKBANG,https://www.youtube.com/watch?v=r-zibJiYjxY,2018-09-04,mid,ramen/noodles,extreme,964962,7036,1903,,
Nikocado Avocado,King Crab Legs • My First Time • MUKBANG,https://www.youtube.com/watch?v=UVEbj6wNu80,2018-09-03,mid,seafood,extreme,969109,14348,2186,,
Nikocado Avocado,Whole Costco Rotisserie Chicken • MUKBANG,https://www.youtube.com/watch?v=GQiVBes6HNY,2018-09-02,mid,fried chicken,extreme,229359,4482,1097,,
Nikocado Avocado,Meeting My Dad For The First Time • Chocolate Milkshakes • MUKBANG,https://www.youtube.com/watch?v=ExLErMxpUKI,2018-09-01,mid,mixed/unknown,extreme,563147,11001,2317,,
Nikocado Avocado,Flying First Class EMIRATES Airlines • Most Luxurious Airplane In The World • MUKBANG,https://www.youtube.com/watch?v=k_boY4r3iNI,2018-08-31,mid,mixed/unknown,extreme,1990037,24273,2739,,
Nikocado Avocado,100 Sushi Conveyor Belt Challenge • MUKBANG,https://www.youtube.com/watch?v=EnJFzZddFz0,2018-08-30,mid,mixed/unknown,extreme,376014,5365,787,100 pieces of sushi at the all you can eat sushi buffet,
Nikocado Avocado,THE BEST SPICY CHEESY RICE CAKES I'VE EVER MADE • Mukbang & Recipe,https://www.youtube.com/watch?v=I6f713Jr7qw,2018-08-29,mid,dessert/sweets,extreme,9096948,120790,16668,,
Nikocado Avocado,Everything At Carl's Jr. • MUKBANG,https://www.youtube.com/watch?v=K9-tHbE5E14,2018-08-22,mid,fast food/mixed,super extreme,302250,4924,1140,,
Nikocado Avocado,Chicken Wings & Cheesy Fries • MUKBANG,https://www.youtube.com/watch?v=pp9Tq6TAGcM,2018-08-20,mid,fried chicken,extreme,716692,7803,2785,,
Nikocado Avocado,Asian 7-Eleven • อาหารไทย • MUKBANG,https://www.youtube.com/watch?v=VEsnzeoEPRg,2018-08-16,mid,mixed/unknown,extreme,509028,7931,1529,,
Nikocado Avocado,Flying First Class Singapore Airlines • What I Ate • MUKBANG,https://www.youtube.com/watch?v=qnLDtE_dMT8,2018-08-14,mid,mixed/unknown,extreme,560755,6649,1128,,
Nikocado Avocado,Giant Honeycomb Nuclear Black Bean Noodles • MUKBANG,https://www.youtube.com/watch?v=qk-Y7E3K0To,2018-08-13,mid,ramen/noodles,super extreme,340474,4576,1606,,
Nikocado Avocado,Asian McDonald's • MUKBANG,https://www.youtube.com/watch?v=UJnw5ZuzGTY,2018-08-10,mid,mixed/unknown,extreme,1957829,16179,2078,,
Nikocado Avocado,SPICY CHEESY FIRE NOODLES • Mukbang & Recipe,https://www.youtube.com/watch?v=lKkSb_IGYiw,2018-08-08,mid,ramen/noodles,extreme,345417,4519,1699,,
Nikocado Avocado,Noodles & Dumplings Buffet • MUKBANG,https://www.youtube.com/watch?v=9xGUGBe5MjM,2018-07-29,mid,ramen/noodles,extreme,344699,5819,1279,,
Nikocado Avocado,A&W Cheese Fries • Spilling The Tea • MUKBANG,https://www.youtube.com/watch?v=BdBtmV6rE0s,2018-07-25,mid,mixed/unknown,extreme,484430,7619,1535,,
Nikocado Avocado,Takis Taco Bell • MUKBANG,https://www.youtube.com/watch?v=3iKZpn2JwKU,2018-07-21,mid,taco/burrito,extreme,538620,8397,1532,,
Nikocado Avocado,Asian KFC • ไก่ทอด • MUKBANG,https://www.youtube.com/watch?v=zcoZvps9dE0,2018-07-19,mid,fried chicken,extreme,1572018,17152,3418,,
Nikocado Avocado,GIANT OCTOPUS SPICY FIRE SEAFOOD NOODLES • Mukbang & Recipe,https://www.youtube.com/watch?v=fPVmuObDuNs,2018-07-14,mid,ramen/noodles,moderate,351021,6505,1884,000 calories),1000
Nikocado Avocado,Wendy's • MUKBANG,https://www.youtube.com/watch?v=lxUzUzhT0Lw,2018-07-13,mid,mixed/unknown,extreme,712336,10758,1549,,
Nikocado Avocado,EXTREMELY CHEESY DORITOS FETTUCCINE ALFREDO RAMEN NOODLES • Mukbang & Recipe,https://www.youtube.com/watch?v=ESG0d6uVbbY,2018-07-12,mid,ramen/noodles,extreme,1054927,18210,8135,,
Nikocado Avocado,Popeyes Chicken • MUKBANG,https://www.youtube.com/watch?v=gnWvu6i-8fI,2018-07-11,mid,fried chicken,extreme,378038,6486,1252,,
Nikocado Avocado,"Meeting My Sister (Pt 2) • Mozz Sticks, Chicken Wrap, Mac N' Cheese Bites, Milkshake • MUKBANG",https://www.youtube.com/watch?v=MoeBmVYjcJs,2018-07-10,mid,fried chicken,extreme,349846,6124,1800,,
Nikocado Avocado,Ramen Noodles • MUKBANG,https://www.youtube.com/watch?v=KM_pllzDDww,2018-07-08,mid,ramen/noodles,extreme,482843,7262,5708,,
Nikocado Avocado,GIANT SPICY RICE CAKES 떡볶이 먹방 CHEESY FIRE NOODLES  • Mukbang & Recipe,https://www.youtube.com/watch?v=VN-joeGLg1w,2018-07-07,mid,ramen/noodles,super extreme,9497768,86760,18346,,
Nikocado Avocado,"Chili Cheese Fries, Fried Mozzarella, Cheeseburger, Cheesy Fries • Checkers Drive-Thru • MUKBANG",https://www.youtube.com/watch?v=M4fCFA38MH0,2018-07-05,mid,burger,extreme,551102,8242,4365,,
Nikocado Avocado,DELICIOUS SPICY CHEESY NUCLEAR FIRE NOODLES • Mukbang & Recipe,https://www.youtube.com/watch?v=uHdbzJ68Zyk,2018-07-04,mid,ramen/noodles,extreme,625419,9804,1562,,
Nikocado Avocado,Meeting My Sister For The First Time • Mac N' Cheetos • MUKBANG,https://www.youtube.com/watch?v=MWgkbwLDx3k,2018-07-03,mid,mixed/unknown,extreme,896792,19218,7554,,
Nikocado Avocado,Extreme Spicy Takis Fire Noodles With Karlee Steel • MUKBANG,https://www.youtube.com/watch?v=-oOT0qYA4so,2018-07-02,mid,ramen/noodles,extreme,975462,14004,1907,,
Nikocado Avocado,Catching my husband going behind my back (deleted video),https://www.youtube.com/watch?v=LS71-EPSqV4,2018-06-29,mid,mixed/unknown,unknown,1354080,18434,19678,,
Nikocado Avocado,my ex-husband forced me to delete this (not for kids),https://www.youtube.com/watch?v=ulM0Vidg_cc,2018-06-28,mid,mixed/unknown,unknown,5395543,58093,19237,,
Nikocado Avocado,I've Had Enough,https://www.youtube.com/watch?v=5Qige5_XNJQ,2018-06-27,mid,mixed/unknown,unknown,1599199,25776,23557,,
Nikocado Avocado,The Reason My Husband Left Me,https://www.youtube.com/watch?v=FobQX62Fl4s,2018-06-26,mid,mixed/unknown,unknown,1387845,18451,8179,,
Nikocado Avocado,He Broke Up With Me On Instagram,https://www.youtube.com/watch?v=-TtfQ_JEsyk,2018-06-25,mid,mixed/unknown,unknown,1207945,14742,11467,,
Nikocado Avocado,Takis Fire Ball Challenge • MUKBANG,https://www.youtube.com/watch?v=fl86djSK-0c,2018-06-21,mid,mixed/unknown,extreme,480493,6275,,,
Nikocado Avocado,OUR FINAL VIDEO TOGETHER • SPICY MALA FIRE NOODLES • Mukbang & Recipe,https://www.youtube.com/watch?v=mey3AnOqnbY,2018-06-18,mid,ramen/noodles,extreme,9470970,67573,36986,,
Nikocado Avocado,He Broke My Heart,https://www.youtube.com/watch?v=xp5KzAZsxyY,2018-06-13,mid,mixed/unknown,unknown,2496850,23366,16624,,
Nikocado Avocado,SPICY CHEESY VOLCANO BLACK BEAN NOODLES • Mukbang & Recipe,https://www.youtube.com/watch?v=3RQKaTOc8FU,2018-06-06,mid,ramen/noodles,extreme,1192459,16317,2180,,
Nikocado Avocado,"$100 Worth Of Buffalo Wild Wings • 10,000 Calories • MUKBANG",https://www.youtube.com/watch?v=Gt6kPj0ZxZc,2018-06-01,mid,mixed/unknown,super extreme,474733,7180,1188,000 calories • mukbang hey little sloths,10000
Nikocado Avocado,"Mozz Sticks, Cheesy Tots, Onion Rings, Cheese Fries, Chicken Fingers • Sonic Snack Box • MUKBANG",https://www.youtube.com/watch?v=3_M3ABS7Gwk,2018-05-30,mid,fried chicken,super extreme,1224102,15825,2821,000 calorie mozz stick challenge,20000
Nikocado Avocado,NUCLEAR FIRE NOODLES WITH CREAMY COCONUT CURRY • Mukbang & Recipe,https://www.youtube.com/watch?v=xorTUJovfS8,2018-05-25,mid,ramen/noodles,extreme,1313083,11047,2221,,
Nikocado Avocado,In-N-Out Burger • Massive Animal Style Cheat Day • MUKBANG,https://www.youtube.com/watch?v=-Kxzh2y6CX0,2018-05-20,mid,burger,super extreme,735022,10454,2022,4 burgers i ordered 3 animal style cheeseburgers and 3 animal style french fries,
Nikocado Avocado,Durian • The Smelliest Fruit In The World Challenge • MUKBANG,https://www.youtube.com/watch?v=JWP8OIZeXP4,2018-05-18,mid,mixed/unknown,extreme,673788,7198,1203,,
Nikocado Avocado,INDOMIE MI GORENG FRIED INDONESIAN NOODLES • Mukbang & Recipe,https://www.youtube.com/watch?v=d-zWdNV2I50,2018-05-16,mid,ramen/noodles,extreme,455860,5105,1418,,
Nikocado Avocado,Las Vegas Buffet • All You Can Eat • MUKBANG,https://www.youtube.com/watch?v=ZHgDofOd6Ck,2018-05-14,mid,mixed/unknown,extreme,389797,5674,1204,,
Nikocado Avocado,SPICY CHEESY RICE CAKES aka TTEOKBOKKI 떡볶이 먹방 • Mukbang & Recipe,https://www.youtube.com/watch?v=Ocz4o7bxrdk,2018-05-13,mid,dessert/sweets,extreme,2039882,20445,2903,,
Nikocado Avocado,Takis Chick-Fil-A Challenge • MUKBANG,https://www.youtube.com/watch?v=Hx6fZ5qkHt4,2018-05-12,mid,mixed/unknown,extreme,791696,10445,1917,,
Nikocado Avocado,THE BEST CHEESY SPICY FIRE NOODLES I'VE EVER MADE • Mukbang & Recipe,https://www.youtube.com/watch?v=lLf6aM-_JZM,2018-05-11,mid,ramen/noodles,extreme,3307975,35711,5336,,
Nikocado Avocado,Del Taco • MUKBANG,https://www.youtube.com/watch?v=gBbf6XqK4Cs,2018-05-07,mid,taco/burrito,extreme,234359,3982,1536,,
Nikocado Avocado,Panda Express • MUKBANG,https://www.youtube.com/watch?v=8A4MGbpEFss,2018-05-02,mid,mixed/unknown,extreme,440304,5888,1285,,
Nikocado Avocado,The Salad Challenge • MUKBANG,https://www.youtube.com/watch?v=7Hqmh1vCF78,2018-04-25,mid,mixed/unknown,extreme,613886,6478,2468,290 calories for the entire salad including grilled chicken,
Nikocado Avocado,Raising Cane's • MUKBANG,https://www.youtube.com/watch?v=4HDtXzRsYds,2018-04-20,mid,mixed/unknown,extreme,392449,5818,737,,
Nikocado Avocado,Jollibee Box • MUKBANG,https://www.youtube.com/watch?v=Kshmy3-1_UM,2018-04-18,mid,mixed/unknown,extreme,444593,6955,1629,,
Nikocado Avocado,(Not For Kids) Taco Bell Box • MUKBANG,https://www.youtube.com/watch?v=hcpOMHzH8i4,2018-04-16,mid,taco/burrito,extreme,513894,8264,1284,,
Nikocado Avocado,Cheesecake Factory Noodles • MUKBANG,https://www.youtube.com/watch?v=SHGiMg2OjJw,2018-04-14,mid,ramen/noodles,extreme,254536,4097,741,,
Nikocado Avocado,"10,000 Calorie Buffet • Ultimate Cheat Day • MUKBANG",https://www.youtube.com/watch?v=2fJiYVwI24g,2018-04-12,mid,mixed/unknown,super extreme,815638,7789,2393,000 calorie buffet • ultimate cheat day • mukbang watch me on candy's channel: https://www; 000 calories of junk food; 000 calories worth of food onto our plates; 000 calorie food challenge at the chinese restaurant,10000
Nikocado Avocado,Church's Chicken • MUKBANG,https://www.youtube.com/watch?v=y7S_D9jSpRg,2018-04-10,mid,fried chicken,extreme,464896,6949,1189,,
Nikocado Avocado,"Carl's Jr. Box • 3,000 Calorie Ultimate Cheat Day • MUKBANG",https://www.youtube.com/watch?v=LMkyIyeYgjs,2018-04-08,mid,mixed/unknown,large,406251,6034,848,000 calorie ultimate cheat day • mukbang my custom made avocado wedding rings: https://www,3000
Nikocado Avocado,KFC Box Challenge • MUKBANG,https://www.youtube.com/watch?v=V8D-lyq4dEQ,2018-04-06,mid,fried chicken,extreme,320810,4569,784,,
Nikocado Avocado,Tragic News,https://www.youtube.com/watch?v=5kaX3HVy9Io,2018-04-04,mid,mixed/unknown,unknown,680862,9196,2842,,
Nikocado Avocado,(Not For Kids) Shane Dawson & Trisha Paytas • MUKBANG,https://www.youtube.com/watch?v=u_wqsiiGiR4,2018-04-02,mid,mixed/unknown,extreme,689359,9383,1827,,
Nikocado Avocado,Chicago Deep Dish Pizza • MUKBANG,https://www.youtube.com/watch?v=OmJD1nKpV_U,2018-03-29,mid,pizza,extreme,391012,6189,1195,,
Nikocado Avocado,SPICY CHEESY KIMCHI NOODLES • Mukbang & Recipe,https://www.youtube.com/watch?v=kUdUSOyoUIE,2018-03-25,mid,ramen/noodles,extreme,404810,5176,847,,
Nikocado Avocado,Sonic • MUKBANG,https://www.youtube.com/watch?v=tMAAkBcLRZ0,2018-03-23,mid,mixed/unknown,extreme,267300,4599,1210,,
Nikocado Avocado,Wingstop Feast • 500K Celebration • MUKBANG,https://www.youtube.com/watch?v=TDqMvqSC8cE,2018-03-21,mid,mixed/unknown,extreme,301410,5463,1508,,
Nikocado Avocado,SPICY CHEESY NOODLES & BLACK BEAN NOODLES • Mukbang & Recipe,https://www.youtube.com/watch?v=bJs3mJ9RRg8,2018-03-19,mid,ramen/noodles,extreme,3748225,40694,6007,,
Nikocado Avocado,SPICY FLAMIN' HOT CHEETOS RAMEN NOODLE CHALLENGE,https://www.youtube.com/watch?v=X7MbJoDExv8,2018-03-17,mid,ramen/noodles,extreme,419964,4664,1168,,
Nikocado Avocado,In-N-Out • MUKBANG,https://www.youtube.com/watch?v=nRXl5nQrsgI,2018-03-15,mid,mixed/unknown,extreme,273019,4688,1011,,
Nikocado Avocado,Pizza Hut Box • MUKBANG,https://www.youtube.com/watch?v=c6pNY4c_9uc,2018-03-13,mid,pizza,extreme,450806,7128,1264,,
Nikocado Avocado,Five Guys • MUKBANG,https://www.youtube.com/watch?v=z2oubUPVwsY,2018-03-11,mid,mixed/unknown,extreme,593524,8190,1521,,
Nikocado Avocado,Legendary All You Can Eat Chinese Buffet • MUKBANG,https://www.youtube.com/watch?v=fgDoNwPlee8,2018-03-09,mid,mixed/unknown,extreme,1577630,17828,3256,,
Nikocado Avocado,Gas Station 7-Eleven • MUKBANG,https://www.youtube.com/watch?v=hHdE-UEKtaw,2018-03-07,mid,mixed/unknown,extreme,439408,6705,1296,,
Nikocado Avocado,Chick-Fil-A • MUKBANG,https://www.youtube.com/watch?v=XtTCgv1LMCM,2018-03-05,mid,mixed/unknown,extreme,566194,8564,1700,,
Nikocado Avocado,Olive Garden • MUKBANG,https://www.youtube.com/watch?v=-NWRCQA1R0w,2018-03-02,mid,mixed/unknown,extreme,513331,6572,1279,,
Nikocado Avocado,Red Lobster • MUKBANG,https://www.youtube.com/watch?v=Crhi2Xd6CV0,2018-02-28,mid,seafood,extreme,771489,7357,1346,,
Nikocado Avocado,Today I Got Deported,https://www.youtube.com/watch?v=dJ7ksuLCVtw,2018-02-27,mid,mixed/unknown,unknown,848053,11956,3926,,
Nikocado Avocado,Takis Challenge With Cheese • MUKBANG,https://www.youtube.com/watch?v=-ruXXaRPGS4,2018-02-23,mid,mixed/unknown,extreme,5568695,55354,9997,,
Nikocado Avocado,"20,000 CALORIE MOZZ STICK CHALLENGE • Mukbang & Recipe",https://www.youtube.com/watch?v=9YJstk6mBLI,2018-02-21,mid,mixed/unknown,super extreme,2299704,20156,5967,000 calorie mozz stick challenge • mukbang & recipe start using gyant and take the pre-diabetes test; 000 calories,20000
Nikocado Avocado,EASY SPICY CHEESY RICE CAKES • Mukbang & Recipe,https://www.youtube.com/watch?v=6NugETTNULQ,2018-02-19,mid,dessert/sweets,extreme,850454,9287,1933,,
Nikocado Avocado,Black Bean Noodles • MUKBANG,https://www.youtube.com/watch?v=A7os5FpYKYQ,2018-02-16,mid,ramen/noodles,extreme,1918888,14666,4057,,
Nikocado Avocado,(Not For Kids) Pizza Date With My Boyfriend • MUKBANG,https://www.youtube.com/watch?v=ZTMP2UPCKWM,2018-02-12,mid,pizza,extreme,478562,6517,1622,,
Nikocado Avocado,Onion Rings *CHEESY EDITION* Cheese Fries & Cheese Stuffed Doritos 먹방 MUKBANG CHALLENGE,https://www.youtube.com/watch?v=H4uCKwqMnaQ,2018-02-05,mid,mixed/unknown,extreme,251752,3949,1003,,
Nikocado Avocado,DELICIOUS SPICY SEAFOOD KOREAN JJAMPPONG INSTANT RAMEN NOODLES 짬뽕 라면 먹방 • Mukbang & Recipe,https://www.youtube.com/watch?v=X_ecbq8fTes,2018-02-02,mid,ramen/noodles,extreme,551998,6678,1843,,
Nikocado Avocado,KFC Box *SPICY EDITION* 50 Crispy Flamin' Hot Chicken Wings Feast 먹방 MUKBANG CHALLENGE,https://www.youtube.com/watch?v=XvG-3bApVcE,2018-01-29,mid,fried chicken,extreme,315825,5378,2328,,
Nikocado Avocado,"Takis 10,000 Calorie Challenge • MUKBANG",https://www.youtube.com/watch?v=5N86ENgx1Xo,2018-01-26,mid,mixed/unknown,super extreme,511773,7290,3596,000 calorie challenge • mukbang hey everybody,10000
Nikocado Avocado,Why I Went To The Hospital Yesterday,https://www.youtube.com/watch?v=R0jZV_yDQKU,2018-01-19,mid,mixed/unknown,unknown,413863,5783,3189,,
Nikocado Avocado,Why I'm Quitting YouTube & Deleting My Entire Channel,https://www.youtube.com/watch?v=OWKAogOCBEk,2018-01-15,mid,mixed/unknown,unknown,793581,10930,17556,,
Nikocado Avocado,Volcano Battle *RACE EDITION* 5x Super Spicy Ramen 먹방 MUKBANG CHALLENGE,https://www.youtube.com/watch?v=e4CJMj3Kgbk,2018-01-12,mid,ramen/noodles,extreme,1176669,14678,4951,,
Nikocado Avocado,Why YouTube Is Taking Me To Court,https://www.youtube.com/watch?v=7bFStkUvdYg,2018-01-08,mid,mixed/unknown,unknown,362329,5524,1655,,
Nikocado Avocado,stuffing my face with 5 pounds of cheesy goodness,https://www.youtube.com/watch?v=1v9WDq_UaPM,2018-01-04,mid,mixed/unknown,unknown,390111,5221,1326,5 pounds of cheesy goodness watch me stuff my face with 5 pounds of mozzarella cheese balls and a stick of butter,
Nikocado Avocado,OUR LAST VIDEO TOGETHER • SUPER CHEESY DORITOS FETTUCCINE ALFREDO NOODLES • Mukbang & Recipe,https://www.youtube.com/watch?v=QiHIe4JWr3Y,2017-12-31,early,ramen/noodles,extreme,624419,7202,1826,,
Nikocado Avocado,Heart Attack Grill • MUKBANG,https://www.youtube.com/watch?v=tJST0yKCQRI,2017-12-28,early,mixed/unknown,super extreme,867017,17349,1991,"350 pounds; 000 calorie burger; 000 calorie challenge at the restaurant; 000 calorie challenge (completed)"" video",20000
Nikocado Avocado,(Not For Kids) Takis Fire Noodles VS Takis Zombie Nitro Noodles • MUKBANG,https://www.youtube.com/watch?v=ALpvvIvfnUM,2017-12-26,early,ramen/noodles,extreme,2430874,15673,11201,,
Nikocado Avocado,랍스터 GIANT LOBSTER GARLIC BUTTER CHEESE FONUDE 먹방 • Mukbang & Recipe (Official Meet-Up Announcement),https://www.youtube.com/watch?v=2nAO7NJPFRk,2017-12-23,early,seafood,super extreme,476716,5189,1119,,
Nikocado Avocado,YouTube Made Me Delete This Video • 4x Spicy Mala Fire Noodle 4 Packs In 4 Mins Challenge • MUKBANG,https://www.youtube.com/watch?v=rGRJ3G5ewhw,2017-12-20,early,ramen/noodles,extreme,1727140,15675,2398,2 calories for me,
Nikocado Avocado,50 Scrambled Egg Challenge • All-American Breakfast • MUKBANG,https://www.youtube.com/watch?v=YpSCKoPHhxQ,2017-12-17,early,mixed/unknown,extreme,462584,6818,2528,,
Nikocado Avocado,crying & eating pizza,https://www.youtube.com/watch?v=2Vrp0QKGRGQ,2017-12-14,early,pizza,large,991893,13765,12135,,
Nikocado Avocado,What My Husband Did To Me,https://www.youtube.com/watch?v=gvYVO6vWm2Y,2017-12-11,early,mixed/unknown,unknown,1616436,17729,9618,,
Nikocado Avocado,SONIC MOZZARELLA STICKS • Mukbang & Recipe,https://www.youtube.com/watch?v=AF7ldLru0RI,2017-12-08,early,mixed/unknown,extreme,216822,3817,673,,
Nikocado Avocado,KFC Flamin' Hot Spicy Chicken • Car Eating Show • MUKBANG,https://www.youtube.com/watch?v=LlYHSm0WHbw,2017-12-05,early,fried chicken,extreme,496943,6365,1971,100 wings prepared by my daddy is inspiration for today's feast,
Nikocado Avocado,Las Vegas Chinese Buffet • All You Can Eat • MUKBANG,https://www.youtube.com/watch?v=5K2e_efYuyg,2017-12-01,early,mixed/unknown,extreme,849692,8540,3506,,
Nikocado Avocado,My Deportation,https://www.youtube.com/watch?v=arC42-MhDSE,2017-11-27,early,mixed/unknown,unknown,492415,7191,1583,,
Nikocado Avocado,(Not For Kids) CREAMY SEAFOOD FETTUCCINE ALFREDO & PESTO PASTA NOODLES • Mukbang & Recipe,https://www.youtube.com/watch?v=WZFGNgpQYYw,2017-11-21,early,ramen/noodles,extreme,449667,6708,1414,,
Nikocado Avocado,"Massive Sushi Challenge 먹방 • 5,000 Calorie Feast • MUKBANG",https://www.youtube.com/watch?v=YGVvmbtTgTw,2017-11-17,early,mixed/unknown,extreme,301740,4711,1473,000 calorie feast • mukbang enter free giveaway,5000
Nikocado Avocado,YouTube Demonetized This Video (Too Extreme) • Nuclear Fire Noodle Challenge (Completed) • MUKBANG,https://www.youtube.com/watch?v=RFmT2e4UULY,2017-11-13,early,ramen/noodles,extreme,372976,4829,1429,,
Nikocado Avocado,(Not For Kids) GIANT CHEESE STUFFED TAKIS BOATS • Mukbang & Recipe,https://www.youtube.com/watch?v=rdniKOgGtwI,2017-11-05,early,mixed/unknown,super extreme,2230123,32300,8030,,
Nikocado Avocado,MY LAST VIDEO • SUPER SPICY CHEESY RAMEN 먹방 • Mukbang & Recipe,https://www.youtube.com/watch?v=dp2v7iYImyM,2017-11-01,early,ramen/noodles,extreme,1748172,23886,6994,,
Nikocado Avocado,I'm Getting Deported,https://www.youtube.com/watch?v=yKJJMIaUc90,2017-10-25,early,mixed/unknown,unknown,1112268,14006,7416,,
Nikocado Avocado,(Not For Kids) Chick-Fil-A • CRISPY WAFFLE FRIES & COOL WRAPS • Mukbang & Recipe,https://www.youtube.com/watch?v=v3LX8dB1X9g,2017-10-23,early,mixed/unknown,large,748539,11537,2313,000 calories right here,2000
Nikocado Avocado,EXTREME BLAZIN BUFFALO WILD WINGS CHALLENGE MUKBANG 먹방,https://www.youtube.com/watch?v=8JTw9l91cuw,2017-10-18,early,mixed/unknown,extreme,303020,7146,1631,20 pieces of chicken wings and chicken legs in front of me,
Nikocado Avocado,"Onion Rings Challenge 먹방 • 5,000 Calorie Burger King • MUKBANG",https://www.youtube.com/watch?v=JvN4fhJ39IU,2017-10-15,early,burger,extreme,407731,6416,1258,000 calorie burger king • mukbang today i'm eating onion rings; 592 calories; 000 calories worth of super crunchy onion rings,5000
Nikocado Avocado,랍스터  EXTREMELY CHEESY SPICY LOBSTER SEAFOOD NOODLE 먹방 • Mukbang & Recipe,https://www.youtube.com/watch?v=xhyIP-w2VAw,2017-10-12,early,ramen/noodles,extreme,942273,13504,3064,,
Nikocado Avocado,Seafood Box • MUKBANG,https://www.youtube.com/watch?v=T4sJNTW-m54,2017-10-06,early,seafood,extreme,150635,2447,441,,
Nikocado Avocado,SPICY LOBSTER MAC & CHEESE • 300K CELEBRATION • Mukbang & Recipe,https://www.youtube.com/watch?v=UPM-5qAQHlA,2017-10-05,early,seafood,extreme,1422877,17125,1573,,
Nikocado Avocado,NEW McDonald's Menu • MUKBANG,https://www.youtube.com/watch?v=E4Trm7NukZs,2017-09-30,early,fast food/mixed,extreme,317928,4167,735,,
Nikocado Avocado,Giant Cheez-It Rings • MUKBANG,https://www.youtube.com/watch?v=STXwME8nPpw,2017-09-30,early,mixed/unknown,super extreme,127992,2303,303,,
Nikocado Avocado,Pizza Challenge • Entire Stuffed Crust Pizza Hut Pizza • MUKBANG,https://www.youtube.com/watch?v=6gVlXNh5Ho0,2017-09-29,early,pizza,extreme,177725,2902,343,,
Nikocado Avocado,KFC Box • MUKBANG,https://www.youtube.com/watch?v=MJexRUyks9w,2017-09-28,early,fried chicken,extreme,433332,4990,869,,
Nikocado Avocado,CHEESEBURGER & SMILEY FRIES EPIC FEAST • Mukbang & Recipe,https://www.youtube.com/watch?v=z1xbSLaWlns,2017-09-28,early,burger,extreme,149763,2623,584,,
Nikocado Avocado,Huge Chinese Food Takeout Feast • MUKBANG,https://www.youtube.com/watch?v=OIso0bgZmC0,2017-09-26,early,mixed/unknown,extreme,425057,4896,1024,,
Nikocado Avocado,Cheesy Spicy Ramen Noodle Spring Rolls 불닭볶음면 • MUKBANG,https://www.youtube.com/watch?v=ZFEZC79yzAI,2017-09-25,early,ramen/noodles,extreme,132887,2701,474,,
Nikocado Avocado,Giant Alfredo Pizza • MUKBANG,https://www.youtube.com/watch?v=vMsihVtLXng,2017-09-24,early,pizza,super extreme,234012,3643,647,,
Nikocado Avocado,Donuts & Cheese Balls • MUKBANG,https://www.youtube.com/watch?v=PfLKfaYJAz0,2017-09-22,early,dessert/sweets,extreme,115662,2285,634,,
Nikocado Avocado,"10,000 Calorie Avocado Challenge • MUKBANG",https://www.youtube.com/watch?v=ZI0UCIm-8_E,2017-09-21,early,mixed/unknown,super extreme,1177495,12102,1508,000 calorie avocado challenge • mukbang subscribe to my new channels:,10000
Nikocado Avocado,MOZZARELLA CHEESE FONDUE WITH SPICY FIRE CHICKEN • Mukbang & Recipe,https://www.youtube.com/watch?v=dBI0voWAVK0,2017-09-20,early,fried chicken,extreme,327375,5125,873,,
Nikocado Avocado,Black Octopus Noodles • MUKBANG,https://www.youtube.com/watch?v=LTASkMSJ0u4,2017-09-20,early,ramen/noodles,extreme,479977,5402,2691,,
Nikocado Avocado,Durian & Super Spicy Cheese Noodle Challenge • MUKBANG,https://www.youtube.com/watch?v=6gizatOvyPU,2017-09-18,early,ramen/noodles,extreme,171541,2722,438,,
Nikocado Avocado,GIANT HOT DORITOS CHEESE QUESADILLA • Mukbang & Recipe,https://www.youtube.com/watch?v=T7DK4JqaqqM,2017-09-18,early,mixed/unknown,super extreme,229286,3527,1150,,
Nikocado Avocado,I CAN'T TAKE THIS ANYMORE,https://www.youtube.com/watch?v=WCc2Q_wi7QA,2017-09-17,early,mixed/unknown,unknown,577791,4882,2821,,
Nikocado Avocado,I'm Having A Bad Day • MUKBANG,https://www.youtube.com/watch?v=pd_R5JSl3Yg,2017-09-16,early,mixed/unknown,extreme,690111,7123,2538,,
Nikocado Avocado,TACO BELL CRUNCHY TACO FEAST • Mukbang & Recipe,https://www.youtube.com/watch?v=TPspiM6mml4,2017-09-16,early,taco/burrito,extreme,163556,2826,667,,
Nikocado Avocado,Kimchi Noodle • MUKBANG,https://www.youtube.com/watch?v=ufqAH6a-m9M,2017-09-14,early,ramen/noodles,extreme,637041,7787,956,,
Nikocado Avocado,100 PIECES OF BACON WITH CHEESE FONDUE • Mukbang & Recipe,https://www.youtube.com/watch?v=7aaKrrsh7sk,2017-09-13,early,mixed/unknown,extreme,2056645,23197,5704,100 pieces of bacon with cheese fondue • mukbang & recipe 🍣 🍣 🍣 go leave a comment on my sushi video and i'll thank you with a shoutout,
Nikocado Avocado,NUCLEAR FIRE NOODLE CHALLENGE MUKBANG (Not For Kids),https://www.youtube.com/watch?v=t2mBETipqpg,2017-09-12,early,ramen/noodles,extreme,488174,7782,2917,,
Nikocado Avocado,Fast Food Challenge • MUKBANG,https://www.youtube.com/watch?v=NCF5qylGZOw,2017-09-11,early,mixed/unknown,extreme,353681,4915,790,,
Nikocado Avocado,Spicy Fire Sushi Challenge With Miss Kitty • MUKBANG,https://www.youtube.com/watch?v=dNyoYk7SCd4,2017-09-10,early,mixed/unknown,extreme,251446,3838,2245,,
Nikocado Avocado,Cheesy Alfredo Cool Ranch Doritos Fettuccine • MUKBANG,https://www.youtube.com/watch?v=wi4Q7pOEhUQ,2017-09-09,early,mixed/unknown,extreme,385718,4782,1030,,
Nikocado Avocado,Giant Crispy Fried Dumplings • MUKBANG,https://www.youtube.com/watch?v=bSDZnSfRVJM,2017-09-08,early,mixed/unknown,super extreme,125451,2563,627,,
Nikocado Avocado,Cheesy Baked Ziti Mozzarella Parmesan Spaghetti • Olive Garden • MUKBANG,https://www.youtube.com/watch?v=aWuOiwvFlJU,2017-09-07,early,mixed/unknown,extreme,379767,5050,757,,
Nikocado Avocado,Reese's Peanut Butter Cup Ice Cream Sandwiches • MUKBANG,https://www.youtube.com/watch?v=48KBsldi5FE,2017-09-06,early,mixed/unknown,extreme,175641,3134,792,,
Nikocado Avocado,McDonald's Big Mac Cheeseburger Challenge • MUKBANG,https://www.youtube.com/watch?v=7oeyzk1C20c,2017-09-05,early,burger,extreme,313935,4462,951,,
Nikocado Avocado,TAKIS MAC & CHEESE CHALLENGE MUKBANG,https://www.youtube.com/watch?v=JiZb2KjmJsM,2017-09-05,early,mixed/unknown,extreme,416844,5562,2391,,
Nikocado Avocado,I'm Fed Up... Exposing Fake Mean YouTubers,https://www.youtube.com/watch?v=136Fr5PJGGY,2017-09-04,early,mixed/unknown,unknown,357032,6237,388,,
Nikocado Avocado,BLACK BEAN NOODLE CHALLENGE MUKBANG,https://www.youtube.com/watch?v=8Fpyw8Amaug,2017-09-03,early,ramen/noodles,extreme,791250,8703,3622,,
Nikocado Avocado,EASY CHEESY SPICY RICE CAKES 떡볶이 • Mukbang & Recipe,https://www.youtube.com/watch?v=QIntAgIkUQc,2017-09-02,early,dessert/sweets,extreme,1170190,11694,3233,,
Nikocado Avocado,HOT CHEETOS FIRE BALLS CHALLENGE (Not For Kids),https://www.youtube.com/watch?v=ODozrpQVPwI,2017-09-01,early,mixed/unknown,extreme,377516,5595,1066,,
Nikocado Avocado,Mozzarella Sticks With Fish & Chips • MUKBANG,https://www.youtube.com/watch?v=DjABe_4ScbU,2017-08-31,early,mixed/unknown,extreme,162283,3253,2136,,
Nikocado Avocado,Korean Spicy Fire Noodle Spring Roll Challenge • MUKBANG,https://www.youtube.com/watch?v=RJqHye2efas,2017-08-30,early,ramen/noodles,extreme,454300,4859,1675,,
Nikocado Avocado,SPICY MOZZARELLA STICK CHEESE FONDUE CHALLENGE • Mukbang & Recipe,https://www.youtube.com/watch?v=JSIONlYDr80,2017-08-29,early,mixed/unknown,extreme,1293756,16706,2177,,
Nikocado Avocado,FAT JUICY BURRITOS • Mukbang & Recipe,https://www.youtube.com/watch?v=q0ljz312ehE,2017-08-27,early,taco/burrito,extreme,398871,6408,2284,,
Nikocado Avocado,20 Packs Indomie Goreng Instant Ramen Noodle Feast • MUKBANG,https://www.youtube.com/watch?v=iIDcG-Bkvks,2017-08-26,early,ramen/noodles,extreme,533113,6495,1547,,
Nikocado Avocado,Burger Challenge With My Boyfriend • MUKBANG,https://www.youtube.com/watch?v=Olrtf3PQ5W0,2017-08-25,early,burger,extreme,430527,6636,3886,,
Nikocado Avocado,CHEESY CHEETOS FULLY LOADED NACHO FEAST  • Mukbang & Recipe,https://www.youtube.com/watch?v=iqVBAVvzoSE,2017-08-25,early,mixed/unknown,extreme,169465,3133,1470,,
Nikocado Avocado,CREAMY FETTUCCINE ALFREDO NOODLES • Mukbang & Recipe,https://www.youtube.com/watch?v=9yWW6GF7QvI,2017-08-23,early,ramen/noodles,extreme,277132,4536,2267,,
Nikocado Avocado,GIANT MOUNTAIN OF ONION RINGS • Mukbang & Recipe,https://www.youtube.com/watch?v=Ht9G8FqNLDA,2017-08-23,early,mixed/unknown,super extreme,345756,4772,2200,,
Nikocado Avocado,Rainbow Sushi Challenge • MUKBANG,https://www.youtube.com/watch?v=tGh2NRPfNOI,2017-08-22,early,mixed/unknown,extreme,141205,2950,1996,,
Nikocado Avocado,My Blood Tests After 1 Year Of 'Mukbang Eating Shows',https://www.youtube.com/watch?v=OKGiMUa2WJc,2017-08-20,early,mixed/unknown,extreme,243852,3435,960,,
Nikocado Avocado,NEW KFC Hot & Spicy Chicken • MUKBANG,https://www.youtube.com/watch?v=J0l3l6czpYk,2017-08-19,early,fried chicken,extreme,640189,7874,3276,,
Nikocado Avocado,BACON & EGGS EPIC BREAKFAST CHALLENGE • Mukbang & Recipe,https://www.youtube.com/watch?v=fguwNMYyqjM,2017-08-18,early,mixed/unknown,extreme,470910,6845,4230,,
Nikocado Avocado,DORITOS LOADED CRUNCHY TACO FEAST • Mukbang & Recipe,https://www.youtube.com/watch?v=EabxDHMqqWM,2017-08-17,early,taco/burrito,extreme,225141,4121,3236,,
Nikocado Avocado,Crunchy Doritos • MUKBANG,https://www.youtube.com/watch?v=eM-EMjCzcjA,2017-08-17,early,mixed/unknown,extreme,213414,3462,1001,,
Nikocado Avocado,CHEESE STUFFED MOZZARELLA BALLS • Mukbang & Recipe,https://www.youtube.com/watch?v=WaCK0hAkhXI,2017-08-16,early,mixed/unknown,extreme,349661,5021,1106,,
Nikocado Avocado,McDonald's Nugget Challenge • 100 Chicken Nuggets • MUKBANG,https://www.youtube.com/watch?v=kSjmR_n2ipQ,2017-08-15,early,fried chicken,extreme,183589,3313,2547,,
Nikocado Avocado,EXTREMELY CHEESY FIRE TAKIS NOODLES • Mukbang & Recipe,https://www.youtube.com/watch?v=uPxIP0Zy8Pk,2017-08-14,early,ramen/noodles,extreme,643836,10729,7589,,
Nikocado Avocado,I Can't Deal With This,https://www.youtube.com/watch?v=fS_NFSvFZI8,2017-08-10,early,mixed/unknown,unknown,445553,4289,3221,,
Nikocado Avocado,Durian Challenge • MUKBANG,https://www.youtube.com/watch?v=QSym97aLYpU,2017-08-08,early,mixed/unknown,extreme,700614,7636,2302,,
Nikocado Avocado,Dim Sum Buffet • MUKBANG,https://www.youtube.com/watch?v=sss5b40G38U,2017-08-07,early,mixed/unknown,extreme,371806,5409,1446,,
Nikocado Avocado,Extreme Spicy Noodle Challenge With Hungry Fat Chick,https://www.youtube.com/watch?v=ncKj7dvrKfc,2017-08-06,early,ramen/noodles,extreme,11247411,75245,11125,,
Nikocado Avocado,"My Reaction To ""In A Heartbeat"" Gay Animated Short Film",https://www.youtube.com/watch?v=6DuvdjX6lRg,2017-08-05,early,mixed/unknown,unknown,731069,13272,2160,,
Nikocado Avocado,EXTREMELY CHEESY MAC & CHEESE ULTIMATE FEAST • Mukbang & Recipe,https://www.youtube.com/watch?v=8_EPKPlQkGI,2017-08-04,early,mixed/unknown,extreme,1287434,14091,1819,000 calories worth of the cheesiest,5000
Nikocado Avocado,"Pizza Hut Box Challenge • 5,000 Calories • MUKBANG",https://www.youtube.com/watch?v=Ol19yC9LJDE,2017-08-03,early,pizza,extreme,657813,9237,7615,000 calories • mukbang watch me eat pizza,5000
Nikocado Avocado,Sonic • 100 Mozzarella Stick Challenge • MUKBANG,https://www.youtube.com/watch?v=44C_unxs-_k,2017-08-02,early,mixed/unknown,extreme,867043,11934,8268,,
Nikocado Avocado,"Diabetes & Kidney Failure, It's Time To Quit...",https://www.youtube.com/watch?v=niQcp69aK-M,2017-08-02,early,mixed/unknown,unknown,873699,7794,5580,,
Nikocado Avocado,My Life Is Crashing Down,https://www.youtube.com/watch?v=555J0BmcCzQ,2017-08-01,early,mixed/unknown,unknown,445719,4525,2636,,
Nikocado Avocado,Chicago Style Hot Dogs • MUKBANG,https://www.youtube.com/watch?v=nNnotA612y8,2017-07-31,early,mixed/unknown,extreme,206194,3520,880,,
Nikocado Avocado,Panda Express (Not For Kids) • MUKBANG,https://www.youtube.com/watch?v=i7l5rckzvD4,2017-07-30,early,mixed/unknown,extreme,343887,5148,2761,,
Nikocado Avocado,Chick-Fil-A • MUKBANG,https://www.youtube.com/watch?v=FoE2J8l29C8,2017-07-30,early,mixed/unknown,extreme,518733,6306,1700,,
Nikocado Avocado,Cheesecake Factory • MUKBANG,https://www.youtube.com/watch?v=0fbfg_vJxJg,2017-07-27,early,dessert/sweets,extreme,214529,3580,1929,,
Nikocado Avocado,World's Cheesiest Pizza • Chicago Deep Stuffed • MUKBANG,https://www.youtube.com/watch?v=ViiRrAY2pvY,2017-07-26,early,pizza,extreme,1588261,18005,3961,,
Nikocado Avocado,"Arby's • Mozz Sticks, Curly Fries, & Bacon Burger • MUKBANG",https://www.youtube.com/watch?v=PKdYrnpjQNg,2017-07-24,early,burger,extreme,503781,7021,1398,,
Nikocado Avocado,Fire Cheese & Black Bean Noodle Challenge With My Sloth • MUKBANG,https://www.youtube.com/watch?v=KpADhPvY6DQ,2017-07-24,early,ramen/noodles,extreme,1163739,12882,1858,,
Nikocado Avocado,Poutine Challenge • Extreme Cheese Fries • MUKBANG,https://www.youtube.com/watch?v=QCnmia538bw,2017-07-22,early,mixed/unknown,extreme,517874,7716,1158,,
Nikocado Avocado,Taco Bell Box • MUKBANG,https://www.youtube.com/watch?v=r-uT4YtR80g,2017-07-21,early,taco/burrito,extreme,648622,9591,1034,,
Nikocado Avocado,EXTREME BLAZIN' BUFFALO WILD WINGS CHALLENGE MUKBANG,https://www.youtube.com/watch?v=l-sQawgvf4g,2017-07-20,early,mixed/unknown,extreme,677203,12045,1279,,
Nikocado Avocado,Super Cheesy Doritos Fettuccine Alfredo Noodles • MUKBANG,https://www.youtube.com/watch?v=qjcr59TTi9w,2017-07-19,early,ramen/noodles,extreme,3611771,28489,14175,,
Nikocado Avocado,FIRE TAKIS SUSHI CHALLENGE • Mukbang & Recipe,https://www.youtube.com/watch?v=k8-ifgrp15E,2017-07-18,early,mixed/unknown,extreme,1813664,18368,5389,,
Nikocado Avocado,Huge XXXL Creamy Alfredo Pizza Challenge • MUKBANG,https://www.youtube.com/watch?v=Ez1M-UATpRU,2017-07-17,early,pizza,extreme,973627,10583,2838,,
Nikocado Avocado,GIANT TAKIS FIRE BALLS • Mukbang & Recipe,https://www.youtube.com/watch?v=c8w3NGxoEYo,2017-07-16,early,mixed/unknown,super extreme,1676077,18401,6230,,
Nikocado Avocado,.. (Not For Kids),https://www.youtube.com/watch?v=ZnjkrlRnTXg,2017-07-15,early,mixed/unknown,unknown,3366161,29000,8633,,
Nikocado Avocado,Why My Marriage Is Falling Apart,https://www.youtube.com/watch?v=kPt3_rk-vxI,2017-07-13,early,mixed/unknown,unknown,461038,8137,9672,,
Nikocado Avocado,"Street Pad Thai Noodle Night Market • Bangkok, Thailand • MUKBANG",https://www.youtube.com/watch?v=WfZzTw2AgNA,2017-07-11,early,ramen/noodles,extreme,122719,2170,527,,
Nikocado Avocado,Indian Food • Creamy Butter Chicken • MUKBANG,https://www.youtube.com/watch?v=fGSjJVh3iH8,2017-07-10,early,fried chicken,extreme,277607,3721,683,,
Nikocado Avocado,The Best All You Can Eat Buffet I've Ever Seen • MUKBANG,https://www.youtube.com/watch?v=R8kcvDclzdo,2017-07-09,early,mixed/unknown,extreme,1398133,13570,1919,,
Nikocado Avocado,Super Spicy Ramen Noodle Asian Feast • MUKBANG,https://www.youtube.com/watch?v=JsO-tKMT5HU,2017-07-08,early,ramen/noodles,extreme,133434,2438,611,,
Nikocado Avocado,Spicy Cheesy Fire Noodles • Korean Noodle Restaurant • MUKBANG,https://www.youtube.com/watch?v=nf6DxJTIPEU,2017-07-07,early,ramen/noodles,extreme,273943,3739,837,,
Nikocado Avocado,100 Sushi Challenge • Sushi Bar Conveyor Belt Buffet • MUKBANG,https://www.youtube.com/watch?v=AAGjfrbhxMA,2017-07-06,early,mixed/unknown,extreme,3414979,29847,3543,100 pieces of sushi in bangkok; 50 pieces,
Nikocado Avocado,Cheetos Cheese Sticks • MUKBANG,https://www.youtube.com/watch?v=hc5ZlsfUFSw,2017-07-04,early,mixed/unknown,extreme,129455,1795,467,,
Nikocado Avocado,Thai Street Food • อาหารไทย • MUKBANG,https://www.youtube.com/watch?v=pl75XCsHnm4,2017-07-03,early,mixed/unknown,extreme,125771,2382,350,,
Nikocado Avocado,Caught On Camera: Sloth Rips My Hair Out,https://www.youtube.com/watch?v=U74fQ03hb2k,2017-07-03,early,mixed/unknown,unknown,624429,9061,631,,
Nikocado Avocado,"Korean BBQ Buffet • Jajangmyeon 짜장면, Ddeokbokki 떡볶이, Japchae 잡채 • MUKBANG",https://www.youtube.com/watch?v=bz9Jf1DHLnE,2017-07-01,early,mixed/unknown,extreme,375149,5010,737,,
Nikocado Avocado,Japanese McDonald's 東京日本 • MUKBANG,https://www.youtube.com/watch?v=Q2qKIznGObw,2017-06-30,early,mixed/unknown,extreme,433653,5209,651,,
Nikocado Avocado,Super Spicy & Delicious Ethiopian Family-Size Platter • MUKBANG,https://www.youtube.com/watch?v=jTznTBozi2I,2017-06-29,early,mixed/unknown,extreme,148894,2905,941,,
Nikocado Avocado,Giant Chinese Dumpling Buffet • All You Can Eat • MUKBANG,https://www.youtube.com/watch?v=hcW-fE_KgHM,2017-06-28,early,mixed/unknown,super extreme,496509,6410,921,,
Nikocado Avocado,Thai Street Food • อาหารไทย • MUKBANG,https://www.youtube.com/watch?v=1vZ9v2fvt2s,2017-06-27,early,mixed/unknown,extreme,322328,4799,911,,
Nikocado Avocado,EXTREMELY SPICY NUCLEAR FIRE NOODLE CHALLENGE,https://www.youtube.com/watch?v=l-aI-9OolWY,2017-06-26,early,ramen/noodles,extreme,1933384,21358,2883,,
Nikocado Avocado,Unicorn Rainbow Noodles With My Little Pony Ice Cream • MUKBANG,https://www.youtube.com/watch?v=2-VCnPnjeXo,2017-06-25,early,ramen/noodles,extreme,373867,5773,848,,
Nikocado Avocado,Asian 7-Eleven Convenience Store • MUKBANG,https://www.youtube.com/watch?v=6JJd04Mgbag,2017-06-22,early,mixed/unknown,extreme,1025330,8629,1297,,
Nikocado Avocado,Watch Me Eat Bugs • MUKBANG,https://www.youtube.com/watch?v=od4jj24fkvY,2017-06-21,early,mixed/unknown,extreme,185094,3290,960,,
Nikocado Avocado,Massive Indian Food Buffet • All You Can Eat • MUKBANG,https://www.youtube.com/watch?v=UqBWwy31uIU,2017-06-17,early,mixed/unknown,super extreme,278548,4344,1479,,
Nikocado Avocado,Korean Beef Ramen Noodles With My Sloth • MUKBANG,https://www.youtube.com/watch?v=hmySoBnqYCU,2017-06-16,early,ramen/noodles,extreme,135617,2119,476,,
Nikocado Avocado,World's Largest Ice Cream Sundae Challenge • MUKBANG,https://www.youtube.com/watch?v=t9px3rWfw3g,2017-06-16,early,mixed/unknown,extreme,858212,11915,3623,,
Nikocado Avocado,100 Dumplings Challenge • All You Can Eat Buffet • MUKBANG,https://www.youtube.com/watch?v=DctUmUMlEpg,2017-06-13,early,mixed/unknown,extreme,945443,10227,5248,,
Nikocado Avocado,Durian & Mangosteen • MUKBANG,https://www.youtube.com/watch?v=Fc82N3ebVXc,2017-06-13,early,mixed/unknown,extreme,243884,3626,862,,
Nikocado Avocado,"Thai Food • Pork, Dumplings, & Noodles • MUKBANG",https://www.youtube.com/watch?v=Qs6xaR8Yzkk,2017-06-12,early,ramen/noodles,extreme,282429,4621,875,,
Nikocado Avocado,Durian • MUKBANG,https://www.youtube.com/watch?v=e8a9lctdkxE,2017-06-09,early,mixed/unknown,extreme,839881,7009,1337,,
Nikocado Avocado,Japanese Udon Noodles • Eating In Tokyo 東京日本 • MUKBANG,https://www.youtube.com/watch?v=G6crZi014e0,2017-06-08,early,ramen/noodles,extreme,129810,2421,577,,
Nikocado Avocado,My Last Video • Eating Sushi & Saying Goodbye • MUKBANG,https://www.youtube.com/watch?v=fYDrzW6sxhw,2017-06-05,early,mixed/unknown,extreme,229876,3566,872,,
Nikocado Avocado,"25,000 Calorie Challenge (Completed) • MUKBANG",https://www.youtube.com/watch?v=Xr4uJOMyHM4,2017-06-04,early,mixed/unknown,super extreme,1560327,20004,2420,000 calorie challenge (completed) • mukbang watch me eat 25; 000 calories,25000
Nikocado Avocado,Korean Kimchi Ramen Noodles With My Sloth • MUKBANG,https://www.youtube.com/watch?v=kGu9bJ5O_-4,2017-06-02,early,ramen/noodles,extreme,1878927,22418,10090,,
Nikocado Avocado,CHEESE STUFFED LOADED DORITOS • Mukbang & Recipe,https://www.youtube.com/watch?v=rH24F-bltSo,2017-06-01,early,mixed/unknown,extreme,316037,4723,831,,
Nikocado Avocado,EXTREMELY CHEESY SUPER SPICY FIRE RAMEN NOODLES • Mukbang & Recipe,https://www.youtube.com/watch?v=vytrCSYXi5w,2017-06-01,early,ramen/noodles,large,8151000,64068,21472,000 calories of cheese & butter,3000
Nikocado Avocado,"INTRODUCING MY PET BABY SLOTH (Yes, She's Real)",https://www.youtube.com/watch?v=Hy7Wh7LIfT8,2017-05-31,early,mixed/unknown,unknown,324561,7029,1008,,
Nikocado Avocado,Wendy's Eating Show • MUKBANG,https://www.youtube.com/watch?v=u1EjQPlMfF4,2017-05-30,early,mixed/unknown,extreme,162554,2430,452,,
Nikocado Avocado,Jajangmyeon • 5 Packs Black Bean Noodles With My Sloth • MUKBANG,https://www.youtube.com/watch?v=slJv6TEssfM,2017-05-29,early,ramen/noodles,extreme,560736,6542,1063,,
Nikocado Avocado,McDonald's • MUKBANG,https://www.youtube.com/watch?v=mRbOjo1Gzho,2017-05-28,early,mixed/unknown,extreme,242779,3471,973,,
Nikocado Avocado,Indomie Goreng • 6 Packs Noodle Challenge With My Sloth • MUKBANG,https://www.youtube.com/watch?v=64VI0rEy3v8,2017-05-27,early,ramen/noodles,extreme,899099,14783,3974,,
Nikocado Avocado,Burger King • Las Vegas Casinos • MUKBANG,https://www.youtube.com/watch?v=XU5_AsadKTE,2017-05-26,early,burger,extreme,119615,2148,435,,
Nikocado Avocado,Fire Takis Noodles With My Sloth • MUKBANG,https://www.youtube.com/watch?v=iPGZ8y3rUZE,2017-05-25,early,ramen/noodles,extreme,2732861,41829,13200,,
Nikocado Avocado,Panda Express • MUKBANG,https://www.youtube.com/watch?v=QJ8EW46osUE,2017-05-24,early,mixed/unknown,extreme,386118,5113,956,,
Nikocado Avocado,200 Sushi Challenge With My Sloth • MUKBANG,https://www.youtube.com/watch?v=rCNUCXoQA_M,2017-05-23,early,mixed/unknown,extreme,1173441,18873,5527,,
Nikocado Avocado,UNBOXING MY BIRTHDAY PRESENTS • Mail Haul,https://www.youtube.com/watch?v=KHEC5PUHnWA,2017-05-23,early,mixed/unknown,unknown,52797,1531,355,,
Nikocado Avocado,Caught On Camera: Almost Stabbed At Jack In The Box (Not For Kids),https://www.youtube.com/watch?v=e--5ffRAu7w,2017-05-22,early,mixed/unknown,large,9963540,113245,29257,907 calories,2907
Nikocado Avocado,"MY CUTE BABY SLOTH (Yes, She's Real)",https://www.youtube.com/watch?v=wj2UuokAONU,2017-05-21,early,mixed/unknown,unknown,1627937,26915,5998,,
Nikocado Avocado,Jollibee • MUKBANG,https://www.youtube.com/watch?v=HUOaZOpEc8Q,2017-05-20,early,mixed/unknown,extreme,520230,6297,1280,,
Nikocado Avocado,Cheesecake Factory • MUKBANG,https://www.youtube.com/watch?v=En2gmP6q91Q,2017-05-19,early,dessert/sweets,extreme,406703,4671,827,000 calorie feast,4000
Nikocado Avocado,"Wings Challenge • 3,000 Calories • MUKBANG",https://www.youtube.com/watch?v=vweBpiz8o1U,2017-05-18,early,mixed/unknown,large,696158,8261,4235,000 calories • mukbang watch me eat nearly 3; 000 calories of wings in 1 sitting -- for breakfast,3000
Nikocado Avocado,Giant Alfredo Pizza & Fettuccine • MUKBANG,https://www.youtube.com/watch?v=HQYFsXqbUj0,2017-05-17,early,pizza,super extreme,3127228,21134,6581,,
Nikocado Avocado,In-N-Out Burger • MUKBANG,https://www.youtube.com/watch?v=CYQNXpSF4uk,2017-05-16,early,burger,extreme,527668,5969,976,,
Nikocado Avocado,"Carl's Jr • 3,000 Calories • Las Vegas • MUKBANG",https://www.youtube.com/watch?v=mcHkgIQdS3w,2017-05-15,early,mixed/unknown,large,326708,4514,665,000 calories • las vegas • mukbang watch me eat at carl's jr for the 1st time ever in las vegas; 830 calories); 330 calories); 770 calories); 470 calories),3000
Nikocado Avocado,Heart Attack Grill With Hungry Fat Chick • MUKBANG,https://www.youtube.com/watch?v=W5q8RFpkAyM,2017-05-14,early,mixed/unknown,super extreme,12761670,121422,35676,350 pounds; 350 lb (160 kg) in weight eat for free if they weigh in with a doctor or nurse before each burger; 32 ounces (230 to 910 g) of beef (up to about 8; 000 calorie burger; 000 calories (33,20000
Nikocado Avocado,Our Pizza Wedding Cake • MUKBANG,https://www.youtube.com/watch?v=ED1LWh9VvuU,2017-05-13,early,pizza,extreme,265625,3616,774,,
Nikocado Avocado,"Sonic Drive-In • 3,000 Calories • MUKBANG",https://www.youtube.com/watch?v=voPJtABYhBc,2017-05-12,early,mixed/unknown,large,395126,4835,694,000 calories • mukbang watch me eat at sonic drive-in; 000 calories of food in front of you and talk about my terrible flight experience,3000
Nikocado Avocado,Why I'm Leaving. Saying Goodbye.,https://www.youtube.com/watch?v=GfTwmZMHhbY,2017-05-11,early,mixed/unknown,unknown,171671,2589,715,,
Nikocado Avocado,HEARTBROKEN,https://www.youtube.com/watch?v=bH0Ou58wu-g,2017-05-07,early,mixed/unknown,unknown,513949,5209,3260,,
Nikocado Avocado,DELICIOUS FLAMIN' HOT CHEETOS NOODLES • Mukbang & Recipe,https://www.youtube.com/watch?v=jj6vq-Kfmxk,2017-05-06,early,ramen/noodles,extreme,4599367,43128,6115,,
Nikocado Avocado,Street Food • MUKBANG,https://www.youtube.com/watch?v=inQSLkkKMFc,2017-05-03,early,mixed/unknown,extreme,131075,2580,474,,
Nikocado Avocado,Noodles With Mr. Noodle • MUKBANG,https://www.youtube.com/watch?v=8Ef4NxL3Xy8,2017-05-02,early,ramen/noodles,extreme,128617,2006,490,,
Nikocado Avocado,Massive Taco Bell Feast • MUKBANG,https://www.youtube.com/watch?v=Q0M3w-txIEY,2017-05-01,early,taco/burrito,super extreme,585181,6489,1153,,
Nikocado Avocado,"Bacon, Hash Browns, Crepes, & Cheesecake Pancakes • Ihop • MUKBANG",https://www.youtube.com/watch?v=KpC7UJtwNJg,2017-04-30,early,dessert/sweets,large,278240,3755,509,000 calories of american breakfast food,3000
Nikocado Avocado,Loaded Cheesy Wings & Smothered Smoked Burrito • Chili's • MUKBANG,https://www.youtube.com/watch?v=--rJ1kqIvNE,2017-04-29,early,taco/burrito,extreme,281830,3545,462,,
Nikocado Avocado,We Got Married • Our Wedding Cake • MUKBANG,https://www.youtube.com/watch?v=TBHtg8iZx_0,2017-04-28,early,dessert/sweets,extreme,776870,12360,6155,,
Nikocado Avocado,CHEESY ALFREDO COOL RANCH DORITOS FETTUCCINE • Mukbang & Recipe,https://www.youtube.com/watch?v=DefCKaSr3Fk,2017-04-27,early,mixed/unknown,extreme,2204230,23445,3435,,
Nikocado Avocado,All You Can Eat • Massive Chinese Buffet • MUKBANG,https://www.youtube.com/watch?v=2sGY4Q_SfPo,2017-04-26,early,mixed/unknown,super extreme,594573,8612,2193,,
Nikocado Avocado,Nuclear Fire Noodle Challenge • MUKBANG,https://www.youtube.com/watch?v=B7QPBChocGI,2017-04-25,early,ramen/noodles,extreme,251809,3192,1321,,
Nikocado Avocado,Rainbow Noodle Challenge • MUKBANG,https://www.youtube.com/watch?v=EB2rsupSpnE,2017-04-24,early,ramen/noodles,extreme,1504301,11952,4519,,
Nikocado Avocado,Sushi Challenge Eating Show • MUKBANG,https://www.youtube.com/watch?v=bNvfTl_fKGU,2017-04-23,early,mixed/unknown,extreme,211921,2502,677,70 pieces of sushi paired with sesame seed soy sauce,
Nikocado Avocado,Chorizo Pork Burrito & Cheesy Gucamole Bowl • Chipotle • MUKBANG,https://www.youtube.com/watch?v=0QzQ4tPWIXI,2017-04-22,early,taco/burrito,extreme,159680,2456,1218,,
Nikocado Avocado,Cheesy Avocado Melt & French Onion Soup • Panera Bread • MUKBANG,https://www.youtube.com/watch?v=fcqIms8j688,2017-04-21,early,mixed/unknown,extreme,180293,2194,769,,
Nikocado Avocado,I'm Too Afraid To Go To The Hospital,https://www.youtube.com/watch?v=hMHXvQQK3Zc,2017-04-21,early,mixed/unknown,unknown,24955730,218296,48649,,
Nikocado Avocado,Popeyes • Extra Crispy & Spicy Deep Fried Chicken • MUKBANG,https://www.youtube.com/watch?v=YSdY04zx92s,2017-04-20,early,fried chicken,extreme,283204,3736,815,,
Nikocado Avocado,What Did I Do To Deserve This?,https://www.youtube.com/watch?v=uIRad4Cs5H8,2017-04-20,early,mixed/unknown,unknown,656498,4844,1426,,
Nikocado Avocado,Red Lobster • Ultimate Seafood Feast  • MUKBANG,https://www.youtube.com/watch?v=nULAe9RRLuw,2017-04-19,early,seafood,extreme,826030,9436,2316,,
Nikocado Avocado,We Just Got Married • Our Wedding Day At Chick-Fil-A • MUKBANG,https://www.youtube.com/watch?v=iCdA9dD-sm0,2017-04-18,early,mixed/unknown,extreme,678441,12414,8755,,
Nikocado Avocado,Pizza Hut vs. Domino's vs. Papa John's vs. Little Caesars • PIZZA TASTE TEST,https://www.youtube.com/watch?v=1TegKZKrtK4,2017-04-17,early,pizza,large,1189921,11081,3396,,
Nikocado Avocado,"Eggs, Bacon, Hash Browns, & Pancakes • Denny's • MUKBANG",https://www.youtube.com/watch?v=QYxQa24pbtw,2017-04-16,early,dessert/sweets,extreme,247287,3444,1164,,
Nikocado Avocado,"Hot Wings, Mozzarella Sticks, & Whisky Bacon Cheeseburger • Applebee's • MUKBANG",https://www.youtube.com/watch?v=QmPFm_CgiKM,2017-04-15,early,burger,extreme,443466,5992,975,,
Nikocado Avocado,Late Night Burger King Whopper & Chicken Fries • MUKBANG,https://www.youtube.com/watch?v=SYXWeHC1AvQ,2017-04-14,early,burger,extreme,281458,3375,541,,
Nikocado Avocado,Checkers Drive-Thru • MUKBANG,https://www.youtube.com/watch?v=8WDe4yNK-OY,2017-04-13,early,mixed/unknown,extreme,831646,10322,1477,,
Nikocado Avocado,Sonic Drive-In • MUKBANG,https://www.youtube.com/watch?v=aQCjceTdzO8,2017-04-12,early,mixed/unknown,extreme,1847647,18488,3563,2 burgers,
Nikocado Avocado,Getting Married & Eating Pizza • MUKBANG,https://www.youtube.com/watch?v=hgwKska-YZ0,2017-04-11,early,pizza,extreme,466731,5758,1415,,
Nikocado Avocado,Wendy's • MUKBANG,https://www.youtube.com/watch?v=ug2lqSMJ7Rw,2017-04-10,early,mixed/unknown,extreme,687767,7857,1332,,
Nikocado Avocado,Fettuccine Alfredo Noodles & Mozzarella Chicken Parmesan • Olive Garden • MUKBANG,https://www.youtube.com/watch?v=FzpynQ89osc,2017-04-09,early,ramen/noodles,extreme,1175877,11415,2160,,
Nikocado Avocado,Shake Shack • MUKBANG,https://www.youtube.com/watch?v=wkTWwRmUqcU,2017-04-08,early,mixed/unknown,extreme,187068,3118,491,,
Nikocado Avocado,Taco Bell • Getting Married • MUKBANG,https://www.youtube.com/watch?v=tYcSmlo2mzA,2017-04-07,early,taco/burrito,extreme,361198,4376,1042,,
Nikocado Avocado,Massive Chinese Buffet • All You Can Eat • MUKBANG,https://www.youtube.com/watch?v=xpqXE0SAj_Q,2017-04-06,early,mixed/unknown,super extreme,2957927,27193,4523,,
Nikocado Avocado,I'M A DRUNK HOT MESS • Mukbang & Recipe,https://www.youtube.com/watch?v=kjhJ9iXiXUU,2017-04-05,early,mixed/unknown,extreme,280602,4346,1432,3 pound block of cheese and oil,
Nikocado Avocado,HOT CHEETOS NOODLES WITH MY BOYFRIEND • Mukbang & Recipe,https://www.youtube.com/watch?v=2MPKQGquS1k,2017-04-02,early,ramen/noodles,extreme,882961,8922,3728,,
Nikocado Avocado,WHY WE BROKE UP,https://www.youtube.com/watch?v=l86Dvnvu7MI,2017-04-01,early,mixed/unknown,unknown,601755,5517,1502,,
Nikocado Avocado,"Hot Cheetos, Doritos, Takis, & Nachos With Cheese • MUKBANG",https://www.youtube.com/watch?v=M5PNE5rbSwM,2017-03-31,early,mixed/unknown,super extreme,222157,2818,1831,000 calories of food in 1 full day,10000
Nikocado Avocado,McDonald's Burgers & Fries • MUKBANG,https://www.youtube.com/watch?v=sK0aJaO8R40,2017-03-30,early,burger,super extreme,322618,3618,813,3 burgers (bacon mctriple; 000 calories in 1 day,10000
Nikocado Avocado,Domino's Pizza • MUKBANG,https://www.youtube.com/watch?v=lt3NJfvel4U,2017-03-29,early,pizza,super extreme,112632,1562,392,000 calorie challenge; watch the full 10k challenge here: https://www,10000
Nikocado Avocado,Donut Challenge • MUKBANG,https://www.youtube.com/watch?v=iEpxQ7gUl3k,2017-03-28,early,dessert/sweets,super extreme,1065112,12011,1622,000 calories of donuts,10000
Nikocado Avocado,"10,000 CALORIE CHALLENGE",https://www.youtube.com/watch?v=a2TM79HzHDE,2017-03-27,early,mixed/unknown,super extreme,632995,9067,2203,24 donuts from dunkin' donuts; 3 burgers and 2 large fries from mcdonald's; 000 calorie challenge watch me eat 10; 000 calories of american fast food in under 24 hours aka the 10k challenge,10000
Nikocado Avocado,I'm Going Vegan • MUKBANG,https://www.youtube.com/watch?v=F7R2nkCzSqc,2017-03-26,early,mixed/unknown,extreme,247275,3145,1211,,
Nikocado Avocado,"Bacon, Chips, & Cheesy Pasta • MUKBANG",https://www.youtube.com/watch?v=pSABq_8_YqI,2017-03-25,early,mixed/unknown,extreme,616865,7069,1434,10 pieces of bacon,
Nikocado Avocado,Say Hello To My Double Chin,https://www.youtube.com/watch?v=mWyge9qsLeA,2017-03-25,early,mixed/unknown,unknown,858548,5855,2478,,
Nikocado Avocado,I'm Getting Fat & Don't Know Why,https://www.youtube.com/watch?v=AgVc3p9b2YA,2017-03-24,early,mixed/unknown,unknown,1917896,15401,11650,,
Nikocado Avocado,SUPER SPICY CHEESY RAMEN NOODLES • Mukbang & Recipe,https://www.youtube.com/watch?v=aG0r0kbXfEk,2017-03-23,early,ramen/noodles,extreme,577045,5748,1348,,
Nikocado Avocado,SERIOUS ALLEGATIONS AGAINST MY BOYFRIEND,https://www.youtube.com/watch?v=0cQeg9RbwWM,2017-03-22,early,mixed/unknown,unknown,401929,4504,2010,,
Nikocado Avocado,CHEESIEST GRILLED CHEESE • Mukbang & Recipe,https://www.youtube.com/watch?v=GuUfzb5GQLY,2017-03-21,early,mixed/unknown,extreme,387452,5624,942,,
Nikocado Avocado,SPICY FIRE CHICKEN CHEESE FONDUE • Mukbang & Recipe,https://www.youtube.com/watch?v=I3444zNHlnw,2017-03-20,early,fried chicken,extreme,778299,10263,2183,,
Nikocado Avocado,LOADED CHEESE FRIES • Mukbang & Recipe,https://www.youtube.com/watch?v=VDYREodZXdE,2017-03-19,early,mixed/unknown,extreme,240465,3219,795,,
Nikocado Avocado,Sushi • MUKBANG,https://www.youtube.com/watch?v=jJ_V50K-8oI,2017-03-18,early,mixed/unknown,extreme,86776,1535,616,,
Nikocado Avocado,Noodle • MUKBANG,https://www.youtube.com/watch?v=iqZfgNvTPj0,2017-03-17,early,ramen/noodles,extreme,198499,2595,1384,,
Nikocado Avocado,Ramen Noodles From Around The World • MUKBANG,https://www.youtube.com/watch?v=b2GN48vZjzA,2017-03-16,early,ramen/noodles,extreme,407580,5155,1157,,
Nikocado Avocado,GIANT CRISPY FRIED DUMPLINGS • Mukbang & Recipe,https://www.youtube.com/watch?v=hLSbxokN_Eo,2017-03-14,early,mixed/unknown,super extreme,468197,6111,976,,
Nikocado Avocado,Fast Food Challenge • MUKBANG,https://www.youtube.com/watch?v=qEY5c-YmGe4,2017-03-13,early,mixed/unknown,extreme,1054366,12501,5407,,
Nikocado Avocado,Mexican Food • MUKBANG,https://www.youtube.com/watch?v=iorWU5cGWos,2017-03-11,early,mixed/unknown,extreme,149951,2989,596,,
Nikocado Avocado,ITALIAN PASTA CARBONARA • Mukbang & Recipe,https://www.youtube.com/watch?v=2B_gsgc3tzw,2017-03-10,early,mixed/unknown,extreme,279975,4784,1077,,
Nikocado Avocado,Drunk • Korean Fire Noodle Challenge • MUKBANG,https://www.youtube.com/watch?v=BvMC7QPW8E8,2017-03-09,early,ramen/noodles,extreme,239801,3405,1037,,
Nikocado Avocado,California Sushi & Carbonara • MUKBANG,https://www.youtube.com/watch?v=QD2jZxa1ysQ,2017-03-08,early,mixed/unknown,extreme,156824,2841,818,,
Nikocado Avocado,BLACK BEAN NOODLES • 짜장면 • Mukbang & Recipe,https://www.youtube.com/watch?v=wPjyfthIOFM,2017-03-07,early,ramen/noodles,extreme,406277,5339,1076,,
Nikocado Avocado,100 Chicken Nugget Challenge • MUKBANG,https://www.youtube.com/watch?v=ynHYi5TXf5k,2017-03-06,early,fried chicken,extreme,507622,6466,1320,,
Nikocado Avocado,Kimchi Noodle • MUKBANG,https://www.youtube.com/watch?v=GX1xGcP9NxQ,2017-03-05,early,ramen/noodles,extreme,514346,5620,4776,,
Nikocado Avocado,Street Food • MUKBANG,https://www.youtube.com/watch?v=hn0I85g14yE,2017-03-04,early,mixed/unknown,extreme,158420,2625,697,,
Nikocado Avocado,KOREAN KIMCHI EGG ROLL • Mukbang & Recipe,https://www.youtube.com/watch?v=685Sdl-aL30,2017-03-03,early,mixed/unknown,extreme,93138,1809,691,,
Nikocado Avocado,"I'M SORRY, I WAS WRONG",https://www.youtube.com/watch?v=jMaC0-RcHMM,2017-03-02,early,mixed/unknown,unknown,507225,5324,1861,,
Nikocado Avocado,GALAXY PIZZA • SHANE DAWSON REMAKE • Mukbang & Recipe,https://www.youtube.com/watch?v=4sCTzP7xvyM,2017-03-01,early,pizza,extreme,100058,1546,461,,
Nikocado Avocado,DIY HOT CHEETOS MOZZARELLA STICKS • Mukbang & Recipe,https://www.youtube.com/watch?v=z4OQZOVIULE,2017-02-28,early,mixed/unknown,extreme,443408,6294,1242,,
Nikocado Avocado,Fire Takis Pizza & Noodles • MUKBANG,https://www.youtube.com/watch?v=aaAS_QM083M,2017-02-27,early,pizza,large,200394,2937,1853,500 calories challenge meal: 1 large hot & spicy takis pizza & a huge bowl of takis noodles or takis pasta (made from my takis noodle challenge: https://www,3500
Nikocado Avocado,KFC Popcorn Chicken & Cool Ranch Wrap • MUKBANG,https://www.youtube.com/watch?v=9lgbluB_4gw,2017-02-27,early,fried chicken,extreme,139069,2348,653,,
Nikocado Avocado,HOT DORITOS CHEESY PIZZA • Mukbang & Recipe,https://www.youtube.com/watch?v=hbY71KdRFS8,2017-02-26,early,pizza,extreme,436944,6137,1083,,
Nikocado Avocado,Ultra Gooey Cheesy Pepperoni Pizza • MUKBANG,https://www.youtube.com/watch?v=997KaEACM2s,2017-02-26,early,pizza,extreme,114389,1765,457,,
Nikocado Avocado,CREAMY SHRIMP ALFREDO • Mukbang & Recipe,https://www.youtube.com/watch?v=5cgBNHz77Qc,2017-02-25,early,mixed/unknown,extreme,580115,6734,1246,,
Nikocado Avocado,PAD THAI NOODLES • ผัดไทย • Mukbang & Recipe,https://www.youtube.com/watch?v=qSV8orBTwPM,2017-02-24,early,ramen/noodles,extreme,211559,3828,768,,
Nikocado Avocado,CHEESE STUFFED TAKIS • Mukbang & Recipe,https://www.youtube.com/watch?v=eFO0oqCQKgE,2017-02-22,early,mixed/unknown,extreme,3882546,43187,6860,,
Nikocado Avocado,GALAXY CHEESE QUESADILLA • Mukbang & Recipe,https://www.youtube.com/watch?v=G_zyrgq3fpw,2017-02-21,early,mixed/unknown,extreme,234241,3567,919,,
Nikocado Avocado,McBacon Triple & McFlurry • MUKBANG,https://www.youtube.com/watch?v=A9Yv4ql1Gko,2017-02-20,early,mixed/unknown,large,125962,2126,640,000 calories,2000
Nikocado Avocado,Hot Cheetos Sushi Challenge • MUKBANG,https://www.youtube.com/watch?v=0TZbhY6NZ_k,2017-02-19,early,mixed/unknown,extreme,366737,4669,1171,,
Nikocado Avocado,20 Avocados • MUKBANG,https://www.youtube.com/watch?v=RvC0csrXSvM,2017-02-18,early,mixed/unknown,extreme,123083,2720,814,,
Nikocado Avocado,"Cake, Cookies, & Croissants • MUKBANG",https://www.youtube.com/watch?v=tuheAUv6pd4,2017-02-17,early,dessert/sweets,extreme,362165,4608,896,,
Nikocado Avocado,GALAXY SUSHI • SHANE DAWSON REMAKE • Mukbang & Recipe,https://www.youtube.com/watch?v=d48glJoft1Y,2017-02-16,early,mixed/unknown,extreme,543511,6533,1129,,
Nikocado Avocado,HE SAID YES • Mukbang & Recipe,https://www.youtube.com/watch?v=0m9anQsmKqU,2017-02-15,early,mixed/unknown,large,2527681,29946,8567,000 calories of creamy noodles,3000
Nikocado Avocado,Dunkin' Donuts • MUKBANG,https://www.youtube.com/watch?v=L4KKN8OhysI,2017-02-14,early,dessert/sweets,extreme,153539,2478,405,6 donuts for dinner,
Nikocado Avocado,DRUNK COOKING • Mukbang & Recipe,https://www.youtube.com/watch?v=NXtWsctC_lw,2017-02-14,early,mixed/unknown,extreme,275742,4118,1314,,
Nikocado Avocado,Drunk • Korean Fire Noodle Challenge • MUKBANG,https://www.youtube.com/watch?v=nHspv8oPXJs,2017-02-13,early,ramen/noodles,extreme,1472828,14635,4662,,
Nikocado Avocado,My Compulsive Eating (Not Appropriate For Children),https://www.youtube.com/watch?v=QOOs84gk-iM,2017-02-12,early,mixed/unknown,unknown,303938,4583,1424,,
Nikocado Avocado,KFC Box • MUKBANG,https://www.youtube.com/watch?v=u4YcevsRvWk,2017-02-11,early,fried chicken,extreme,375219,4331,843,,
Nikocado Avocado,Pizza & Chips • MUKBANG,https://www.youtube.com/watch?v=p41eMzBb-g4,2017-02-10,early,pizza,super extreme,123716,1825,329,000 calorie challenge and was filmed after staying up all night (no sleeping allowed,10000
Nikocado Avocado,Dunkin' Donuts • MUKBANG,https://www.youtube.com/watch?v=5TFYawasX3A,2017-02-09,early,dessert/sweets,extreme,192816,2427,642,,
Nikocado Avocado,McDonald's • MUKBANG,https://www.youtube.com/watch?v=CGVz1O4gy2g,2017-02-08,early,mixed/unknown,super extreme,583547,6665,3372,000 calories,10000
Nikocado Avocado,Eating Pizza & Talking About Vegans • MUKBANG,https://www.youtube.com/watch?v=QKRzrnAMmWI,2017-02-07,early,pizza,large,228594,2754,1061,000 calorie; 000 calorie challenge,3000
Nikocado Avocado,HOT CHEETOS CHICKEN WINGS • Mukbang & Recipe,https://www.youtube.com/watch?v=DYh838P7kk8,2017-02-06,early,fried chicken,extreme,151749,2466,1020,,
Nikocado Avocado,HOT CHEETOS QUESADILLA • Mukbang & Recipe,https://www.youtube.com/watch?v=DlCl_kENa38,2017-02-05,early,mixed/unknown,extreme,621214,7068,1818,,
Nikocado Avocado,Taco Bell • MUKBANG,https://www.youtube.com/watch?v=d2uNdYrAk3g,2017-02-04,early,taco/burrito,extreme,91244,1563,625,,
Nikocado Avocado,Popeyes • MUKBANG,https://www.youtube.com/watch?v=nDVPpkTiD9A,2017-02-03,early,mixed/unknown,extreme,186283,2563,909,,
Nikocado Avocado,Jollibee • MUKBANG,https://www.youtube.com/watch?v=YwUTf0hahUc,2017-02-03,early,mixed/unknown,extreme,411922,6055,1658,,
Nikocado Avocado,Arby's • MUKBANG,https://www.youtube.com/watch?v=6WQWGMYn9YM,2017-02-02,early,mixed/unknown,extreme,241954,3116,936,,
Nikocado Avocado,Fire Takis Noodle Challenge • MUKBANG,https://www.youtube.com/watch?v=657_-6pKkUo,2017-02-01,early,ramen/noodles,large,3972838,37030,23147,000 calories of noodles,2000
Nikocado Avocado,My First Time At Jack In The Box • MUKBANG,https://www.youtube.com/watch?v=BcFM0bateJE,2017-01-31,early,mixed/unknown,extreme,128021,2072,788,,
Nikocado Avocado,Hot Cheetos Noodle Challenge • MUKBANG,https://www.youtube.com/watch?v=I80u2lLfoeE,2017-01-31,early,ramen/noodles,large,644190,6128,1456,000 calories in total) with half a bag of flamin' hot cheetos,2000
Nikocado Avocado,Fire Hot Takis Corn On The Cob Challenge • MUKBANG,https://www.youtube.com/watch?v=HM78nXevKyk,2017-01-30,early,mixed/unknown,extreme,327628,4021,711,,
Nikocado Avocado,"10,000 Calorie Challenge",https://www.youtube.com/watch?v=cjWhbC3zaEg,2017-01-29,early,mixed/unknown,super extreme,2452977,35637,6415,000 calorie challenge yes; 000 calorie challenge; 000 calories of food,10000
Nikocado Avocado,In-N-Out Burger • MUKBANG,https://www.youtube.com/watch?v=rUwurxLrg2M,2017-01-28,early,burger,extreme,261814,3676,875,,
Nikocado Avocado,Burger King • MUKBANG,https://www.youtube.com/watch?v=nRsuJln9zqg,2017-01-27,early,burger,extreme,187876,2832,798,,
Nikocado Avocado,Eat Breakfast Food With Me • MUKBANG,https://www.youtube.com/watch?v=HzG2UEuBTNw,2017-01-26,early,mixed/unknown,extreme,227112,3312,829,,
Nikocado Avocado,Quitting My Vegan Diet On Camera • MUKBANG,https://www.youtube.com/watch?v=6Z4MF43K3W0,2017-01-25,early,mixed/unknown,extreme,516123,8066,2757,200 pounds,
Nikocado Avocado,Flamin' Hot Cheetos Pizza • MUKBANG,https://www.youtube.com/watch?v=WPj6M1I83_k,2017-01-25,early,pizza,extreme,141089,2145,1306,,
Nikocado Avocado,Taco Bell • MUKBANG,https://www.youtube.com/watch?v=1bjNk45BaVs,2017-01-24,early,taco/burrito,extreme,345174,4417,1149,,
Nikocado Avocado,Panda Express • MUKBANG,https://www.youtube.com/watch?v=k6IyjaZjYNk,2017-01-23,early,mixed/unknown,extreme,1557726,16610,2964,,
Nikocado Avocado,El Pollo Loco With Wendy's Eating Show • MUKBANG,https://www.youtube.com/watch?v=BC14xTp2POI,2017-01-22,early,mixed/unknown,extreme,253917,4368,1317,,
Nikocado Avocado,First Class Airplane • Wine & Dine With Me • ASMR MUKBANG,https://www.youtube.com/watch?v=weLusbiSCHE,2017-01-21,early,mixed/unknown,extreme,121321,2151,746,,
Nikocado Avocado,Airport • Fish Steak & Sautéed Veggies • MUKBANG,https://www.youtube.com/watch?v=O95ec_hL8BI,2017-01-20,early,mixed/unknown,extreme,65548,1434,688,,
Nikocado Avocado,Breaking Vegan • The Benefits Of Eating Meat Again,https://www.youtube.com/watch?v=t2Wjrmr93TA,2017-01-19,early,mixed/unknown,unknown,371182,4887,2639,,
Nikocado Avocado,McDonald's Breakfast • Wake Up With Me • MUKBANG,https://www.youtube.com/watch?v=qAFPHIw7Jgg,2017-01-19,early,mixed/unknown,extreme,74507,1419,726,,
Nikocado Avocado,Quitting Vegan • Our First Time Eating Mozzarella Sticks In 10 Years • MUKBANG,https://www.youtube.com/watch?v=TC38M4pNoRc,2017-01-18,early,mixed/unknown,extreme,110601,1620,539,,
Nikocado Avocado,"Oreo Cake, Donuts, & Cheese Balls • MUKBANG",https://www.youtube.com/watch?v=9jjJk46r7kg,2017-01-18,early,dessert/sweets,extreme,527092,8332,1576,,
Nikocado Avocado,Quitting Vegan • Our First Time Eating Pizza in 10 Years • MUKBANG,https://www.youtube.com/watch?v=-zHUBPRDo9A,2017-01-17,early,pizza,extreme,212201,3246,1881,,
Nikocado Avocado,"OPENING $1,000 MYSTERY BOX",https://www.youtube.com/watch?v=g0A5-XViVlw,2017-01-17,early,mixed/unknown,unknown,60754,1364,221,,
Nikocado Avocado,DRUNK • MOZZARELLA CHEESE STICKS • Mukbang & Recipe,https://www.youtube.com/watch?v=44e3xN76IsA,2017-01-16,early,mixed/unknown,extreme,192859,2997,1639,,
Nikocado Avocado,Sushi Sushi Sushi • MUKBANG,https://www.youtube.com/watch?v=cFZqAj3ACHI,2017-01-15,early,mixed/unknown,extreme,539921,5844,1458,,
Nikocado Avocado,Cheesiest Mac & Cheese • MUKBANG,https://www.youtube.com/watch?v=qOogo1ut1mk,2017-01-14,early,mixed/unknown,large,192262,2330,761,800 calories in front of me,2800
Nikocado Avocado,FRIED FOOD • Mukbang & Recipe,https://www.youtube.com/watch?v=jIMgWN96p_A,2017-01-13,early,mixed/unknown,large,222189,2355,735,000 calories worth of rice,2000
Nikocado Avocado,SPICY FIRE CHICKEN CHEESE NOODLE • Mukbang & Recipe,https://www.youtube.com/watch?v=cM4LITZoZSc,2017-01-12,early,ramen/noodles,extreme,225681,3623,2262,,
Nikocado Avocado,Avocado Challenge • MUKBANG,https://www.youtube.com/watch?v=BR-5tF3wgnQ,2017-01-11,early,mixed/unknown,extreme,189068,2540,624,,
Nikocado Avocado,Vegan Eats Fish For The 1st Time In 20 Years • MUKBANG,https://www.youtube.com/watch?v=3N6J0cxjqGM,2017-01-10,early,mixed/unknown,extreme,131099,2343,1788,,
Nikocado Avocado,"Trisha Paytas Music Video Violin Cover • ""Warrior""",https://www.youtube.com/watch?v=GXqc7e1M4DM,2017-01-09,early,mixed/unknown,unknown,1800466,50540,7230,,
Nikocado Avocado,Vegan Eats Egg For The 1st Time In 20 Years • MUKBANG,https://www.youtube.com/watch?v=SfoqhDEVgf4,2017-01-08,early,mixed/unknown,extreme,936147,16543,5762,,
Nikocado Avocado,DAILY MAIL CALLS ME 'BIZARRE' EX-VEGAN • My Reaction,https://www.youtube.com/watch?v=HRBldfB2VBY,2017-01-07,early,mixed/unknown,unknown,113508,1789,1167,,
Nikocado Avocado,6 CHEESY HOT DOGS • Mukbang & Recipe,https://www.youtube.com/watch?v=FEyr_Jm16Fk,2017-01-06,early,mixed/unknown,extreme,110443,1526,745,,
Nikocado Avocado,GIANT CHEESY PIZZA • Mukbang & Recipe,https://www.youtube.com/watch?v=93lxUkQdcPM,2017-01-05,early,pizza,super extreme,112844,1484,525,,
Nikocado Avocado,BAKED CHEESY PASTA • Mukbang & Recipe,https://www.youtube.com/watch?v=SvolxQGfDqw,2017-01-04,early,mixed/unknown,large,106649,1500,526,000 calories worth of warm,2000
Nikocado Avocado,WHY VEGANISM IS WRONG & MAKES PEOPLE GO CRAZY,https://www.youtube.com/watch?v=jq8jAccUQaE,2017-01-03,early,mixed/unknown,unknown,653495,6399,3522,,
Nikocado Avocado,CHEESY BACON & CHEESE • Mukbang & Recipe,https://www.youtube.com/watch?v=AgALu0wnmig,2017-01-02,early,mixed/unknown,extreme,131843,1507,647,,
Nikocado Avocado,Chicken Nugget Challenge • MUKBANG,https://www.youtube.com/watch?v=xgKxt8tdLW0,2017-01-01,early,fried chicken,extreme,235918,3296,1848,,
Nikocado Avocado,I DON'T WANT TO BE VEGAN ANYMORE,https://www.youtube.com/watch?v=AlDsPNchYzQ,2016-12-31,early,mixed/unknown,unknown,1102356,15321,7743,,
Nikocado Avocado,Stir Fried Noodles • MUKBANG,https://www.youtube.com/watch?v=vkqro3EFdfE,2016-12-31,early,ramen/noodles,extreme,63363,934,346,,
Nikocado Avocado,15 Rice Paper Rolls • MUKBANG,https://www.youtube.com/watch?v=Ko4YDhnvKyg,2016-12-30,early,mixed/unknown,extreme,149698,2055,442,,
Nikocado Avocado,Massive Vietnamese Pho Noodle Challenge  • MUKBANG,https://www.youtube.com/watch?v=xI1KURsjJ6M,2016-12-29,early,ramen/noodles,large,99484,1364,492,000 calories of pho noodles (not including the bacon,3000
Nikocado Avocado,How Fat Will I Get In The Future?,https://www.youtube.com/watch?v=f2Uh8s8wqao,2016-12-28,early,mixed/unknown,unknown,153833,1732,736,,
Nikocado Avocado,Drunk • Black Bean Noodle 짜장면 • MUKBANG,https://www.youtube.com/watch?v=x4SkpKGmeGs,2016-12-27,early,ramen/noodles,large,200387,2795,956,000 calorie bowl of korean black bean noodles (or jajangmyeon) on an empty stomach,3000
Nikocado Avocado,Opening Christmas Presents 2016 • MUKBANG,https://www.youtube.com/watch?v=vxhXwvx8lwE,2016-12-26,early,mixed/unknown,extreme,230679,3893,1280,,
Nikocado Avocado,Christmas Day Chicken With My Boyfriend • MUKBANG,https://www.youtube.com/watch?v=FsTmtOM8Ntg,2016-12-25,early,fried chicken,extreme,133538,2210,721,,
Nikocado Avocado,CHEESIEST QUESADILLA • Mukbang & Recipe,https://www.youtube.com/watch?v=faC9haB48Yg,2016-12-24,early,mixed/unknown,extreme,126176,1858,441,,
Nikocado Avocado,"Bacon, Pork Belly, & Cheesy Pasta • MUKBANG",https://www.youtube.com/watch?v=CG6yTx8xe2Y,2016-12-23,early,mixed/unknown,extreme,527169,7563,1478,,
Nikocado Avocado,Christmas Dinner • MUKBANG,https://www.youtube.com/watch?v=mdWJ_gaXsWA,2016-12-22,early,mixed/unknown,extreme,164241,2530,455,,
Nikocado Avocado,Buttermilk 3-Cheese Stuffed Shells • MUKBANG,https://www.youtube.com/watch?v=GDN5geGmwU4,2016-12-21,early,mixed/unknown,extreme,92839,1750,802,,
Nikocado Avocado,MEXICAN NACHO GUACAMOLE • Mukbang & Recipe,https://www.youtube.com/watch?v=RsBvYQq2e7s,2016-12-20,early,mixed/unknown,extreme,307150,4276,1182,,
Nikocado Avocado,Bloody Pasta • MUKBANG,https://www.youtube.com/watch?v=qkiN6ty77-g,2016-12-19,early,mixed/unknown,extreme,137139,2139,1237,,
Nikocado Avocado,FETTUCCINE ALFREDO PASTA • Mukbang & Recipe,https://www.youtube.com/watch?v=o9rFb-E_IWE,2016-12-18,early,mixed/unknown,extreme,173684,2721,530,,
Nikocado Avocado,100 SUSHI CHALLENGE • Mukbang & Recipe,https://www.youtube.com/watch?v=mQI9-jcmnCk,2016-12-17,early,mixed/unknown,extreme,478160,6663,1782,,
Nikocado Avocado,Korean Tteokbokki Noodle 떡볶이 • MUKBANG,https://www.youtube.com/watch?v=E1Ab44ttT8Q,2016-12-16,early,ramen/noodles,large,70180,1004,220,800 calories,1800
Nikocado Avocado,CHEESY SPICY RICE CAKE NOODLE • Mukbang & Recipe,https://www.youtube.com/watch?v=1EN9LQy-0L4,2016-12-15,early,ramen/noodles,extreme,71419,1144,489,,
Nikocado Avocado,DEEP FRIED CHEESE STICKS • Mukbang & Recipe,https://www.youtube.com/watch?v=eFsl6M-S9oI,2016-12-14,early,mixed/unknown,extreme,323410,4487,1002,,
Nikocado Avocado,"Noodles, Sushi, & Spring Roll • MUKBANG",https://www.youtube.com/watch?v=YEkDr8KnFC0,2016-12-13,early,ramen/noodles,extreme,99908,1645,832,,
Nikocado Avocado,Creamy Avocado Pizza • MUKBANG,https://www.youtube.com/watch?v=TWw4HQPZFE4,2016-12-12,early,pizza,large,77872,1212,262,000 calories of pasta,2000
Nikocado Avocado,World's Hottest Pepper Challenge (Warning: Extreme) • MUKBANG,https://www.youtube.com/watch?v=t-cEpSefX98,2016-12-11,early,mixed/unknown,large,219514,3442,1126,000 calories of pasta,2000
Nikocado Avocado,DRUNK • NOODLE STIR FRY • Mukbang & Recipe,https://www.youtube.com/watch?v=w3fb6zvPKto,2016-12-10,early,ramen/noodles,extreme,117294,2045,632,,
Nikocado Avocado,Cheesiest Mac & Cheese • MUKBANG,https://www.youtube.com/watch?v=hvZTbtwE-zE,2016-12-09,early,mixed/unknown,extreme,148846,2359,668,,
Nikocado Avocado,Kimchi Sundubu-Jjigae • 김치순두부찌개 • MUKBANG,https://www.youtube.com/watch?v=WRSXlpbE4bQ,2016-12-08,early,mixed/unknown,extreme,82657,1616,475,,
Nikocado Avocado,FRIED MEXICAN BURRITO • Mukbang & Recipe,https://www.youtube.com/watch?v=_u6g9KVwu1A,2016-12-07,early,taco/burrito,extreme,197637,3576,702,,
Nikocado Avocado,CHEESY CHRISTMAS PASTA • Mukbang & Recipe,https://www.youtube.com/watch?v=chWQACXMm4s,2016-12-07,early,mixed/unknown,extreme,104774,1605,442,,
Nikocado Avocado,KFC Chicken • MUKBANG,https://www.youtube.com/watch?v=z8lP0dLRGH8,2016-12-05,early,fried chicken,extreme,324655,3730,1499,,
Nikocado Avocado,Subway • MUKBANG,https://www.youtube.com/watch?v=tEEBf0GlYqE,2016-12-04,early,mixed/unknown,extreme,129224,1935,349,,
Nikocado Avocado,Domino's Pizza • MUKBANG,https://www.youtube.com/watch?v=JF8mVI6zxhk,2016-12-04,early,pizza,extreme,150930,2472,522,,
Nikocado Avocado,My First Time Trying Avocado Noodles,https://www.youtube.com/watch?v=aQLIQegaBw0,2016-12-03,early,ramen/noodles,large,157513,2500,901,,
Nikocado Avocado,10 TACOS CHALLENGE • Mukbang & Recipe,https://www.youtube.com/watch?v=OkvXZgys284,2016-12-03,early,taco/burrito,extreme,81390,1723,599,10 tacos challenge • mukbang & recipe step-by-step recipe for my favorite mexican tacos; 10 tacos (plus some extra rice),
Nikocado Avocado,150 Sushi Roll Challenge • MUKBANG,https://www.youtube.com/watch?v=bVKRXqA5ifU,2016-12-01,early,mixed/unknown,extreme,401786,5152,1224,,
Nikocado Avocado,Mozzarella Ricotta Pepperoni Pizza & Calzone • MUKBANG,https://www.youtube.com/watch?v=8HoggYa0kkc,2016-12-01,early,pizza,extreme,100662,1364,276,,
Nikocado Avocado,"Best Spanish Beans, Rice, & Creamy Avocado • MUKBANG",https://www.youtube.com/watch?v=h_4Kn-c9_vQ,2016-11-30,early,mixed/unknown,extreme,123491,1748,394,,
Nikocado Avocado,KIMCHI & CHEESY FRIED TOFU • Mukbang & Recipe,https://www.youtube.com/watch?v=jdxiYMclcrs,2016-11-29,early,mixed/unknown,extreme,3468612,68665,10360,,
Nikocado Avocado,Jajangmyeon 짜장면 • MUKBANG,https://www.youtube.com/watch?v=uxSsdBfCR3c,2016-11-27,early,mixed/unknown,extreme,139768,1751,483,,
Nikocado Avocado,Korean Fire Noodle Challenge • MUKBANG,https://www.youtube.com/watch?v=MuqEpSXDwEY,2016-11-26,early,ramen/noodles,extreme,3990938,29024,5470,,
Nikocado Avocado,Avocado Challenge • MUKBANG,https://www.youtube.com/watch?v=1XT1VEoZioo,2016-11-26,early,mixed/unknown,extreme,878564,12158,2592,,
Nikocado Avocado,2 FOOT THANKSGIVING TURKEY MELT • Mukbang & Recipe,https://www.youtube.com/watch?v=d8kWa_YZDjA,2016-11-25,early,mixed/unknown,extreme,145092,1948,410,,
Nikocado Avocado,BLOODY KIMCHI NOODLE • Mukbang & Recipe,https://www.youtube.com/watch?v=80MIQQWL4OM,2016-11-24,early,ramen/noodles,extreme,706702,6047,3573,,
Nikocado Avocado,Orlin Makes Me Cheesy Noodles • MUKBANG,https://www.youtube.com/watch?v=xeY_Eb4_6kM,2016-11-22,early,ramen/noodles,extreme,273634,4081,1217,,
Nikocado Avocado,BACON & CHEESE LASAGNA • Mukbang & Recipe,https://www.youtube.com/watch?v=yMpeIfH5JNM,2016-11-21,early,mixed/unknown,extreme,63493,1249,316,,
Nikocado Avocado,CHEESY STUFFED CRUST PIZZA • Mukbang & Recipe,https://www.youtube.com/watch?v=UrNsLuJPgtU,2016-11-20,early,pizza,extreme,87245,1320,252,,
Nikocado Avocado,ALL-AMERICAN CHEESEBURGER & FRIES • Mukbang & Recipe,https://www.youtube.com/watch?v=TBjAdl9HKUo,2016-11-18,early,burger,extreme,126566,2267,406,,
Nikocado Avocado,CHICKEN KEBAB & GREASY STREET FOOD • Mukbang & Recipe,https://www.youtube.com/watch?v=lY4PCBZi1JE,2016-11-17,early,fried chicken,extreme,187669,2754,529,,
Nikocado Avocado,My First Time Eating Noodles • MUKBANG,https://www.youtube.com/watch?v=tW3XjaEjbA0,2016-11-15,early,ramen/noodles,large,144595,2185,499,000 calories,3000
Nikocado Avocado,FRIED TOFU & FRIED RICE • Mukbang & Recipe,https://www.youtube.com/watch?v=MTLzduAAvXA,2016-11-14,early,mixed/unknown,extreme,182323,3889,919,,
Nikocado Avocado,CHICKEN NUGGETS & CHEESE STICKS • Mukbang & Recipe,https://www.youtube.com/watch?v=kg6-MA2JNMI,2016-11-13,early,fried chicken,extreme,117204,1978,439,,
Nikocado Avocado,GIANT CHEESY STROMBOLI • Mukbang & Recipe,https://www.youtube.com/watch?v=qx1WuQg9zWI,2016-11-12,early,mixed/unknown,super extreme,130527,2184,496,,
Nikocado Avocado,Giant Cheesy Calzone • MUKBANG,https://www.youtube.com/watch?v=Qy1XY_33tEM,2016-11-11,early,mixed/unknown,super extreme,120243,1883,564,,
Nikocado Avocado,BBQ FRIED CHICKEN RAMEN NOODLES • Mukbang & Recipe,https://www.youtube.com/watch?v=A4TH9mU0R70,2016-11-10,early,ramen/noodles,extreme,240734,2739,694,,
Nikocado Avocado,Creamy Blood Pasta • MUKBANG,https://www.youtube.com/watch?v=68eNvixe5K0,2016-11-10,early,mixed/unknown,extreme,175571,2422,690,,
Nikocado Avocado,Stuffed Bell Pepper & Potato • MUKBANG,https://www.youtube.com/watch?v=pnDNHWAAi_w,2016-11-08,early,mixed/unknown,extreme,63430,1016,295,,
Nikocado Avocado,CHINESE LO MEIN NOODLE • Mukbang & Recipe,https://www.youtube.com/watch?v=Zu8hTxCC5j4,2016-11-07,early,ramen/noodles,extreme,153313,2014,449,,
Nikocado Avocado,HOT DOGS • Mukbang & Recipe,https://www.youtube.com/watch?v=bdBNVlHHBPI,2016-11-06,early,mixed/unknown,extreme,107567,1495,323,,
Nikocado Avocado,CHEESY PEPPERONI PIZZA • Mukbang & Recipe,https://www.youtube.com/watch?v=joSTYJ26EKs,2016-11-06,early,pizza,extreme,235422,3941,845,,
Nikocado Avocado,Subway • MUKBANG,https://www.youtube.com/watch?v=-JMq12jYK1U,2016-11-04,early,mixed/unknown,extreme,182423,2760,633,,
Nikocado Avocado,Chipotle • MUKBANG,https://www.youtube.com/watch?v=peVZSG3J0h8,2016-11-03,early,mixed/unknown,extreme,159407,2309,471,,
Nikocado Avocado,Papa John's Pizza • MUKBANG,https://www.youtube.com/watch?v=M5mKm4cwVRk,2016-11-02,early,pizza,extreme,127517,1802,415,,
Nikocado Avocado,Five Guys • MUKBANG,https://www.youtube.com/watch?v=7U88drUUmsA,2016-11-01,early,mixed/unknown,extreme,201389,2336,479,,
Nikocado Avocado,Wendy's • MUKBANG,https://www.youtube.com/watch?v=K1Bo4bdFKVQ,2016-10-29,early,mixed/unknown,extreme,101276,1521,324,,
Nikocado Avocado,Burger King • My First Time Eating Meat In 10 Years • MUKBANG,https://www.youtube.com/watch?v=wtXNdrwiuHE,2016-10-28,early,burger,extreme,309734,4156,752,,
Nikocado Avocado,Taco Bell • MUKBANG,https://www.youtube.com/watch?v=qIFNCx4w_Do,2016-10-27,early,taco/burrito,extreme,239554,3253,636,,
Nikocado Avocado,CREAMY ALFREDO PASTA • Mukbang & Recipe,https://www.youtube.com/watch?v=ed2TPDS7Utc,2016-10-26,early,mixed/unknown,extreme,493532,4813,1049,,
Nikocado Avocado,Cheese & Crackers • MUKBANG,https://www.youtube.com/watch?v=N75EpaHB4CM,2016-10-25,early,mixed/unknown,extreme,94206,1373,310,,
Nikocado Avocado,Halloween Candy • MUKBANG,https://www.youtube.com/watch?v=CK4jdhqrFwY,2016-10-24,early,mixed/unknown,extreme,150442,3014,548,,
Nikocado Avocado,4 Cheeseburgers • MUKBANG,https://www.youtube.com/watch?v=qlKYi-IqwBs,2016-10-23,early,burger,extreme,187892,2338,507,,
Nikocado Avocado,JAJANGMYEON BLACK BEAN NOODLE 짜장면 • Mukbang & Recipe,https://www.youtube.com/watch?v=0HOfmnFdq-Y,2016-10-22,early,ramen/noodles,extreme,227205,2715,484,,
Nikocado Avocado,American Hot Dog • MUKBANG,https://www.youtube.com/watch?v=OyQ3w--b8yo,2016-10-21,early,mixed/unknown,extreme,1002463,15803,2758,,
Nikocado Avocado,RAMEN NOODLE STIR FRY • Mukbang & Recipe,https://www.youtube.com/watch?v=t7O1XF8TzLc,2016-10-20,early,ramen/noodles,extreme,150542,2239,477,,
Nikocado Avocado,My First Mukbang With Orlin • MUKBANG,https://www.youtube.com/watch?v=VOmPDRMcEyU,2016-10-19,early,mixed/unknown,extreme,2083057,35918,6848,,
Nikocado Avocado,GRILLED CHEESE & TOMATO SOUP • Mukbang & Recipe,https://www.youtube.com/watch?v=KPbr23zzgpg,2016-10-18,early,mixed/unknown,extreme,273250,4737,985,,
Nikocado Avocado,"BACON, EGGS, & SAUSAGE • Mukbang & Recipe",https://www.youtube.com/watch?v=dPp-BU6pHUI,2016-10-17,early,mixed/unknown,extreme,419833,5653,1110,,
Nikocado Avocado,My First Mukbang,https://www.youtube.com/watch?v=kiluvEzffhA,2016-10-16,early,mixed/unknown,extreme,236617,2951,1213,,
Nikocado Avocado,Big Juicy Burrito • MUKBANG,https://www.youtube.com/watch?v=1Vllxh-TU1c,2016-10-16,early,taco/burrito,extreme,289230,2732,448,3 burritos & 2 falafel bowls,
Nikocado Avocado,50 Empanadas Challenge • MUKBANG,https://www.youtube.com/watch?v=vZ9sJVlO3Ik,2016-10-15,early,mixed/unknown,extreme,361241,4068,642,,
Nikocado Avocado,FRIED AVOCADO RAMEN NOODLE • Mukbang & Recipe,https://www.youtube.com/watch?v=nnrjqf8boWo,2016-10-12,early,ramen/noodles,extreme,188807,2717,590,,
Nikocado Avocado,Nikocado Avocado Before as a Vegan,https://www.youtube.com/watch?v=Pf4zngxieSk,2016-10-11,early,mixed/unknown,unknown,336310,4190,617,,
Nikocado Avocado,FRIED CHICKEN RAMEN NOODLE • Mukbang & Recipe,https://www.youtube.com/watch?v=zRvpFPo5jDY,2016-10-10,early,ramen/noodles,extreme,766595,7920,1574,,
Nikocado Avocado,Fried Mozzarella Cheese Stick • MUKBANG,https://www.youtube.com/watch?v=YDaXoI4GiAk,2016-10-09,early,mixed/unknown,extreme,572142,6783,1631,,
Nikocado Avocado,FLUFFY PEANUT BUTTER PANCAKE • Mukbang & Recipe,https://www.youtube.com/watch?v=RbXY3C7WKuM,2016-10-08,early,dessert/sweets,extreme,459879,6348,1438,,
Nikocado Avocado,My FIRST TIME COOKING ON CAMERA  • Mukbang & Recipe,https://www.youtube.com/watch?v=gKjEiga8z4o,2016-10-07,early,mixed/unknown,extreme,582400,7198,1502,,
Nikocado Avocado,My First Ramen Noodle • MUKBANG,https://www.youtube.com/watch?v=MHQneSmtKU4,2016-10-06,early,ramen/noodles,extreme,2267503,32436,5749,,
Nikocado Avocado,CHEESIEST MAC AND CHEESE • Mukbang & Recipe,https://www.youtube.com/watch?v=m6B_BqsS_cU,2016-10-05,early,mixed/unknown,extreme,5992352,77649,17283,,
